anno_idx,end,imdbid,start,text_gen,text_gt
0,242.112,tt0583459,240.25,"[""Phoebe holds Rachel's hand, looking at her."", 'Rachel kneels, holding a cup, as Phoebe gazes.', 'Phoebe Buffay stands in her wedding dress, holding Rachel.', 'Rachel looks up at Phoebe, cup in hand.', ""Phoebe Buffay stands, holding Rachel's hand, in a dress.""]",His umbrella springs open between them.
1,245.358,tt0583459,242.653,"['Rachel stands in a wedding dress, talking to Phoebe on the couch.', 'Phoebe sits on the couch, surrounded by Monica, Ross, and Joey.', 'Rachel wears a wedding dress, while Joey munches on food on the couch.', 'Monica stands behind Phoebe, as Rachel talks to her in a wedding dress.', 'Phoebe sits on the couch, with Ross and Monica nearby, while Rachel stands in a wedding dress.']","He awkwardly sits down, and Joey pats his shoulder."
2,247.08,tt0583459,245.979,"['Rachel sits down smiling.', 'Rachel puts hands on her lap.', 'Rachel smiles at Monica and Phoebe.', 'Rachel sits with her hands.', 'Rachel smiles and looks at them.']",Rachel sits next to him.
3,905.663,tt0583459,903.382,"['Monica holds a cup while chatting with friends.', 'Rachel and Joey join Monica, all holding cups.', 'Monica talks to friends, all holding cups nearby.', 'Monica, Rachel, and Joey gather, each with a cup.', 'Monica, surrounded by friends, holds a cup.']",Monica beams and sidles back inside.
4,907.465,tt0583459,906.184,"['Chandler irons while Monica talks.', 'Rachel chats on the phone nearby.', 'Joey sits watching Chandler iron.', 'Chandler talks to Monica standing.', 'Monica stands while Chandler irons.']",She shuts the door behind her.
5,1294.199,tt0583459,1292.779,"['Rachel gets up from the couch.', 'Ross remains seated on the couch.', 'Rachel walks towards the table.', 'Rachel leaves the couch behind.', 'Ross stays put on the couch.']",Rachel smiles and stands.
6,1299.126,tt0583459,1297.945,"['Ross holds a glass of water.', 'Rachel walks towards the kitchen.', 'Ross looks at Rachel.', 'Rachel gets up from the couch.', 'Ross sits on the couch holding water.']",She heads into her bedroom.
7,167.64,tt0583647,164.381,"['Ross walks towards a caveman statue and converses with it.', 'Ross talks to a woman in a red vest and a man in a blue shirt.', 'Ross approaches a caveman statue and engages in conversation.', 'Ross interacts with a woman in a red vest and a man in a blue shirt.', 'Ross walks towards a caveman statue, then talks to a woman and man.']",Marsha slumps off as Ross waves Carol into the exhibit.
8,170.96,tt0583647,168.16,"['Ross walks away after conversing with someone.', 'Ross talks to someone before walking away.', 'Ross engages in a conversation, then leaves.', 'Ross has a brief chat before departing.', 'Ross walks off after a short conversation.']","He tries to adjust the caveman, and the arm falls off."
9,174.06,tt0583647,171.68,"['Ross falls to the ground in front of a woman in blue.', 'Ross talks to a woman in a blue dress, then falls down.', 'Ross converses with a woman in a blue dress, then hits the ground.', 'Ross falls to the ground, near a woman in a blue dress.', 'Ross talks to a woman in blue, then collapses to the ground.']",He picks it up and uses it to wave at Carol.
10,175.899,tt0583647,174.66,"['Ross stands in the museum.', 'Ross talks to a woman.', 'Ross engages with a woman.', 'Woman and Ross converse.', 'Ross stands with a woman.']",She awkwardly waves back.
11,400.075,tt0583647,398.075,"['Monica holds a pizza box over her head.', 'Chandler looks at Monica and walks away.', 'Monica puts a pizza box on the table.', 'Monica walks towards the table where Chandler is.', 'Chandler looks at Monica and walks away from the table.']","She peers through the pan, then sets it down."
12,409.937,tt0583647,407.616,"['Monica holds a pizza box, Rachel stands beside her.', 'Chandler looks at the pizza box, Monica and Rachel walk away.', 'Monica and Rachel interact, Chandler gazes at the pizza box.', 'Rachel stands by Monica, who holds a pizza box.', 'Monica and Rachel walk off, leaving Chandler at the pizza box.']","Chandler, Joey, and Phoebe dig through the dish."
13,415.038,tt0583647,412.937,"['Monica opens the door and enters the room.', 'Ross stands in the doorway as Monica walks in.', 'Monica looks at Ross as she enters the room.', 'Monica enters the room, and Ross looks at her.', 'Ross stands in the doorway as Monica walks in.']",Monica opens up for a slumped Ross.
14,425.572,tt0583647,423.731,"['Joey wears a tie and talks to Phoebe.', 'Chandler and Monica chat, both wearing shirts.', 'Ross and Phoebe converse, both wearing shirts.', 'Monica and Ross discuss, both wearing shirts.', 'Phoebe and Joey chat, Joey wearing a tie.']",Phoebe holds up the sauce-covered ring.
15,543.309,tt0583647,541.487,"['Monica holds a knife and looks at Judy.', 'Judy claps her hands and holds a pillow.', 'Monica and Judy have a face-to-face conversation.', 'Monica and Judy engage in a calm interaction.', 'Judy claps her hands, while Monica holds a knife.']",Mrs. Geller fluffs a throw pillow.
16,553.852,tt0583647,551.91,"['Judy holds a glass, walking towards Monica.', 'Monica talks as Ross approaches her.', 'Ross walks towards Monica, glass nearby.', 'Judy talks, holding a glass, as Ross walks.', 'Ross walks towards Monica, Judy nearby with a glass.']",Monica rolls her eyes to Ross.
17,771.397,tt0583647,768.997,"['Ross sits next to Rachel on the couch.', 'Ross walks towards Rachel and sits down beside her.', 'Ross joins Rachel on the couch, sitting next to her.', 'Rachel sits on the couch as Ross sits down beside her.', 'Ross walks over and sits beside Rachel on the couch.']","She hands him the broom, then plops on the couch."
18,840.22,tt0583647,837.68,"[""Ross places his hand on Rachel's shoulder."", 'Rachel sits on the couch as Ross stands behind her.', 'Ross stands behind Rachel, hand on her shoulder.', ""Ross reaches out to touch Rachel's shoulder."", ""Ross places his hand on Rachel's shoulder, standing behind her.""]","He stands behind the couch, gazing down at her."
19,854.543,tt0583647,850.503,"[""Ross puts his hand on Rachel's shoulder, then walks away."", 'Rachel looks up at Ross as he touches her shoulder, then he departs.', ""Ross places his hand on Rachel's shoulder, and she glances up at him before he leaves."", ""Ross gently touches Rachel's shoulder, and she looks up at him before he walks away."", 'Rachel looks up at Ross as he puts his hand on her shoulder, then he walks off.']","She leans her head back on the couch, then gently rests it against his hand."
20,864.629,tt0583647,860.687,"['Ross stands up, looking at Rachel, who sits on the couch.', 'Ross adjusts his hand, gazing at Rachel on the couch.', 'Ross stands, focusing on Rachel as she sits on the couch.', 'Ross adjusts something, his eyes on Rachel, who sits on the couch.', 'Ross stands up, his attention fixed on Rachel, who sits on the couch.']","He awkwardly pulls over a stool without moving his hand, then sits."
21,869.412,tt0583647,865.97,"['Ross walks into the room and points at Rachel.', 'Rachel looks at Ross as he enters the room.', 'Ross enters the room and gestures towards Rachel.', 'Rachel is addressed by Ross, who points at her.', 'Ross walks in and points at Rachel, who looks at him.']","At a doctor's office, a plastic model shows a baby in a womb."
22,872.814,tt0583647,870.253,"['Rachel sits on a hospital bed as Ross enters the room.', 'Ross speaks to Rachel on a hospital bed.', 'Ross enters the hospital room where Rachel lies on a bed.', 'Rachel lies on a hospital bed as Ross approaches her.', 'Ross enters the room and stands beside Rachel on the bed.']",Carol sits on the exam table as Ross hurries in.
23,882.24,tt0583647,881.36,"['Ross looks at Susan.', 'Ross gazes at Susan.', 'Susan sits, Ross looks.', 'Ross focuses on Susan.', 'Ross eyes Susan intently.']",Susan steps in.
24,912.609,tt0583647,911.209,"['Ross talks to Susan and Carol.', 'Susan listens to Ross and Carol.', 'Ross stands with Susan and Carol.', 'Carol sits in a chair.', 'Ross is wearing a brown vest.']",Susan hands him a juice box.
25,915.31,tt0583647,914.289,"['Ross hands Susan a cup.', 'Susan hands Carol a cup.', 'Ross walks to Carol.', 'Carol drinks from a cup.', 'Susan and Ross approach Carol.']",He passes it to Carol.
26,919.174,tt0583647,917.333,"['Susan sits, Ross approaches the patient.', 'Ross walks to the patient, holding water.', 'Susan stands, arms crossed, as Ross talks.', 'Ross walks towards the patient, patient stands.', 'Susan sits, Ross approaches patient with water.']",She sips it as Susan takes a seat.
27,926.476,tt0583647,924.555,"[""Ross examines Susan's vagina with a speculum."", 'Susan sits on the examination table, looking at the speculum.', ""Ross takes the speculum and examines Susan's vagina."", 'Susan sits on the examination table, watched by Ross and Carol.', ""Ross picks up a speculum and examines Susan's vagina.""]",He picks up a speculum and smiles.
28,928.237,tt0583647,926.976,"['Ross holds water and pills.', 'Carol drinks water from a glass.', 'Ross looks at Carol drinking.', 'Ross holds pills and water.', 'Ross gazes at Carol sipping.']",He holds it up like a puppet.
29,940.422,tt0583647,939.421,"['Ross holds a speculum.', 'Carol stands up and walks out.', 'Ross holds a speculum, Carol leaves.', 'Carol walks out with a cup.', 'Ross holds a speculum, Carol exits.']",He tosses it down.
30,944.643,tt0583647,940.982,"[""Ross puts a speculum in the patient's vagina and walks away as Carol enters the room."", ""Carol enters the room as Ross looks at her, holding a speculum in the patient's vagina."", ""Ross walks away with a speculum in the patient's vagina as Carol enters the room."", ""Ross puts a speculum in the patient's vagina and looks at Carol as she enters the room."", 'Carol enters the room as Ross, holding a speculum, looks at her and walks away.']",Now Rachel eases into a dentist's office as he works on a kid's teeth.
31,1168.384,tt0583647,1165.405,"[""Ross holds a pink object, listening to Susan's gestures."", 'Susan stands beside Ross, speaking and gesturing with her hands.', 'Ross sits, holding a pink object, as Susan talks and gestures.', 'Susan talks and gestures to Ross, who holds a pink object.', 'Ross listens to Susan, holding a pink object, as she speaks.']",The kid throws up his arms at the OBGYN.
32,1264.411,tt0583647,1262.712,"['Ross enters, looks at the ultrasound screen.', 'Susan and Carol examine the ultrasound screen together.', 'Ross and Susan gaze at the ultrasound image.', 'Susan and Carol study the ultrasound screen.', 'Ross looks at the ultrasound screen with Susan.']",He takes Susan and Carol's hands.
33,1274.187,tt0583647,1270.449,"['Ross explains the ultrasound image to Susan and Carol as they gaze at the screen.', 'Susan and Carol attentively listen to Ross as he discusses the ultrasound results.', 'Ross points out details on the ultrasound screen to Susan and Carol.', 'The trio studies the ultrasound image together, with Ross guiding their understanding.', ""Susan, Carol, and Ross examine the baby's ultrasound image on the screen.""]","Executive producers Kevin S. Bright, Marta Kaufman, and David Crane."
34,1280.045,tt0583647,1277.446,"['Wendy and Andy gaze at the ultrasound image together.', 'Andy and Wendy examine the ultrasound image on the screen.', ""Wendy and Andy study the baby's ultrasound image."", 'Andy and Wendy look at the ultrasound image of the baby.', ""Wendy and Andy watch the baby's ultrasound image on the screen.""]","At Monica's, Ross plays the sonogram for the group."
35,1285.663,tt0583647,1283.763,"['Ross points at the ultrasound image on TV.', 'Joey and Chandler watch the TV with Ross.', 'Ross gestures at the ultrasound image on the screen.', 'Joey and Chandler observe the ultrasound with Ross.', 'Ross shows Joey and Chandler the TV image.']",Chandler and Joey squint at the screen.
36,77.092,tt0583653,74.531,"['Joey holds a cup and looks at Monica.', 'Ross holds a cup and looks at Joey.', 'Joey and Monica look at each other.', 'Ross holds a cup and Joey holds a cup.', 'The scene features Joey, Monica, and Ross holding cups.']",They stare at him sympathetically.
37,166.055,tt0583653,164.294,"['Chandler sits on the couch smoking a cigarette.', 'Joey and Chandler sit on the couch together.', 'Chandler looks at Joey while smoking a cigarette.', 'Chandler puffs on his cigarette on the couch.', 'Joey and Chandler lounge on the couch together.']",Joey grabs a cigarette and lighter.
38,168.075,tt0583653,166.555,"['Joey holds a paper, Chandler sits.', 'Joey talks to Chandler on the floor.', 'Joey sits with a paper, Chandler listens.', 'Chandler sits, Joey holds a piece of paper.', 'Joey and Chandler sit together, discussing.']",The lighter flips out of his hand.
39,171.597,tt0583653,168.596,"['Chandler puts a cigarette in his mouth, then takes it out again.', 'Joey stands up, then sits back down, as Chandler holds a cigarette.', 'Chandler puts a cigarette in his mouth, while Joey gets up and sits back down.', 'Chandler holds a cigarette, as Joey stands up and then sits back down.', 'Joey stands up, and Chandler puts a cigarette in his mouth, then takes it out again.']","He clambers after it, then manages to light his cigarette."
40,229.978,tt0583653,228.696,"['Chandler speaks to Joey.', 'Joey walks away from Chandler.', 'Chandler talks to Joey.', 'Joey leaves Chandler behind.', 'Chandler chats with Joey briefly.']",He sinks with pleasure.
41,233.18,tt0583653,230.838,"['Chandler gestures with his hands as Joey looks on.', 'Joey stands still as Chandler talks with animated hands.', ""Chandler's serious expression contrasts with Joey's surprised look."", ""Joey's eyes are fixed on Chandler's gesturing hands."", 'Chandler talks and gestures while Joey watches intently.']","At the coffee shop, Monica sits with the guys."
42,245.131,tt0583653,242.869,"['Ross looks at Chandler and Joey as they chat.', 'Joey talks to Ross and Chandler nearby.', 'Chandler and Joey engage in conversation with Ross.', 'Ross, Chandler, and Joey have a conversation.', 'The trio talks and laughs together.']","Joey, Ross, and Chandler study their hands."
43,257.914,tt0583653,256.813,"['Rachel carries food to the couch.', 'Chandler sits on the couch with Ross.', 'Rachel hands food to Monica.', 'Joey sits on the floor, surrounded.', 'Rachel stands, holding a tray.']",Rachel carries a tray.
44,262.496,tt0583653,260.775,"['Rachel stands, holding a cup of coffee.', 'Ross and Joey sit on the couch, holding coffee.', 'Monica and Chandler sit together on the couch.', 'Phoebe and Joey sit together on the couch.', 'The friends gather on the couch, holding coffee cups.']",They pass saucers and cups to each other.
45,278.382,tt0583653,276.201,"['Monica hands a plate to Chandler, then to Joey.', 'Rachel hands a plate to Monica as Ross walks in.', 'Chandler hands a plate to Joey as Monica receives from Rachel.', 'Monica and Rachel exchange plates, while Ross enters the scene.', 'Joey receives a plate from Chandler as Ross walks in.']","She leaves, and they all exchange their drinks."
46,626.302,tt0583653,624.801,"['Chandler speaks to Rachel and Ross.', 'Rachel and Ross listen to Chandler.', 'Chandler stands in the living room.', 'Rachel and Ross stand near the coffee table.', 'The group gathers in the living room.']",Chandler runs in slow motion.
47,643.48,tt0583653,640.438,"['Joey sits on the couch, while Monica stands nearby.', 'Rachel sits on the couch, as Phoebe stands up nearby.', 'Monica and Phoebe stand up, while Joey and Rachel sit on the couch.', 'Phoebe stands up, while Monica stands nearby, with Joey and Rachel on the couch.', 'Joey and Rachel sit on the couch, as Monica and Phoebe stand up.']",The others sit and gaze off with dreamy expressions.
48,646.301,tt0583653,644.2,"['Monica sits at the bar, looking at paper.', 'Monica examines a piece of paper at the counter.', 'Monica looks at a piece of paper on the counter.', 'Monica is studying a paper at the bar.', 'Monica sits at the counter, reading a paper.']",Monica looks around at them and tilts her head.
49,652.819,tt0583653,649.277,"['Monica points at the menu, and Rachel looks at it behind her.', 'Rachel stands behind Monica, who is examining the menu.', 'Monica and Rachel study the menu at the bar counter.', 'Monica gestures at the menu, and Rachel glances at it.', 'Rachel looks at the menu alongside Monica, who is pointing at it.']",Monica reads at the coffee shop as the others arrive in softball gear.
50,655.819,tt0583653,654.699,"['Monica talks to the counter staff.', 'Ross and Joey approach Monica.', 'Monica looks at the counter staff.', 'Ross and Joey walk towards Monica.', 'Monica, Ross, and Joey stand together.']",They slump inside.
51,766.967,tt0583653,765.046,"['Lizzy and Phoebe look at each other.', 'Chandler stares at the clock on the wall.', 'Lizzy and Phoebe glance at each other.', ""Chandler checks the clock's time."", ""The friends focus on each other's faces.""]",A view travels up a high rise building.
52,770.749,tt0583653,767.707,"['Lizzy and Phoebe chat while Chandler sits at his desk.', 'Phoebe talks to Lizzy as Chandler stares at a computer screen.', 'Chandler looks at a computer screen while Lizzy and Phoebe converse.', 'Lizzy and Phoebe chat in the office with a fountain nearby.', 'Chandler sits at his desk, focused on the computer screen, as Lizzy and Phoebe talk.']","At Chandler's office, he works on a computer in his cubicle."
53,776.011,tt0583653,771.589,"['Chandler pulls out a drawer from his desk and stands up.', 'Chandler stands up and opens a drawer at his desk.', 'Chandler Bing stands up and pulls out a drawer from his desk.', 'Chandler Bing gets up and opens a drawer at his desk.', 'Chandler Bing stands up, then pulls out a drawer from his desk.']","He peers around to make sure no one's watching, then takes a cigarette from his desk drawer."
54,783.779,tt0583653,780.038,"['Chandler Bing pulls out a drawer from his desk.', 'Chandler Bing stands up and pulls out a drawer from his desk.', 'Chandler Bing stands up and opens a drawer from his desk.', 'Chandler Bing stands up, pulls out a drawer from his desk.', 'Chandler Bing stands up and pulls out a drawer from his desk, then looks at the computer screen.']","He takes a drag, then shuts the smoking cigarette back in the drawer."
55,787.16,tt0583653,784.599,"['Chandler opens a drawer and looks around.', 'Chandler sits at his desk, opening a drawer.', 'Chandler looks around his cluttered desk.', 'He opens a drawer and surveys the space.', 'Chandler opens the drawer, scanning the contents.']","From another drawer, he pulls out a handheld fan."
56,792.261,tt0583653,788.079,"['Chandler takes a drink from the bottle and puts it back in the drawer.', 'Chandler opens a drawer, takes out a bottle of water, and drinks from it.', 'Chandler opens a drawer, pulls out a bottle of water, and puts it back in.', 'Chandler takes out a bottle of water from the drawer and drinks from it.', 'Chandler retrieves a bottle of water from the drawer and returns it to its original place.']","He blows it while spraying air freshener, then replaces the fan and shuts the drawer."
57,795.301,tt0583653,792.941,"['Chandler takes a drink of water from the drawer.', 'Chandler opens and closes the drawer with the water bottle.', 'Chandler pulls out and puts back a bottle of water.', 'Chandler takes out and drinks from a bottle of water.', 'Chandler takes a drink of water and puts it back in the drawer.']","He uses breath spray, then returns to his work."
58,803.823,tt0583653,801.182,"['Chandler types on the computer and smokes a cigarette.', 'Chandler sits at his desk, typing and smoking.', 'Chandler looks at the computer screen as he types.', 'Chandler types on the keyboard and takes a drag on his cigarette.', 'Chandler sits at his desk, typing and staring at the screen.']","He glances at the desk drawer, then sneaks another puff."
59,812.545,tt0583653,807.621,"['Chandler picks up a lighter and a match, then puts the lighter down and picks up a phone.', 'Chandler lights a cigarette and looks at the phone.', 'Chandler lights a cigarette, puts the lighter down, and picks up the phone.', 'Chandler lights a cigarette and then holds the phone.', 'Chandler lights a cigarette, puts the lighter down, and examines the phone.']","He shuts the cigarette back in the drawer, gets the fan, and sprays the breath freshener into the air."
60,834.534,tt0583653,833.253,"['Phoebe looks at Lizzy.', 'Phoebe holds a pink cup.', 'Phoebe drinks from the cup.', 'Phoebe looks at Lizzy then drinks.', 'Phoebe drinks from a pink cup.']",Lizzie rolls her cart away.
61,840.353,tt0583653,839.252,"['Phoebe drinks from a cup.', 'Phoebe looks and holds a cup.', 'Phoebe sips from a pink cup.', 'Phoebe holds a pink cup.', 'Phoebe takes a sip from a cup.']",Later at the coffee shop.
62,861.517,tt0583653,860.275,"['Phoebe walks towards the table.', 'Chandler and Ross look at Phoebe.', 'Phoebe holds a pink can.', 'Phoebe approaches the table.', 'Chandler and Ross gaze at Phoebe.']",Chandler lights a cigarette.
63,891.34,tt0583653,890.218,"['Chandler gestures to Joey.', 'Ross listens to Chandler.', 'Joey nods at Chandler.', 'Chandler talks to Joey.', 'Chandler speaks to Ross.']",They sit and reflect.
64,914.681,tt0583653,912.839,"['Monica holds a cup, looking at Phoebe.', 'Phoebe listens to Monica, gazing at her.', 'Monica talks, holding a cup, and looks at Phoebe.', 'Phoebe focuses on Monica, who holds a cup.', 'Monica holds a cup, speaking to Phoebe.']",Phoebe releases a mouthful of hair.
65,954.549,tt0583653,951.727,"['Chandler stands up, joining the group at the counter.', 'Rachel sits at the table, participating in the conversation.', 'Joey joins the group, standing at the counter.', 'Phoebe stands at the counter, engaging with the others.', 'Monica and Paula stand together, discussing something with the group.']",Chandler smiles to himself and walks away smoking.
66,961.035,tt0583653,959.374,"['Joey sits on the couch.', 'Phoebe stands near the counter.', 'Monica talks to Paula.', 'Chandler sits with Monica.', 'Joey and Phoebe chat on the couch.']",In the kitchen at Monica's restaurant.
67,1031.842,tt0583653,1030.341,"['Chandler sits on the couch talking on the phone.', 'Chandler looks at the camera on the phone.', 'Chandler holds the phone in his hand.', 'Chandler sits on the couch holding the phone.', 'Chandler sits on the couch talking on the phone.']",She hands him a cordless phone.
68,1060.774,tt0583653,1058.552,"['Chandler hands a note to Rachel.', 'Rachel holds a note and talks.', 'Chandler passes a note to her.', 'He hands her a note.', 'Rachel receives a note from him.']",He smiles and hands the phone back to Rachel.
69,1062.996,tt0583653,1061.174,"['Rachel holds the phone, looking at Chandler.', 'Chandler sits, listening to Rachel on the phone.', 'Rachel talks on the phone, gazing at Chandler.', 'Chandler watches Rachel on the phone.', 'Rachel holds the phone, focused on Chandler.']",He puts the cigarette out on the counter.
70,1073.266,tt0583653,1070.043,"['Rachel puts down the phone, and Ross looks at her.', 'Ross turns to look at Rachel as she hangs up the phone.', 'Rachel ends her call, and Ross glances at the TV.', ""Ross's eyes shift from the TV to Rachel as she finishes her call."", ""Rachel hangs up the phone, and Ross's gaze follows her attention.""]",If only he were a woman.
71,1076.582,tt0583653,1074.94,"['Rachel holds a remote control, talking to Ross.', 'Ross looks at Rachel as she talks.', 'Ross listens to Rachel, gazing at her.', 'Rachel talks to Ross, holding a remote control.', 'Ross focuses on Rachel as she speaks.']","They look at each other, confused."
72,1274.957,tt0583653,1272.315,"['Monica looks at the man on the couch wearing a black top.', ""Monica's eyes are on the man on the couch."", 'Monica glances at the man on the couch.', ""Monica's attention is on the man on the couch."", 'Monica focuses on the man on the couch in a black top.']","Later, Monica and Dallin sit together on a couch."
73,1296.093,tt0583653,1292.47,"['Monica eats ice cream with relish.', 'Monica savors each bite of her ice cream.', 'Monica indulges in a sweet treat, ice cream.', 'Monica takes a lick of her ice cream.', 'Monica enjoys a cool, creamy ice cream.']","Executive Producers Kevin S. Bright, Marta Kaufman, and David Crane."
74,226.717,tt0583521,225.256,"['Joey holds a piece of paper.', 'Joey sits on the couch.', 'Chandler and Ross chat nearby.', 'Joey holds a paper in hand.', 'Joey talks on the couch.']",Chandler and Joey go after him.
75,267.987,tt0583521,266.166,"['Monica holds a yellow cup, talking to Chandler.', 'Chandler looks at Monica, holding a conversation.', 'Ross stands, watching Monica and Chandler.', 'Monica and Chandler engage in a discussion.', ""Ross observes Monica and Chandler's interaction.""]",Rachel sits down to open the envelope.
76,305.95,tt0583521,302.569,"['Joey and Chandler push the couch, while Phoebe and Monica sit on it.', 'Rachel talks to Monica as they sit on the couch.', 'Joey and Chandler push the couch, while Phoebe and Monica sit on it.', 'Monica and Rachel sit on the couch, while Joey and Chandler push it.', 'Phoebe and Monica sit on the couch, as Joey and Chandler push it.']",Rachel sulks off as they all dig out their wallets and pool their cash.
77,323.411,tt0583521,321.57,"['Ross, Joey, and Chandler converse together.', 'Joey talks to Ross and Chandler simultaneously.', 'Chandler chats with Ross and Joey nearby.', 'Ross, Joey, and Chandler engage in a group discussion.', 'The trio shares a conversation in a relaxed setting.']",The pregnant woman looks behind the counter.
78,381.315,tt0583521,380.435,"['Rachel speaks to Monica and Phoebe.', 'Monica and Phoebe look at Rachel.', 'Rachel talks to friends.', 'Monica and Phoebe gaze.', 'Rachel shares with friends.']",Rachel glares.
79,383.957,tt0583521,381.776,"['Phoebe holds a paper and looks at Monica.', 'Monica stands next to Phoebe, who holds a paper.', 'Phoebe looks at Monica, who stands beside her.', ""Phoebe holds a paper, gazing at Monica's face."", 'Phoebe examines a paper, with Monica nearby.']",Chandler and Joey kick a can down the sidewalk.
80,391.113,tt0583521,389.793,"['Chandler and Joey walk, gaze at window.', 'Joey and Chandler look at each other, window.', 'Chandler and Joey examine street, window.', 'Joey and Chandler walk, window catches eye.', 'Chandler and Joey stroll, window display.']",Ross ignores them and sulks.
81,410.356,tt0583521,409.376,"['Chandler looks at Ross.', 'Ross stands with hands in pockets.', 'Chandler looks at Ross.', 'Chandler and Ross gaze down.', 'Ross stands, hands in pockets.']",They continue on.
82,414.416,tt0583521,413.796,"['Ross and Joey walk.', 'They gaze at something.', 'Ross wears a Rangers jersey.', 'Joey and Ross look ahead.', 'They walk together slowly.']",Ross stops.
83,504.05,tt0583521,502.99,"['Rachel sits and gazes.', 'Rachel sits, looking ahead.', 'Rachel sits, focused.', 'Rachel sits, looking straight.', 'Rachel sits, staring.']",Rachel hangs her head.
84,512.192,tt0583521,510.051,"['Rachel stands outside a building at night.', 'Monica holds a glass of water in the kitchen.', 'Rachel stands next to Monica in the kitchen.', 'Rachel looks at a building at night.', 'Rachel and Monica are together in the kitchen.']",Rachel slumps in and sets down her purse.
85,528.588,tt0583521,526.927,"['Rachel hands Monica a glass of juice.', 'Monica drinks the juice handed by Rachel.', 'Monica takes a sip from the glass given by Rachel.', 'Rachel gives Monica a glass of juice to drink.', 'Monica sips the juice Rachel offers her.']",Rachel drinks straight from the blender.
86,607.695,tt0583521,605.214,"['Rachel puts down her phone.', 'Rachel hangs up the phone.', 'Rachel ends her phone call.', 'Rachel sets the phone down.', 'Rachel hangs up the phone call.']",A lit-up sign reads Madison Square Garden.
87,611.356,tt0583521,608.255,"['Rachel Green dances in front of a TV, then stops.', 'Rachel Green stops dancing in front of a TV.', 'Rachel Green pauses in front of a TV.', 'Rachel Green stops moving in front of a TV.', 'Rachel Green freezes in front of a TV.']","Ross, Chandler, and Joey find their seats in the crowded bleachers."
88,797.787,tt0583521,796.046,"['Chandler stands next to Nurse Sizemore.', 'Joey stands beside Chandler and Nurse Sizemore.', 'Nurse Sizemore talks to Joey and Chandler.', ""Chandler and Joey stand near Nurse Sizemore's phone."", 'Joey and Chandler stand next to Nurse Sizemore.']",She shoots them a withering glare.
89,821.856,tt0583521,819.255,"['Ross and friends gather at the reception desk, eating soup.', 'Monica and Rachel enjoy their soup, while Ross and friends chat.', 'Ross talks to the receptionist as Joey and Chandler wait nearby, eating soup.', 'Joey, Chandler, and Ross chat with the receptionist, while Monica and Rachel eat soup.', 'The friends, including Ross, Monica, Rachel, Joey, and Chandler, sit eating soup at the reception desk.']",She glares at Ross and all three of them back away.
90,828.399,tt0583521,826.618,"['Monica eats noodles with chopsticks.', 'Rachel and Monica share a noodle meal.', 'Monica talks to Rachel while eating noodles.', 'Monica and Rachel enjoy a noodle snack.', 'Monica and Rachel eat noodles together.']",Monica eats cookie dough off a spoon.
91,830.319,tt0583521,828.979,"['Monica eats noodles with chopsticks.', 'Rachel eats noodles with a spoon.', 'Monica talks to Rachel.', 'Monica uses chopsticks to eat.', 'Rachel eats noodles slowly.']",Rachel pouts with her drink.
92,908.996,tt0583521,907.715,"['Rachel and Phoebe walk away with pizza.', 'Phoebe and Rachel exchange a glance.', 'Rachel and Phoebe hand pizza to him.', 'Phoebe and Rachel give pizza away.', 'Rachel and Phoebe walk off with pizzas.']",Monica runs to the window.
93,911.378,tt0583521,909.276,"['Rachel hands Phoebe a pizza, then walks away.', 'Phoebe takes the pizza and turns around.', 'Rachel hands Phoebe a pizza, Phoebe turns around.', 'Phoebe receives a pizza from Rachel and turns.', 'Rachel walks away after handing Phoebe a pizza.']","Rachel pays for the pizza, and Phoebe opens it."
94,921.807,tt0583521,920.546,"['Phoebe holds a pizza box.', 'Rachel nods at the pizza.', 'Phoebe talks to Rachel.', 'Rachel looks at the pizza box.', 'Phoebe shows Rachel a pizza.']",Monica peers out the window.
95,960.87,tt0583521,956.787,"['Monica and Rachel walk away, leaving Phoebe standing alone with binoculars.', 'Monica and Rachel look through binoculars, then Phoebe is left alone, holding them.', 'Phoebe is left standing alone, holding binoculars after Monica and Rachel walk away.', 'Monica and Rachel walk away, leaving Phoebe behind with binoculars in hand.', 'Monica and Rachel look through binoculars, then Phoebe is left holding them alone.']","Phoebe covers her mouth, puts down the binoculars, and runs back to the couches."
96,969.476,tt0583521,966.834,"['Ross sits in a wheelchair, looking at Joey in a chair next to him.', 'Joey sits in a chair, engaged in conversation with Ross in a wheelchair.', 'Ross and Joey sit together, discussing something in their conversation.', 'Ross is in a wheelchair, conversing with Joey in a nearby chair.', 'Joey and Ross sit in chairs, having a conversation while a person walks by in the background.']",He notices Ross glaring and sends the puck his way.
97,970.817,tt0583521,969.956,"['Ross sits in a wheelchair.,.', 'Joey chats with Ross.,.', 'Ross and Joey converse.,.', 'Joey sits next to Ross.,.', 'Ross is in a chair.']",Chandler stands.
98,1114.973,tt0583521,1114.052,"['Ross holds a pen.', 'Ross talks to Chandler.', 'Ross sits with Chandler.', 'Chandler listens to Ross.', 'Ross sits and talks.']",Back on the balcony.
99,1150.08,tt0583521,1148.277,"['Phoebe, Monica, and Rachel sit together.', 'Phoebe looks at Monica and Rachel, holding wine.', 'The friends sit on steps, sharing wine.', 'Monica, Phoebe, and Rachel sit together, sipping wine.', 'The trio shares wine on the steps.']",Rachel's pillow falls off the balcony.
100,1219.23,tt0583521,1215.987,"['Joey and Chandler talk to the nurse, while Ross looks on.', 'Ross stands beside Joey and Chandler as they converse with the nurse.', 'Joey and Chandler chat with the nurse, Ross observing nearby.', 'The nurse is approached by Joey and Chandler, with Ross present.', 'Ross watches as Joey and Chandler discuss something with the nurse.']","Ross, with a splinted nose, hands in his paperwork to the nurse."
101,1252.922,tt0583521,1251.061,"['Chandler stands with hands on hips, looking at Ross.', 'Ross talks to Chandler, who listens intently.', 'Chandler and Ross stand together, focused on each other.', 'Ross speaks to Chandler, who remains still.', 'Chandler and Ross stand side by side, engaged in conversation.']","Ross looks to Chandler, who shrugs."
102,1276.437,tt0583521,1273.456,"['Chandler and Joey walk into a hospital, looking at a patient.', ""Chandler talks to a nurse while Joey looks at a patient's chart."", ""Joey and Chandler examine a patient's condition before leaving the hospital."", 'Chandler and Joey rush out of the hospital after checking on a patient.', 'The duo enters and exits the hospital, briefly checking on a patient.']",The puck flies out of Ross' hand and knocks out the nurse.
103,217.463,tt0583599,215.323,"['Phoebe talks to Joey, who nods.', ""Joey listens to Phoebe's words."", 'Phoebe looks at Joey, holding a cup.', 'Phoebe speaks, and Joey gives his attention.', 'Joey holds a green cup, listening to Phoebe.']",A blonde in a tight dress struts past.
104,236.401,tt0583599,233.6,"[""Joey stands up and walks towards Rachel, who's looking at him."", 'Rachel looks at Joey as he gets up and approaches her.', ""Joey walks towards Rachel, who's standing near the couch."", ""Joey gets up and heads towards Rachel, who's standing nearby."", 'Rachel watches as Joey stands up and moves towards her.']",He settles back on the couch and props his foot on his knee.
105,245.865,tt0583599,243.184,"['Joey walks towards Rachel, talking to her.', 'Rachel looks surprised as Joey approaches her.', 'Joey gets up and walks to Rachel, initiating a conversation.', ""Rachel's expression changes as Joey walks over to her."", 'Joey steps towards Rachel, engaging in a conversation with her.']",Rachel gets back to work as Joey heads over to Angela.
106,259.071,tt0583599,255.91,"['Joey stands behind the woman, gesturing with his hands.', 'The woman sits at a table as Joey talks and gestures to her.', 'Joey leans in, his hands moving as he converses with the woman.', ""Joey's hands move animatedly as he talks to the woman at the table."", ""Joey's hands gesticulate as he chats with the woman seated at the table.""]",She turns away to sip her drink as Joey smiles and nods.
107,264.323,tt0583599,262.582,"['Joey leans on the table beside her.', 'He smiles back at the woman.', ""She smiles at Joey's standing figure."", ""Joey looks at the woman's drink."", ""The woman's dress catches his eye.""]",Rachel wipes down tables.
108,346.423,tt0583599,343.802,"['Joey leans over the bar, talking to a woman.', 'Joey chats with a woman at the bar, sipping a drink.', 'Joey converses with a woman, straw in hand.', 'Joey talks to a woman at the bar, near a basket.', 'Joey engages with a woman, holding a drink with a straw.']","Angela gives him a smile, but it abruptly fades."
109,366.895,tt0583599,365.514,"['Joey speaks to the woman in red.', 'The woman in red walks away.', 'Joey talks to the woman standing before him.', 'The woman in red leaves with her handbag.', 'Joey converses with the woman in red dress.']",He glances around the cafe.
110,523.589,tt0583599,519.127,"['Monica waves at Joey, who looks at her, while Chandler watches.', 'Joey gazes at Monica as she waves, with Chandler observing the scene.', ""Monica waves at someone, with Joey's attention fixed on her, and Chandler's eyes on her too."", 'Chandler and Joey focus on Monica as she waves, her hand moving up and down.', ""Monica's waving hand catches Joey's attention, while Chandler's gaze is on her as well.""]","At Central Park, Chandler nervously peers outside, then paces over to Phoebe."
111,538.293,tt0583599,536.752,"['Phoebe and Chandler look at each other.', 'Phoebe and Chandler gaze at each other.', 'Chandler and Phoebe face each other.', 'Phoebe and Chandler exchange glances.', 'Chandler and Phoebe stare at each other.']",Chandler spots Janice entering.
112,542.847,tt0583599,541.947,"['Phoebe walks away.', 'Phoebe turns and leaves.', 'Phoebe walks off.', 'Phoebe turns around.', 'Phoebe walks away alone.']",Phoebe steps away.
113,574.964,tt0583599,573.363,"['Chandler sits with a woman holding an envelope.', 'Chandler looks at the woman with an envelope.', 'Chandler talks to a woman holding an envelope.', 'The woman holds a white envelope for Chandler.', 'Chandler converses with a woman holding a white envelope.']",They hug and go their separate ways.
114,603.278,tt0583599,599.996,"[""Janice wipes Chandler's mouth with a napkin, then he does the same."", 'Chandler repeatedly wipes his mouth with a napkin, with Janice watching.', 'Janice and Chandler engage in a series of mouth-wiping actions.', 'Chandler wipes his mouth multiple times, with Janice observing each time.', 'Janice and Chandler share a moment of mutual mouth-wiping.']","Their drinks arrive, and Chandler downs his espresso in one gulp."
115,663.266,tt0583599,661.784,"['Rachel talks to the man in yellow.', 'Rachel chats with the man in yellow.', 'Rachel converses with the yellow-shirted man.', 'Rachel and the yellow-shirted man converse.', 'Rachel discusses with the man in yellow.']","Rachel leans back, blinking."
116,670.533,tt0583599,669.532,"['Rachel talks to Janice nearby.', ""Ross joins Rachel's conversation."", 'Ross talks to Rachel and Janice.', 'Ross and Janice discuss something.', 'Rachel, Ross, and Janice chat.']",She waves bye-bye.
117,671.435,tt0583599,670.794,"['Rachel puts basket down.', 'Ross looks at Rachel.', 'Janice talks to Ross.', 'Rachel looks at Ross.', 'Ross looks at Rachel.']",Ross shows up.
118,699.581,tt0583599,696.739,"['Ross talks to Rachel in front of a washing machine.', 'Rachel stands in front of a washing machine as Ross chats.', 'Ross and Rachel converse near a washing machine with others nearby.', 'Rachel and Ross discuss something by a washing machine.', 'Ross and Rachel stand together near a washing machine.']",He blocks the coin slot and points accusingly at her.
119,701.402,tt0583599,700.141,"['Ross stands near Rachel at the washing machine.', 'Rachel stands in front of a washing machine.', 'Ross talks to Rachel near the washing machine.', 'A woman walks by the washing machine.', 'Rachel stands with Ross by the washing machine.']",They stare each other down.
120,705.444,tt0583599,702.042,"['Ross points at the washing machine as Rachel looks at him.', 'Rachel puts clothes in the washing machine while Ross observes.', 'Ross gestures at the washing machine as Rachel continues loading it.', 'Rachel loads the washing machine as Ross watches her.', 'Ross points at the washing machine as Rachel puts clothes inside.']",Then the lady sneers and starts removing her clothes from the machine.
121,736.458,tt0583599,733.676,"['Ross holds a box of detergent as Rachel puts clothes in the washing machine.', 'Rachel puts clothes in the washing machine as Ross holds detergent nearby.', 'Ross holds a box of detergent while Rachel loads the washing machine.', 'Rachel loads the washing machine as Ross stands beside her with detergent.', 'Ross holds a box of detergent, watching Rachel put clothes in the washing machine.']","He drops a big carton, then picks it up off the floor."
122,745.214,tt0583599,743.592,"['Ross holds a beer box near Rachel.', 'Rachel puts clothes in the washing machine.', 'Ross talks to Rachel by the machine.', 'Rachel loads laundry while Ross holds beer.', 'Ross stands near Rachel at the washer.']",He watches her mix lights and darks.
123,814.28,tt0583599,811.538,"['Ross puts clothes in the washing machine as Rachel talks to him.', 'Rachel talks to Ross while he loads the washing machine.', 'Ross looks at Rachel as she chats with him by the washing machine.', 'Ross loads the washing machine as Rachel converses beside him.', 'Rachel chats with Ross as he puts clothes in the washing machine.']","Joey, Monica, Bob, and Angela laugh over drinks."
124,819.683,tt0583599,817.922,"['Monica and Rachel sit together, laughing.', 'Monica and Rachel chat, sipping wine glasses.', 'Monica and Rachel share a laugh, wine nearby.', 'Rachel and Monica sit, laughing and looking at each other.', 'Monica and Rachel enjoy wine, chatting together.']",Monica pats Joey's leg approvingly.
125,915.946,tt0583599,914.425,"['Monica speaks directly to the audience.', 'Monica addresses the viewer directly.', 'Monica shares her thoughts with the audience.', 'Monica talks to the viewer.', 'Monica shares her thoughts aloud.']",Angela forces a smile.
126,918.907,tt0583599,916.706,"['Monica stands and talks to the camera.', 'Monica speaks directly to the audience.', 'Monica addresses the viewer.', 'Monica has a conversation with the audience.', 'Monica shares her thoughts with the viewer.']","At Central Perk, Chandler stands by Phoebe."
127,939.778,tt0583599,938.398,"['Chandler sits with Janice on the couch.', 'Janice smiles at Chandler on the couch.', 'Chandler chats with Janice on the couch.', 'Janice looks at Chandler on the couch.', 'Chandler and Janice sit together on the couch.']",He clenches his fists.
128,949.446,tt0583599,947.306,"['Janice gestures with her hands as she talks to Chandler.', 'Chandler nods as Janice speaks, looking at her.', ""Janice's hands move as she speaks to Chandler."", ""Chandler listens intently to Janice's words."", 'Janice and Chandler engage in a conversation.']","Her jaw drops, and she turns away from him."
129,954.609,tt0583599,951.847,"['Chandler gestures with his hands as he speaks to Janice.', 'Janice listens intently as Chandler talks with his hands.', ""Chandler's hands move animatedly as he converses with Janice."", ""Janice responds to Chandler's animated hand gestures."", ""Chandler's hands dance as he speaks to Janice, who listens attentively.""]","Gaping, she holds up a finger and sits back in her seat."
130,957.67,tt0583599,956.61,"['Janice points at Chandler.', 'Chandler points at himself.', 'Janice points at Chandler.', 'Chandler points at himself.', 'They point at each other.']",She takes a deep breath.
131,1139.153,tt0583599,1137.612,"['Monica and Joey look at each other.', 'Monica and Joey face each other.', 'Joey and Monica gaze at each other.', 'Monica and Joey share a glance.', 'They lock eyes with each other.']",He gives her an encouraging nod.
132,1140.253,tt0583599,1139.533,"['Monica looks at Joey.', 'Joey gazes at Monica.', 'Monica and Joey face each other.', 'They make eye contact.', 'Monica and Joey stare at each other.']",Back at the table.
133,1149.875,tt0583599,1147.694,"['Monica eats pizza while Joey watches her.', 'Joey stares at Monica eating pizza.', 'Monica looks at Joey as she eats pizza.', 'Monica takes a bite of pizza, Joey observing.', 'Joey watches Monica take a bite of pizza.']",She dabs wine from Bob's collar and neck.
134,1152.336,tt0583599,1150.515,"['Monica eats bread while Joey watches her.', 'Joey looks at Monica eating bread.', 'Monica looks at Joey while eating bread.', 'Joey stares at Monica eating bread.', 'Monica eats bread as Joey observes her.']",Angela and Joey make eyes at each other.
135,1158.578,tt0583599,1156.298,"['Janice eats a piece of bread while looking at Joey.', 'Janice holds a piece of bread as she gazes at Joey.', 'Janice takes a bite of bread while gazing at Joey.', 'Janice eats bread as she looks at Joey Tribbiani.', 'Janice munches on bread while staring at Joey.']",Angela smiles as she daintily nibbles one.
136,1162.66,tt0583599,1159.039,"['Joey Tribbiani eats a piece of food while Janice laughs nearby.,.', 'Janice laughs as Chandler Bing talks to her while Joey Tribbiani eats.,.', 'Joey Tribbiani eats a piece of food as Chandler Bing converses with Janice.,.', 'Chandler Bing talks to Janice as Joey Tribbiani enjoys his snack.,.', 'Janice laughs and Chandler Bing talks as Joey Tribbiani munches on food.']","At Central Perk, Chandler drums a table covered in empty espresso cups."
137,1180.866,tt0583599,1178.764,"['Janice slaps Chandler, who gets up and runs away.', 'Janice slaps Chandler, who quickly gets up and flees.', 'Janice hits Chandler, who springs up and runs off.', 'Chandler is slapped by Janice, then takes off running.', 'Janice strikes Chandler, who swiftly rises and exits.']","She leaves, and Chandler leaps over the couch."
138,1191.155,tt0583599,1189.734,"['Phoebe drinks from a shot glass.', 'Chandler spits out the drink.', 'Phoebe looks at Chandler.', 'Chandler drinks from a shot glass.', 'Phoebe and Chandler share a shot.']",He steals Phoebe's espresso.
139,1214.319,tt0583599,1210.836,"['Chandler gestures to Phoebe with his hands as they converse.', 'Phoebe looks concerned as Chandler talks to her in the crowded room.', 'Chandler and Phoebe stand together, engaged in a conversation.', ""Chandler's hands move as he speaks to Phoebe in the background noise."", 'Phoebe watches Chandler as he talks to her in the midst of the crowd.']",Chandler anxiously runs his hands through his hair as Janice approaches.
140,1216.06,tt0583599,1215.019,"['Chandler looks at Phoebe.', 'Chandler watches Phoebe and Janice.', 'Phoebe and Janice chat with Chandler.', 'Chandler observes Phoebe and Janice.', 'Chandler focuses on Phoebe and Janice.']",Phoebe intercepts her.
141,1218.622,tt0583599,1216.78,"['Chandler points and walks with Phoebe.', 'Phoebe and Chandler hug each other.', 'Chandler and Phoebe walk together.', 'Phoebe and Chandler exchange gestures.', 'Chandler and Phoebe hug and walk.']","They talk briefly, then share a hug."
142,1225.368,tt0583599,1219.562,"['Phoebe and Janice hug, while Chandler watches them.', 'Chandler watches as Phoebe and Janice share a warm hug.', 'Phoebe and Janice hug, with Chandler observing the tender moment.', 'Chandler observes Phoebe and Janice embracing, a heartwarming scene.', 'Phoebe and Janice share a hug, with Chandler present to witness the affection.']",Janice warmly smiles across the cafe at Chandler and places a hand over her heart before heading out the door.
143,1226.789,tt0583599,1225.989,"['Phoebe looks at Janice.', 'Chandler watches Phoebe and Janice.', 'Phoebe and Janice glance at each other.', 'Chandler observes Phoebe and Janice.', 'Phoebe and Janice chat.']",Chandler gapes.
144,1282.462,tt0583599,1280.541,"['Rachel gets up and sits in the laundry cart.', 'Ross pushes Rachel into the laundry cart.', 'Ross pushes Rachel into the laundry cart again.', 'Ross pushes Rachel, then she gets up and sits.', 'Ross pushes Rachel into the laundry cart twice.']",She climbs into the cart and sits down.
145,1287.685,tt0583599,1286.584,"['Ross pushes Rachel in a cart.', 'Ross stops to talk to Rachel.', 'Ross looks at Rachel.', 'Rachel is pushed in a cart.', ""Ross halts the cart's movement.""]",She pushes the cart to him.
146,101.002,tt0583585,99.462,"['Chandler and friends bow to the audience.', 'The performers stand up and bow together.', 'Rachel and Monica take a bow together.', 'The group stands and bows to applause.', 'Friends stand up and bow as one.']","On stage, the actors bow."
147,106.824,tt0583585,104.704,"['Chandler and Rachel clap and celebrate together.', 'Monica and Phoebe join in the clapping celebration.', 'The friends clasp hands and applaud enthusiastically.', 'Rachel and Monica high-five each other in excitement.', 'The group raises their hands in joyful applause.']","As they walk off stage, the friends slump."
148,109.385,tt0583585,108.925,"['Chandler talks to Ross.', 'Joey joins the group.', 'Rachel sits down.', 'Monica and Phoebe walk.', 'Friends walk and chat.']",They sit.
149,124.472,tt0583585,123.352,"['Chandler and Ross look at each other.', 'Monica watches Chandler and Ross.', 'Chandler and Ross converse.', 'Ross and Chandler engage in dialogue.', 'They sit and chat together.']",A woman applies makeup.
150,267.782,tt0583585,263.1,"['Ross reads a book, while Joey stands up and looks at him, Monica sits nearby.', ""Joey stands up from the couch, catching Ross' attention as Monica watches."", 'Ross reads a book on the couch, with Joey standing nearby and Monica observing.', 'Monica sits on the couch, while Ross reads a book and Joey stands nearby, looking at him.', ""Joey gets up from the couch, drawing Ross' gaze as Monica sits quietly nearby, book in hand.""]",Phoebe reads Monica's palm as they hang out around the coffee shop couch with Ross and Joey.
151,269.042,tt0583585,268.142,"['Ross puts down the book.', 'Ross looks at Chandler.', 'Chandler walks away.', 'Ross reads a book.', 'Ross looks at him.']",Chandler walks in.
152,491.872,tt0583585,489.671,"['Rachel walks towards the couch, while Ross leaves her.', 'Ross walks away from Rachel as she approaches the couch.', 'Rachel heads towards the couch, with Ross walking off.', 'Ross departs, as Rachel walks towards the couch.', 'Ross exits, with Rachel walking towards the couch area.']",Monica notices a stray piece of furniture.
153,522.705,tt0583585,521.864,"['Monica jumps on the table.', 'Rachel and Phoebe watch Monica.', 'Monica jumps off the table.', 'Monica and friends look on.', 'Monica jumps and lands.']",She moves it.
154,627.39,tt0583585,626.07,"['Rachel talks to the group.', 'Chandler chats with Rachel nearby.', 'Ross joins the conversation circle.', 'Monica stands among the friends.', 'Joey participates in the group talk.']",Joey walks in on the phone.
155,635.593,tt0583585,635.033,"['Ross looks at Joey.', 'Joey holds water.', 'Ross gazes at Joey.', 'Joey holds glass.', 'Ross looks at Joey.']",He hangs up.
156,817.255,tt0583585,816.635,"['Joey looks at him.', 'Joey talks to him.', 'Joey faces him.', 'Joey looks at the man.', 'Joey gazes at him.']",A director.
157,1030.991,tt0583585,1029.95,"['Aurora jumps on Chandler.', 'Chandler holds Aurora tight.', 'Aurora jumps off Chandler.', 'Aurora and Chandler gaze at each other.', 'Aurora and Chandler share a glance.']",She gathers her things.
158,1040.579,tt0583585,1035.475,"['Aurora throws a pillow at Chandler, and they share a kiss before hugging.', 'Chandler and Aurora engage in a playful moment, exchanging a kiss and a hug.', ""Aurora and Chandler's affectionate encounter features a pillow toss and a romantic kiss."", 'The scene showcases a tender moment between Aurora and Chandler, with a pillow and a kiss.', ""Chandler and Aurora's interaction involves a playful pillow fight, culminating in a romantic kiss.""]","She grabs her bag and pecks his lips, but he pulls her in for a long, passionate kiss."
159,1052.788,tt0583585,1048.865,"['Chandler gets up from the bed and walks away.', 'Chandler lies down, then stands up and walks away.', 'Chandler is seen lying down, then gets up and walks off.', 'Chandler is lying down, then rises and walks away.', 'Chandler lies down, then gets up and walks away from the bed.']","He watches her go, then covers his face and falls backward onto the bed."
160,1058.556,tt0583585,1055.614,"['Chandler Bing gestures with his hands as he speaks to Ross Geller.', 'Ross Geller listens intently as Chandler Bing makes emphatic hand movements.', ""Chandler Bing's hands fly as he converses with Ross Geller on the couch."", 'Ross Geller sits across from Chandler Bing, who uses gestures to make his points.', ""Chandler Bing's animated hands convey his thoughts as he talks to Ross Geller.""]","At night, Chandler sulks as the crew hangs out at Monica's."
161,1162.31,tt0583585,1161.709,"['Chandler hugs Joey.', 'Joey gets hugged.', 'Chandler stands up.', 'Chandler hugs him.', 'Chandler gets up.']",He hugs her.
162,1165.831,tt0583585,1164.651,"['Chandler jumps on Ross.', 'Ross hugs Chandler back.', 'Chandler jumps on Ross, hugged.', 'Ross hugs after being jumped.', 'Chandler jumps, Ross hugs back.']",Chandler and Ross hug.
163,1176.472,tt0583585,1175.031,"['Monica holds the remote control.', 'Monica looks at Rachel.', 'Rachel sits and listens to Monica.', 'Monica stands, holding the remote.', 'Monica and Rachel interact closely.']","She turns back, then stops."
164,101.281,tt0583579,97.76,"['Rachel looks out the window at two people walking on the street.', 'Two people walk on the street as Rachel gazes out the window.', 'Rachel observes two people strolling down the street outside her window.', 'Rachel stands at the window, watching two pedestrians pass by.', 'Rachel looks out the window at the street, where two people are walking.']","At Monica's, Rachel looks out the window at the darkened city skyline."
165,192.437,tt0583579,188.216,"['Chandler Bing stops running and talks to a woman in the bank.', 'Chandler Bing holds a conversation with a woman in the bank.', 'Chandler Bing pauses in his run and engages with a woman in the bank.', 'Chandler Bing interacts with a woman, who holds a black object, in the bank.', 'Chandler Bing takes a break from running to talk to a woman in the bank.']","Chandler swaggers over to her, then turns back with an awkward shimmy."
166,204.059,tt0583579,200.899,"['Chandler holds a menorah and walks towards the couch, joined by Joey.', 'Joey stands next to Chandler, gazing at the menorah as he walks by.', 'Chandler walks towards the couch, menorah in hand, with Joey following closely.', 'Ross observes from the background as Chandler and Joey interact around the menorah.', 'Chandler carries a menorah, walking towards the couch where Joey stands, awaiting him.']","He takes slow, careful steps so the candles stay lit."
167,247.174,tt0583579,244.553,"['The woman approaches him, stops, and talks.', 'She holds a black bag and talks to him.', 'The woman stops in front of him, talking.', 'She talks to him, standing still.', 'The woman talks to him, holding a black bag.']",He smiles at Jill and she briefly smiles back.
168,252.658,tt0583579,249.936,"['Chandler looks at the woman and smiles.', 'Chandler stands in front of the woman, smiling.', 'The woman holds a piece of paper, and Chandler looks at her.', 'Chandler smiles at the woman holding a piece of paper.', 'Chandler looks at the woman and smiles, holding her gaze.']",His smile broadens and she looks away with a grimace.
169,256.16,tt0583579,255.439,"['Chandler looks around.', 'Chandler smiles at her.', 'Chandler looks at the teller.', 'Chandler looks at the woman.', 'Chandler stands at the counter.']",Her cell phone.
170,271.93,tt0583579,269.869,"['Chandler takes a card from Monica and walks away.', 'Monica looks at Chandler as he pockets the card.', 'Chandler takes a card from Monica and exits.', 'Monica puts her hand on her hip, eyeing Chandler.', 'Chandler pockets the card, leaving Monica looking at him.']",He accepts her phone and calls Monica's.
171,611.067,tt0583579,609.104,"['Rachel gets cash from the ATM machine.', 'Joey talks to Rachel and Ross by a glass of wine.', 'Rachel inserts her card into the ATM machine.', 'Ross holds a glass of wine as they chat.', 'Rachel uses her card at the ATM machine.']",She furrows her brow at the bank.
172,633.198,tt0583579,631.256,"['Chandler walks back into the dark room.', 'Chandler turns around in the dark space.', 'Chandler walks and turns around in darkness.', 'Chandler walks back, then turns around.', 'He walks and turns in the dark room.']","At Monica's, Phoebe strums a guitar."
173,655.554,tt0583579,654.113,"['Phoebe plays guitar, looks at Ross.', 'Ross stands, looks at Phoebe, then Joey.', 'Phoebe strums guitar, looks at Joey.', 'Joey sits, Phoebe looks at Ross.', 'Ross stands, Phoebe plays guitar.']",She smiles and jots a note.
174,657.015,tt0583579,656.154,"['Phoebe strums guitar.', 'Ross looks at Phoebe.', 'Joey watches Phoebe play.', 'Phoebe gazes at Ross.', 'Ross sits nearby Phoebe.']",Joey and Ross.
175,678.14,tt0583579,674.518,"['Ross hugs Monica, then walks away, as Monica looks at him.', 'Monica looks at Ross after he hugs her and walks away.', 'Ross hugs Monica and then leaves, while Monica watches him go.', 'Monica gazes at Ross as he walks away after hugging her.', ""Ross hugs Monica and exits, with Monica's eyes fixed on him.""]","As Ross heads out to find Rachel on the balcony, Joey stops Monica."
176,740.914,tt0583579,739.492,"['Monica walks away from Joey.', 'Monica looks at Joey then walks away.', 'Joey watches Monica walk away.', 'Monica walks away from him.', 'Monica leaves Joey behind.']",Joey smirks at Monica.
177,846.423,tt0583579,844.743,"['Chandler bends down to pick something up.', 'Joey stands in front of the ATM machine.', 'Chandler walks towards the ATM machine.', 'Joey and Chandler look at the ATM machine.', 'Chandler picks up something from the floor.']",Rachel and Phoebe go door to door.
178,855.685,tt0583579,854.385,"['Chandler holds a candle near Phoebe.', 'Rachel stands beside Phoebe with a candle.', 'Chandler faces the Weird Man with a candle.', 'Phoebe holds a candle with Rachel nearby.', 'The Weird Man talks to Chandler and Phoebe.']",An elderly man opens up.
179,933.363,tt0583579,932.142,"['Monica and Paolo shake hands.', 'Paolo shakes hands with Monica.', 'Monica and Paolo shake hands together.', 'They shake hands firmly.', 'Monica and Paolo greet with a handshake.']",Rachel holds Paolo's arm.
180,1014.285,tt0583579,1011.644,"['Chandler enters the room and looks around.', 'Chandler walks into a room, stopping to take it in.', 'Chandler enters, pausing to glance around the space.', 'Chandler steps into the room, surveying the area.', ""Chandler walks in, briefly surveying the room's contents.""]","He notices Jill watching, then attempts to blow a bubble."
181,1016.866,tt0583579,1014.786,"['Chandler looks up at a bulletin board.', 'Chandler turns to the right, gazing at a board.', ""Chandler's eyes scan a bulletin board."", 'Chandler examines a bulletin board closely.', 'Chandler inspects a bulletin board intensely.']","Instead, he spits the gum across a table."
182,1021.889,tt0583579,1019.588,"['Chandler walks around the room, looks at her.', 'Chandler walks out of the room, glancing around.', 'Chandler looks at the woman sitting on the floor.', 'Chandler walks and looks around the room.', 'Chandler walks and glances at the woman.']",He freezes as she smiles and shakes her head.
183,1033.674,tt0583579,1032.513,"['Chandler walks and rubs his nose.', 'Chandler stands and touches his face.', 'Chandler looks and talks to someone.', 'Chandler walks and touches his nose.', 'Chandler stands and touches his face.']",He pops it in and chews.
184,1141.407,tt0583579,1139.285,"['Ross walks away from the table, looking at it.', 'Ross looks at the table before walking away.', 'Ross walks away, glancing back at the table.', 'Ross walks away from the table, gazing at it.', 'Ross looks at the table, then walks away.']",Ross nods and sidles over to Paolo.
185,1143.329,tt0583579,1142.408,"['Ross stands and talks.', 'Ross looks at someone.', 'Ross stands with someone.', 'Ross stands and gazes.', 'Ross faces another person.']","Paolo, hi."
186,108.648,tt0583462,106.908,"['Rachel and Phoebe eat with forks.', 'Chandler eats with a spoon, looking at Monica.', 'Monica eats with a fork, as Rachel and Phoebe chat.', 'Rachel and Phoebe share a meal, Chandler joins in.', 'Chandler eats with a spoon, Rachel and Phoebe use forks.']",The friends eat takeout at Monica's.
187,158.861,tt0583462,155.878,"['Monica and Chandler look at each other while eating.', 'Joey and Chandler glance at each other while they eat.', 'Chandler and Ross look at each other as they eat food.', 'The friends eat and occasionally glance at each other.', 'Monica, Chandler, Joey, and Ross eat together, exchanging looks.']","Joey high-fives Ross, then quickly drops his smile."
188,211.157,tt0583462,208.677,"['Ross gestures with his hands while Joey listens.', 'Ross looks at Joey as they sit at a table.', 'Joey sits and watches as Ross talks.', 'Ross talks and gestures with plates of food nearby.', 'Ross and Joey sit together, surrounded by food plates.']",He slumps and Joey pats his shoulder.
189,229.817,tt0583462,228.517,"['Ross eats while gazing at an ambulance.', 'Ross looks at an ambulance while eating.', 'Ross eats near an ambulance.', 'Ross gazes at an ambulance while eating food.', 'Ross eats and looks at an ambulance.']",He looks up at her tensely.
190,239.099,tt0583462,229.837,"['Judy walks towards Ross as he eats dinner.', 'Ross and Judy hug as they sit down to dinner.', 'Judy approaches Ross as he eats, and they share a warm moment.', 'Ross and Judy share a tender hug while seated at the dinner table.', 'Judy walks up to Ross, who is eating, and they embrace each other.']","At a hospital, Ross and Monica find their parents and aunt in a waiting room."
191,243.16,tt0583462,241.319,"['Ross hugs Judy, Monica hugs Lillian.', 'Ross and Judy hug, Monica hugs Lillian.', 'Monica hugs Lillian, Ross hugs Judy.', 'Ross and Judy hug, Lillian talks to Monica.', 'Lillian talks to Monica as Ross hugs Judy.']",Ross steps on a table to hug his dad.
192,255.922,tt0583462,254.942,"['Monica shakes hands with Judy.', 'Monica and Judy greet each other.', 'Judy and Monica shake hands.', 'Monica and Judy touch hands.', 'Judy and Monica meet.']",She studies Monica.
193,376.65,tt0583462,373.529,"[""Monica tucks in the patient's blanket, flanked by Ross and Aunt Lillian."", 'Ross stands beside Monica as she tends to the patient, with Aunt Lillian nearby.', 'Monica and Ross work together to care for the patient, with Aunt Lillian observing.', 'Aunt Lillian stands alongside Monica and Ross as they attend to the patient.', 'Monica and Ross care for the patient, with Aunt Lillian watching over them.']",Nana's body stills and the nurse covers her with the sheets.
194,378.53,tt0583462,377.31,"['Monica and Ross stand beside the bed.', 'Aunt Lillian talks to Monica and Ross.', 'Monica and Ross stand near Aunt Lillian.', 'Aunt Lillian stands by the desk.', 'Monica and Ross stand together.']",Ross and Monica slump.
195,383.371,tt0583462,379.47,"['Ross enters the room, and Monica and Aunt Lillian stand up.', 'Monica and Aunt Lillian stand up as Ross enters the room.', 'Ross enters the room, where Monica and Aunt Lillian are standing.', 'Monica and Aunt Lillian stand up as Ross walks into the room.', 'Ross enters the room, where Monica and Aunt Lillian are already standing up.']",The siblings shuffle into the waiting room to their family's expectant faces.
196,389.853,tt0583462,386.973,"[""Judy holds Ross's arm as Monica observes them."", 'Monica watches as Judy and Ross interact.', 'Judy and Ross stand together, with Monica nearby.', 'Ross stands with Judy, with Monica looking on.', 'Judy and Ross stand together, with Monica observing.']",Their aunt covers her mouth and their parents clutch hands.
197,395.154,tt0583462,390.593,"['Judy Geller stands by the window, gazing out at the city at night, alongside Ross Geller.', 'Ross Geller stands next to Judy Geller, both looking out at the city at night, wearing coats in a hotel room.', 'Judy Geller and Ross Geller stand together, gazing out at the city at night, their coats visible in the hotel room.', 'Ross Geller and Judy Geller stand side by side, looking out at the city at night, in a hotel room.', 'Judy Geller and Ross Geller stand together, taking in the cityscape at night, dressed in coats in the hotel room.']","Meanwhile, at Central Perk, Joey, Chandler, and Phoebe sit together while Rachel works."
198,409.121,tt0583462,407.841,"['Chandler looks at Ross.', 'Rachel looks at Chandler.', 'Ross stands near Rachel.', 'Chandler faces Ross.', 'Rachel sits on the couch.']",Monica and Ross enter.
199,421.324,tt0583462,420.163,"['Phoebe looks at Ross.', 'Ross stands near Phoebe.', 'Phoebe gazes at Ross.', 'Ross stands talking to Phoebe.', 'Phoebe sits with Ross nearby.']",They trudge to the couch.
200,450.59,tt0583462,448.669,"['Chandler looks at Phoebe sitting next to him.', 'Phoebe sits beside Chandler on the couch.', 'Chandler and Phoebe sit together on the couch.', 'Chandler gazes at Phoebe, who faces him.', 'Chandler and Phoebe sit together, eyes locked.']",She gestures toward Chandler beside her.
201,451.731,tt0583462,450.61,"['Phoebe gestures to Chandler.', 'Chandler nods at Phoebe.', 'Phoebe talks to Chandler.', 'Phoebe looks at Chandler.', 'Chandler listens to Phoebe.']",He shrinks away.
202,467.555,tt0583462,465.794,"['Monica stands up, holding her mug.', 'Chandler sits on the couch, holding a towel.', 'Monica gets up, while Chandler remains seated.', 'Monica and Chandler interact on the couch.', 'Monica holds a mug, Chandler holds a towel.']",Monica and Ross nod slowly.
203,469.235,tt0583462,467.575,"['Phoebe looks at Chandler affectionately.', 'Chandler sits with Phoebe, holding her hand.', 'Phoebe holds a cup, leaning on Chandler.', ""Chandler wraps his arm around Phoebe's waist."", 'Phoebe and Chandler sit together, sipping coffee.']",Phoebe sinks into the couch.
204,596.422,tt0583462,594.301,"['Monica Geller looks at someone off-camera.', 'Monica Geller converses with someone unseen.', 'Monica Geller glances at someone nearby.', 'Monica Geller talks to an off-screen person.', 'Monica Geller addresses someone out of frame.']",He gazes wistfully into the distance.
205,607.091,tt0583462,604.81,"['Monica walks in carrying a plate.', 'Monica enters with a plate in hand.', 'Monica walks into the room with a plate.', 'Monica carries a plate into the room.', 'Monica walks in, holding a plate.']","At his office, Chandler steps into the break room."
206,610.491,tt0583462,607.771,"['Monica walks in holding a bowl, looking at Chandler.', 'Monica enters the room, bowl in hand, eyeing Chandler.', 'Monica enters with a bowl, gazing at Chandler.', 'Monica walks in, bowl in hand, looking at Chandler.', 'Monica enters, holding a bowl, and looks at Chandler.']","Shelly grabs her lunch from the fridge, then spots him."
207,612.412,tt0583462,611.091,"['Monica enters, holding a container.', ""Chandler looks at Monica's container."", 'Monica talks to Chandler, holding a container.', ""Chandler stares at Monica's container."", 'Monica brings a container to the table.']",They trade sheepish looks.
208,628.415,tt0583462,626.775,"['She puts a blue bowl on the table.', 'She sits down with a blue bowl.', 'She places the blue bowl on the table.', 'She sets a blue bowl down.', 'She puts down a blue bowl.']",She grins and sits down to eat.
209,670.884,tt0583462,668.343,"['Chandler enters the room and talks to the woman.', 'Chandler walks in, stops, and engages with the woman.', 'He walks into the room, pauses, and converses with her.', 'Chandler enters the room, pauses, and talks to the woman.', 'Chandler walks in, stops, and chats with the woman at the table.']","Chandler freezes at the door, then turns back."
210,678.948,tt0583462,677.187,"['Chandler enters the room, near a woman eating a salad.', ""Chandler walks into the room, where she's eating a salad."", 'Chandler enters, and she looks at him while eating a salad.', ""He enters the room, where she's eating a salad with a fork."", 'Chandler enters, and she gazes at him as she eats a salad.']",She lifts her brows and looks away.
211,762.471,tt0583462,758.129,"['Aunt Lillian talks to Judy Geller as they stand in a room, while Ross Geller admires himself in the mirror.', 'Judy Geller listens intently to Aunt Lillian as they converse in a room, while Ross Geller checks his reflection.', 'Ross Geller examines his appearance in the mirror, then looks at his reflection again, as Aunt Lillian and Judy Geller interact in the background.', 'Aunt Lillian and Judy Geller engage in conversation, while Ross Geller stands nearby, preoccupied with his own reflection.', 'Ross Geller looks at his reflection in the mirror, while Aunt Lillian and Judy Geller chat in the adjacent room.']","He glances around above him, then reaches toward the ceiling and pulls down a box."
212,766.293,tt0583462,763.191,"['Ross looks at the box as Aunt Lillian and Judy talk to him.', 'Aunt Lillian and Judy discuss something with Ross as he examines a box.', 'Ross studies a box while Aunt Lillian and Judy engage in conversation.', 'Aunt Lillian and Judy chat with Ross, who is focused on a box.', 'Ross ponders a box as Aunt Lillian and Judy share a conversation.']","He opens it, finding it full of pink packets of sweetener."
213,768.315,tt0583462,766.893,"['Ross looks at something with Aunt Lillian.', 'Judy holds a pink cloth for Ross.', ""Ross examines something with Aunt Lillian's help."", 'Aunt Lillian shows Ross something pink.', ""Ross studies something with Judy's assistance.""]",His face fills with emotion.
214,780.874,tt0583462,779.393,"['Ross wipes his face with a towel.', 'Ross looks at Judy and Aunt Lillian.', 'Ross puts down the towel.', 'Judy and Aunt Lillian gaze at Ross.', 'Ross drops the towel on the floor.']",His mother and aunt smile.
215,790.9,tt0583462,788.238,"['Ross holds a pink object, talking to someone off-screen.', 'Judy talks to Aunt Lillian, who sits on a couch.', 'Ross talks to someone off-screen, holding a pink object.', 'Judy converses with Aunt Lillian on the couch.', 'Ross holds a pink object while discussing something with someone.']","More pink packets rain down on him, and he laughs."
216,814.6,tt0583462,813.42,"['Phoebe points at the fridge.', 'Ross enters, points at the fridge.', 'Phoebe and Ross point at the fridge.', 'Phoebe and Ross interact by the fridge.', 'Phoebe and Ross examine the fridge.']",Rachel sticks her leg out.
217,823.365,tt0583462,822.144,"['Ross holds a soda bottle.', 'Phoebe stands with crossed legs.', 'Rachel looks at Ross.', 'Ross talks to Phoebe.', 'Rachel stands beside Ross.']",Joey and Chandler enter.
218,862.42,tt0583462,860.099,"['Monica hugs Judy, then walks away.', 'Judy and Monica share a brief hug before parting.', 'Monica turns around and walks away after hugging Judy.', 'Monica and Judy hug, then Monica walks off.', 'Monica hugs Judy, then exits the scene.']",She turns away and Monica's face hardens.
219,864.561,tt0583462,862.9,"['Monica and Judy hug, then walk away.', 'Monica and Judy share a brief hug.', 'Judy and Monica walk off together.', 'Monica and Judy part ways.', 'Judy and Monica depart together.']",Joey cocks an ear to his sleeve.
220,871.526,tt0583462,871.004,"['Chandler and Joey walk together.', 'Chandler and Joey stroll.', 'Joey and Chandler walk.', 'They walk side by side.', 'Chandler and Joey stroll together.']",A TV.
221,885.134,tt0583462,884.133,"['Chandler walks ahead.', 'Joey looks down.', 'Chandler leads Joey.', 'Joey glances at ground.', 'Chandler walks beside Joey.']",Rachel steps in mud.
222,892.445,tt0583462,890.704,"['Phoebe kneels, holding a black object.', 'Ross stands, holding a black object with Phoebe.', 'Phoebe looks at Ross, holding a black object.', 'Ross and Phoebe both hold black objects.', 'Phoebe and Ross hold black objects together.']",Ross holds Rachel's arm to steady her.
223,893.387,tt0583462,892.665,"[""Phoebe touches Ross's hand."", 'Ross holds a black object.', 'Phoebe touches Ross.', 'Ross holds something.', 'Phoebe touches his hand.']",She pulls away.
224,923.274,tt0583462,922.114,"['Monica and Chandler converse outside.', 'Joey and Rachel lie on the ground.', 'Monica and Chandler stand outside.', 'Joey and Rachel rest outside.', 'Monica talks to Chandler outside.']",They smile down at him.
225,927.416,tt0583462,923.954,"['Monica lies on the floor, with Joey and Chandler standing nearby.', 'Rachel and Phoebe look down at Monica, who is lying on the floor.', 'The friends gather around Monica, who is on the floor, with food and drinks nearby.', 'Phoebe and Rachel stare at Monica, who is lying on the floor, surrounded by friends.', 'The group is gathered around Monica, who is on the floor, with Joey and Chandler standing near.']","At the reception, guests mingle and eat while Ross lays on the floor."
226,929.136,tt0583462,927.936,"['Phoebe looks at Chandler.', 'Chandler looks at Phoebe.', 'Monica stands beside Chandler.', 'Rachel stands beside Joey.', 'Ross stands beside Rachel.']",Phoebe kneels over him.
227,989.645,tt0583462,986.705,"['Ross gestures while Monica listens, Phoebe holding a baby.', 'Phoebe holds a baby, Ross talks to Monica.', 'Monica smiles as Ross talks, Phoebe cradles a baby.', 'Ross talks, Phoebe holds a baby, Monica listens.', ""Phoebe holds a baby, Monica smiles at Ross's words.""]","He swirls his hand, then slumps."
228,1014.194,tt0583462,1013.714,"['Chandler holds a cup.', 'Phoebe holds a cup.', 'Ross and Chandler sit.', 'Phoebe talks to her.', 'Chandler and Ross converse.']",Then walk off.
229,1027.599,tt0583462,1026.479,"['Monica talks to Rachel.', 'Rachel looks at Monica.', 'Monica and Rachel sit on the couch.', 'Monica sits with Rachel.', 'Rachel sits with Monica on the couch.']",He joins her on the couch.
230,131.353,tt0583492,130.612,"['Phoebe walks in, waves, sits.', 'Rachel rides, sits, arrives.', 'Phoebe waves, Rachel sits.', 'Phoebe enters, waves, waits.', 'Rachel rides, Phoebe sits.']",She grabs a tip.
231,153.677,tt0583492,152.836,"['Monica and Phoebe look at Ross.', 'Ross holds a book.', 'Monica and Phoebe gaze at Ross.', 'Ross examines something.', 'Monica and Phoebe focus on Ross.']",He gapes at her.
232,159.519,tt0583492,156.238,"['Monica walks towards Ross, while Phoebe observes their interaction.', 'Phoebe watches as Monica and Ross approach each other.', 'Monica and Ross move towards each other, with Phoebe looking on.', 'Ross and Monica walk towards each other, with Phoebe observing.', 'Monica and Ross interact, with Phoebe watching from the side.']",Ross huffs away as Joey strides in with blush on his cheeks.
233,163.97,tt0583492,162.989,"['Chandler walks towards Phoebe.', 'Joey sits on the couch.', 'Chandler joins Joey and Phoebe.', 'Phoebe looks at Chandler.', 'Chandler approaches the couch.']",Chandler eyes him.
234,169.536,tt0583492,168.836,"['Chandler holds a paper.', 'Joey talks to Chandler.', 'Chandler looks at Joey.', 'Joey looks at Chandler.', 'Chandler holds a paper.']",Joey nods.
235,244.347,tt0583492,242.725,"['Phoebe looks at Monica on the couch.', 'Ross sits on the couch, watching Phoebe.', 'Phoebe faces Monica, who sits on the couch.', 'Ross sits on the couch, gazing at Phoebe.', 'Phoebe stands near Monica on the couch.']",Monica trades a look with Ross.
236,245.668,tt0583492,244.687,"['Monica holds coffee to Phoebe.', 'Monica looks at Phoebe.', 'Phoebe looks at Monica.', 'Monica holds a cup.', 'Monica and Phoebe gaze.']",She turns to Phoebe.
237,288.158,tt0583492,287.297,"['Ross looks out window.', 'Ross walks into apartment.', 'Ross knocks on door.', 'Ross enters apartment.', 'Ross approaches door.']",Ross leans in.
238,424.131,tt0583492,422.15,"[""Phoebe holds a turkey, catching Chandler's attention."", 'Chandler looks at the turkey Phoebe is holding.', 'Ross talks to Phoebe while she holds a turkey.', 'Chandler stares at the turkey Phoebe is holding.', 'Phoebe holds a turkey, with Chandler observing.']",Phoebe holds the turkey open.
239,434.396,tt0583492,431.855,"['Rachel enters the room as Ross looks at her.', 'Ross smiles as Rachel walks into the room.', 'Ross looks at Rachel as she enters the room.', 'Rachel walks into the room where Ross is sitting.', ""Ross's gaze follows Rachel as she enters the room.""]","Frowning, Rachel slumps in."
240,447.843,tt0583492,446.582,"['Rachel walks towards Monica.', 'Monica sits reading a paper.', 'Rachel and Chandler approach Monica.', 'Monica looks at a piece of paper.', 'Rachel and Chandler join Monica on the couch.']",Monica offers her a letter.
241,466.353,tt0583492,464.652,"['Rachel looks at the paper, and Chandler stands beside her.', 'Monica stands behind Chandler, watching Rachel and him.', 'Chandler looks at Rachel, and she examines the paper.', 'Rachel and Chandler focus on the paper together.', 'Phoebe stands behind Monica, observing the scene.']",Rachel finds an envelope of cash.
242,520.224,tt0583492,518.123,"['Rachel holds a bag, looking at Chandler.', 'Chandler holds meat, gazing at Rachel.', 'Rachel stands before Chandler, holding a bag.', 'Rachel and Chandler engage in a silent stare.', 'Rachel holds a bag, Chandler holds meat.']","In a subway station, a train rushes by."
243,524.188,tt0583492,520.765,"['Ross and Phoebe hold multiple pieces of meat as they stand facing each other.', 'Phoebe and Ross hold and hold multiple pieces of meat in front of each other.', 'Ross and Phoebe stand together, each holding multiple pieces of meat.', 'Phoebe and Ross hold multiple pieces of meat, their hands full.', 'Ross and Phoebe hold multiple pieces of meat, hands full, standing together.']","Joey walks onto the platform, checks his watch, and grimaces."
244,696.369,tt0583492,695.609,"['Chandler stands before Monica.', 'Ross eats cereal.', 'Monica talks to them.', 'Chandler faces Ross.', 'Ross eats slowly.']",Ross frowns.
245,733.548,tt0583492,731.527,"['Phoebe holds a pie, eyeing Chandler.', ""Chandler talks to Monica, holding Phoebe's gaze."", 'Monica stands behind Phoebe, watching Chandler.', ""Phoebe holds a pie, looking at Chandler's face."", ""Chandler talks to Monica, near Phoebe's held pie.""]",Phoebe waves the pie in front of Chandler.
246,734.629,tt0583492,733.929,"['Phoebe hands Joey a pie.', 'Joey looks at the pie.', 'Chandler examines the pie.', 'Phoebe gives Joey a pie.', 'Joey receives a pie.']",He glares.
247,781.258,tt0583492,780.357,"['Ross walks out.', 'Monica waves goodbye.', 'Ross leaves the room.', 'He exits quickly.', 'Ross steps away.']",Ross storms out.
248,784.2,tt0583492,781.818,"['Monica walks towards the table, followed by Ross.', 'Ross follows Monica as she approaches the table.', 'Monica and Ross move towards the table together.', 'Ross looks at the table as Monica walks towards it.', 'Monica and Ross approach the table, side by side.']","At the counter, Phoebe sets down a hand mixer."
249,807.495,tt0583492,806.074,"['Phoebe looks at Monica holding a bowl.', 'Monica holds a bowl, Phoebe nearby.', 'Phoebe gazes at Monica with a bowl.', 'Monica cradles a bowl, Phoebe observing.', 'Phoebe and Monica focus on a bowl.']",Monica takes a deep breath.
250,1009.094,tt0583492,1006.632,"['Ross walks towards Carol on the couch, then they both look at something on the floor.', 'Carol stands up and walks towards Ross, who remains sitting on the couch, and they both gaze at the floor.', 'Ross and Carol sit together on the couch, looking at something on the floor.', 'Ross and Carol exchange positions on the couch, both focusing on something on the floor.', 'The scene shows Ross and Carol moving around the couch, looking at something on the floor together.']","Ross recoils, and Susan clutches her belly."
251,1037.136,tt0583492,1034.655,"['Carol looks at Susan Bunch standing with her hands on her hips.', 'Susan Bunch stands with her hands on her hips, looking away from Carol.', 'Carol and Susan Bunch have a conversation, with Susan looking away.', 'Carol talks to Susan Bunch, who stands with her hands on her hips.', 'Susan Bunch stands with her hands on her hips, as Carol addresses her.']","In the hallway, Joey crouches by Monica's door."
252,1038.437,tt0583492,1037.356,"['Carol raises her hands to Susan Bunch.', 'Carol and Susan Bunch stand together.', 'Carol gestures to Susan Bunch.', 'Susan Bunch stands with Carol.', 'Carol talks to Susan Bunch.']",Chandler holds a drawer.
253,1214.527,tt0583492,1213.045,"['Phoebe and Monica stand by the window.', 'Ross, Rachel, Chandler, and Joey gaze out the window.', 'Monica and Phoebe chat by the window.', 'The friends stand together, looking outside.', 'Joey, Ross, and others gaze out the window.']",Everyone scrambles to the window.
254,1226.049,tt0583492,1224.328,"['Ross and Chandler share a moment.', 'Ross and Chandler gaze at each other.', 'Ross and Chandler stand face to face.', 'Ross and Chandler exchange a look.', 'Ross and Chandler stand together, engaged.']",They turn to one another and smile.
255,1229.832,tt0583492,1226.67,"['Chandler looks at Phoebe, while Joey looks at him.', 'Ross and Monica gaze at each other, as Joey joins Chandler.', 'Phoebe and Chandler share a glance, while Ross and Monica do the same.', 'Joey joins Chandler, who looks at Phoebe, as Ross and Monica interact.', 'Chandler, Joey, and Phoebe engage in a trio of mutual glances.']",Ross pats Joey's back and Rachel squeezes Phoebe's arm.
256,1231.914,tt0583492,1230.433,"['Chandler holds knife and spoon.', 'Phoebe sits, Monica stands nearby.', 'Chandler looks at Phoebe and Monica.', 'Joey stands beside Monica, watching Chandler.', 'Chandler holds knife, spoon in hand.']",Monica bumps Chandler's shoulder.
257,1234.696,tt0583492,1232.774,"['Chandler holds two knives and looks at Monica.', 'Monica sits at the table as Joey watches Chandler.', 'Joey stands, looking at Chandler, as Monica talks.', 'Chandler holds knives while looking at Monica, who sits.', 'Chandler holds knives, gazing at Monica, as Joey observes.']","Later, Chandler holds up two knives."
258,1242.883,tt0583492,1240.502,"['Chandler cuts food on a tray with a knife.', 'Monica and friends sit around the table with a tray.', 'Chandler talks to Joey and Monica at the table.', 'Joey and Monica listen as Chandler cuts food.', 'Chandler holds a knife while chatting with friends.']",He slices through a grilled cheese sandwich.
259,110.055,tt0583630,107.37,"['He stands outside Central Perk, looking at the sign.', 'He stands outside Central Perk, reading the sign.', 'He stands outside Central Perk, looking at the sign.', 'He stands outside Central Perk, reading the sign.', 'He stands outside Central Perk, looking at the sign.']","At Central Perk, Phoebe holds her acoustic guitar."
260,286.757,tt0583630,283.995,"['Chandler looks at Monica, who examines something on the table.', 'Monica looks at something on the table, while Chandler talks to her.', 'Chandler talks to Monica, who glances at something on the table.', 'Monica examines something on the table, with Chandler in the background.', 'Chandler and Monica engage in a conversation, with Monica looking at a table object.']",One man adjusts his glasses as he looks up at Phoebe.
261,321.134,tt0583630,320.014,"['David watches Phoebe sing.', 'Phoebe sings into the microphone.', 'David looks at Phoebe singing.', 'Phoebe sings while David observes.', ""David views Phoebe's performance.""]",Phoebe drops her gaze.
262,328.478,tt0583630,325.796,"['David and Max gaze at each other at the table.', 'Phoebe plays the guitar on stage, entertaining the audience.', 'David and Max sit at the table, looking at each other.', ""Phoebe's fingers move deftly over the guitar strings."", 'David and Max sit together, watching Phoebe play the guitar.']",He sits beside his friend and stares down at the table.
263,336.921,tt0583630,335.24,"['Phoebe plays guitar and sings.', 'Phoebe sings and strums her guitar.', 'Phoebe looks at the audience while playing.', 'Phoebe plays her guitar for the audience.', 'Phoebe sings and plays her guitar.']",She stands and walks over to the man.
264,338.462,tt0583630,337.261,"['Phoebe sings and strums guitar.', 'Phoebe looks at the audience.', 'Phoebe plays guitar and sings.', 'Phoebe holds her guitar.', 'Phoebe sings with her guitar.']",Joey turns to Chandler.
265,343.965,tt0583630,342.064,"['Chandler and Joey sit at a table, looking at each other.', 'Chandler talks to Joey while David watches them.', 'Joey and Chandler glance at each other, seated at a table.', 'David observes Chandler and Joey at a table.', 'Chandler, Joey, and David sit together at a table.']",Chandler smiles and lifts his brows.
266,352.224,tt0583630,349.042,"['Rachel and Ross feed a monkey together.', 'Ross and Rachel share a moment feeding a monkey.', 'Rachel and Ross take turns feeding a curious monkey.', 'The pair feed a playful monkey together.', 'Ross and Rachel engage in a tender moment feeding a monkey.']",Marcel jumps away from him as the group decorates a Christmas tree.
267,370.418,tt0583630,369.557,"['Rachel stands next to Ross.', 'Ross talks to Rachel.', 'Monica joins the conversation.', 'Rachel stands by the couch.', 'They sit on the couch.']",Ross walks off.
268,433.473,tt0583630,432.612,"['Ross looks at Phoebe.', 'Chandler holds remote control.', 'Joey looks at Rachel.', 'Ross holds microphone.', 'Chandler looks at Monica.']",Joey hurries in.
269,444.918,tt0583630,443.257,"[""Monica puts a necklace on Rachel's neck."", 'Rachel smiles as Monica fastens the necklace.', 'Monica and Rachel share a glance.', ""Monica puts the necklace around Rachel's neck."", ""Rachel's smile mirrors Monica's as she's adorned.""]",Chandler massages his temples.
270,508.901,tt0583630,503.355,"['Ross looks at Chandler, who is holding a bottle of water.', 'Chandler holds a bottle of water as Ross talks to him.', 'Ross and Chandler engage in conversation, with Chandler holding a bottle of water.', 'Chandler holds a bottle of water as Ross speaks to him, looking at him.', 'Ross and Chandler converse, with Chandler holding a bottle of water between them.']","In a university lab, Phoebe eats Chinese food while David gestures at equations on a whiteboard."
271,525.879,tt0583630,525.098,"['David holds noodles.', 'Phoebe eats noodles.', 'David talks to Phoebe.', 'Phoebe talks to David.', 'They share noodles.']",He gapes at her.
272,580.861,tt0583630,578.34,"['David and Phoebe stand together, looking at each other.', 'Phoebe moves her hands while talking to David.', 'David and Phoebe engage in a conversation, gazing at each other.', 'Phoebe gestures as she speaks to David, their eyes locked.', ""The two friends stand face-to-face, Phoebe's hands moving as she talks.""]",David smiles and glances between her and the table.
273,588.063,tt0583630,587.103,"['David points at the box.', 'Phoebe holds the box.', 'David points at food.', 'Phoebe looks at food.', 'They examine the box.']",He grabs a laptop.
274,591.864,tt0583630,590.964,"['David throws napkins at Phoebe.', 'Phoebe retaliates with napkins.', 'David and Phoebe exchange napkins.', 'Phoebe throws napkins back at David.', 'Napkin battle ensues.']",He sets it aside.
275,602.604,tt0583630,596.442,"['Phoebe points at the desk as she talks to David, who stands opposite her, engaged in a conversation.', 'David and Phoebe stand facing each other, discussing something at the desk, their gestures emphasizing their points.', 'Phoebe talks and gestures at the desk, while David listens attentively, his focus on the conversation.', 'The desk is the focal point as Phoebe and David interact, pointing and talking to each other.', 'David and Phoebe engage in a lively discussion, pointing at the desk as they share their thoughts.']",He sweeps papers and their food off the table and takes Phoebe in his arms.
276,607.306,tt0583630,606.325,"['David adjusts his glasses.', 'David looks at the woman.', 'David smiles at her.', 'He adjusts his glasses and smiles.', 'David smiles and adjusts his glasses.']",She sits on the table.
277,610.927,tt0583630,608.106,"['David and Phoebe share a romantic kiss.', 'Phoebe and David lock lips in a passionate moment.', ""The couple's lips meet in a tender kiss."", ""David and Phoebe's lips touch in a romantic kiss."", ""Phoebe and David's lips intertwine in a loving kiss.""]",David smiles and leans in and they share a kiss.
278,616.528,tt0583630,611.867,"['David and Phoebe share a romantic kiss.', 'Phoebe and David lock lips in a passionate kiss.', ""The couple's lips meet in a tender kiss."", ""Phoebe and David's lips touch in a romantic kiss."", ""David and Phoebe's lips lock in a sweet kiss.""]",Phoebe cups his face in her hands as he wraps his arms around her and they lean back on the table.
279,621.43,tt0583630,620.41,"['Phoebe gazes at the tube.', 'David stands beside Phoebe.', 'Ross examines the red box.', 'Monica watches the tube.', 'Phoebe and David view the tube.']",Now at the coffee shop.
280,647.538,tt0583630,646.418,"['Rachel drinks coffee, Chandler looks at her.', 'Chandler looks at Rachel, Joey watches.', 'Rachel sips coffee, Chandler observes.', 'Joey and Chandler glance at Rachel.', 'Chandler eyes Rachel, sipping coffee.']",Rachel sips Joey's drink.
281,719.158,tt0583630,718.298,"['Ross looks at Phoebe.', 'Chandler looks at Monica.', 'Phoebe stands up.', 'People sit on a couch.', 'Ross sits on a couch.']",Ross looks away.
282,721.461,tt0583630,719.479,"['Monica drinks from a glass calmly.', 'Chandler looks at Monica with interest.', 'Fun Bobby enters the room quietly.', 'Chandler and Monica gaze at Fun Bobby.', 'Monica takes a sip from her glass.']",David's friend runs in and spots Phoebe.
283,750.35,tt0583630,749.43,"['Phoebe looks at someone.', 'Phoebe talks to someone.', 'Phoebe gazes off-screen.', 'Phoebe converses with someone.', 'Phoebe addresses someone.']",She drops her gaze.
284,759.021,tt0583630,756.919,"['Phoebe talks to someone off-screen.', 'Phoebe looks at someone off-screen.', 'Phoebe speaks with someone unseen.', 'Phoebe addresses an unseen person.', 'Phoebe converses with someone off-camera.']",Phoebe arrives at David and Max's lab.
285,1011.342,tt0583630,1008.5,"['Joey takes a drink from the bottle and talks to the woman.', 'Joey holds a bottle and converses with a woman.', 'Joey drinks from a bottle and chats with the woman.', 'Joey talks to the woman, then takes a swig from a bottle.', 'Joey shares a conversation with the woman while holding a bottle.']","Joey leans in for a kiss, then spots her kids staring."
286,1014.663,tt0583630,1013.042,"['Joey kisses the woman in blue dress.', 'Ross stands behind Joey, watching.', 'Joey kisses her as Ross observes.', 'Ross stands behind Joey, unnoticed.', 'Joey kisses her, Ross nearby.']",Ross and Chandler watch Marcel.
287,1021.268,tt0583630,1020.428,"['Ross looks at Chandler.', 'Chandler gazes at Ross.', 'Ross and Chandler stare.', 'Chandler looks at Ross.', 'Ross and Chandler look.']",Janice walks up.
288,1041.871,tt0583630,1040.41,"['Janice laughs, Chandler looks up.', 'Chandler looks up as Janice laughs.', 'Janice laughs, Chandler gazes upwards.', 'Chandler looks up, Janice laughs.', ""Janice's laughter catches Chandler's attention.""]",Monica looks through the peephole.
289,1261.917,tt0583630,1260.676,"['Rachel looks at David.', 'David walks away, Rachel follows.', 'David and Rachel interact closely.', ""Rachel looks at David's departing back."", 'David leaves, Rachel watches him.']",Rachel watches the TV.
290,1270.905,tt0583630,1269.664,"['Monica stands near Chandler.', 'Chandler looks at Monica.', 'Rachel looks at Phoebe.', 'Joey stands beside Rachel.', 'Phoebe looks at Chandler.']",Sandy and Max step out.
291,1287.679,tt0583630,1286.318,"['Phoebe talks to Monica and Rachel.', 'Monica and Rachel gaze at Phoebe.', 'Phoebe converses with her friends.', 'Rachel and Monica listen to Phoebe.', 'The trio has a conversation.']",He sobs and hides his face.
292,1293.292,tt0583630,1291.971,"['Chandler and Rachel hug tightly.', 'Monica and Ross share a warm hug.', 'Joey and Phoebe hold each other close.', 'The friends gather in a group hug.', 'The group wraps their arms around each other.']",The guests hug and kiss.
293,153.71,tt0583534,151.651,"[""Monica leans her head on Phoebe's shoulder."", ""Phoebe leans her head on Monica's shoulder."", 'Monica and Phoebe interact with each other.', ""Phoebe leans on Monica's shoulder."", 'Monica and Phoebe share a moment together.']",Monica leans her head on Phoebe's shoulder.
294,303.615,tt0583534,301.395,"['Ross stands and looks at Paolo, seated nearby.', 'Rachel reads a newspaper, as Ross talks to Paolo.', 'Ross looks at Paolo, while Rachel reads in the background.', 'Paolo listens as Ross stands and converses nearby.', 'Ross stands, looking at Paolo, as Rachel sits nearby, reading.']",Monica and Phoebe visit the man at the hospital.
295,325.962,tt0583534,322.341,"[""Phoebe stands beside Coma Guy's hospital bed, while Monica enters with a plant."", ""Monica enters the room with a plant, approaching Coma Guy's bedside."", 'Phoebe looks at Coma Guy, as Monica brings a plant into the hospital room.', 'Monica carries a plant into the room, where Phoebe is standing beside Coma Guy.', ""Monica enters the hospital room with a plant, joining Phoebe by Coma Guy's bedside.""]",Monica folds up the paper as Phoebe rearranges a bouquet of flowers.
296,334.382,tt0583534,332.922,"['Monica enters with a plant.', 'Phoebe sits on the bed.', 'Monica looks at Coma Guy.', 'Coma Guy has shaving cream on his face.', 'Phoebe looks at Coma Guy.']",Now they bring in a potted tree.
297,343.666,tt0583534,340.785,"[""Phoebe plays guitar and sings beside Coma Guy's hospital bed."", 'Coma Guy looks at Phoebe as she strums her guitar softly.', 'Phoebe holds her guitar and sings to Coma Guy in the hospital room.', 'Coma Guy gazes at Phoebe as she plays her guitar beside him.', ""Phoebe sits by Coma Guy's hospital bed, playing her guitar and singing.""]","Monica knits a sweater, then holds it up to him."
298,346.407,tt0583534,343.686,"[""Phoebe shaves Coma Guy's face with a razor."", 'Monica stands beside Coma Guy as Phoebe shaves his face.', ""Phoebe Buffay shaves Coma Guy's face with shaving cream."", ""Phoebe shaves Coma Guy's face, with Monica nearby."", 'Coma Guy lies in bed, with Phoebe shaving his face.']",Phoebe sits beside his bed singing and playing guitar.
299,348.228,tt0583534,347.027,"['Monica holds shaving cream.', 'Phoebe holds razor and cream.', 'Monica applies shaving cream.', 'Phoebe holds phone and cream.', 'Monica puts on shaving cream.']",Now they shave his face.
300,464.758,tt0583534,462.235,"['Ross enters, looks at the woman on the phone, then exits.', 'Ross enters, exits, and observes the woman on the phone.', 'Ross enters, glances at the woman on the phone, and leaves.', 'Ross walks in, looks at the woman on the phone, and walks out.', 'Ross enters, briefly observes the woman on the phone, and exits the room.']",A woman walks out behind him and he does a double take.
301,469.621,tt0583534,465.378,"['Ross Geller enters the room and talks to a woman on the phone, who then hangs up and walks towards him.', 'Ross Geller and the woman on the phone engage in a conversation as they move around the room.', 'The woman on the phone turns to Ross Geller, talks to him, and then walks towards him as he approaches.', 'Ross Geller and the woman on the phone have a conversation as they move closer to each other.', 'The woman on the phone walks towards Ross Geller as he approaches her, and they continue to talk.']",Ross glances quickly between the two Spanish restroom signs as she walks off.
302,473.103,tt0583534,470.462,"['Ross walks into the room and talks on the phone.', 'Ross enters the room, speaking on the phone to a woman.', 'Ross walks in, conversing with a woman on the phone.', 'Ross enters, talking to a woman on the phone.', 'Ross enters the room, speaking with a woman on the phone.']",He bites his nails as he strolls over to Mrs. Bing.
303,483.85,tt0583534,482.83,"['Ross looks at her.', 'Ross faces the woman.', 'Ross gazes at her.', 'Ross looks at her poster.', 'Ross looks at her calmly.']",She crosses her arms.
304,572.315,tt0583534,569.492,"['Joey enters the room, then looks at Ross wiping his nose.', ""Ross wipes his nose, catching Joey's attention."", ""Joey Tribbiani enters and looks at Dr. Ross Geller's nose."", ""Joey Tribbiani enters, then focuses on Ross's nose being wiped."", 'Ross wipes his nose, and Joey looks at him.']",He hurries away as Ross covers his eyes with his hand.
305,640.936,tt0583534,639.175,"['Ross looks at Joey, who crosses his arms.', 'Joey stands with arms crossed, facing Ross.', 'Ross and Joey have a face-to-face conversation.', 'Ross and Joey stand together, looking at each other.', 'Joey stands with arms crossed, looking at Ross.']",Joey forces a smile at Ross.
306,646.816,tt0583534,644.254,"['Chandler gestures with his hands while talking to Ross.', 'Ross stands with crossed arms as Chandler speaks.', ""Chandler's hands move as he converses with Ross."", 'Ross remains still with his arms crossed, listening to Chandler.', ""Chandler's hands animate his conversation with Ross.""]",Chandler grabs the newspaper and heads back inside.
307,696.251,tt0583534,694.63,"['Paolo talks to Ross and Joey.', 'Ross, Paolo, and Joey converse.', 'Joey, Ross, and Paolo chat.', 'The three friends discuss.', 'Paolo, Ross, and Joey talk.']",Rachel leads Paolo down the hall.
308,708.508,tt0583534,707.687,"['Ross enters the room.', 'Ross and Joey chat.', 'Joey joins Ross inside.', 'Ross and Joey converse.', 'Ross and Joey talk.']",Joey follows him.
309,715.953,tt0583534,715.093,"['Joey enters, Ross greets him.', 'Rachel joins Ross and Joey.', 'Ross talks to Joey, Rachel joins.', 'Joey wears his robe, Rachel wears red.', 'Ross and Rachel enter together.']",Monica walks over.
310,726.081,tt0583534,723.239,"['Monica stands in the living room, arms crossed, looking around.', 'Monica is standing in the living room, gazing around.', 'Monica looks around the living room, her arms crossed.', 'Monica stands in the living room, surveying the space.', 'Monica stands with her arms crossed, taking in the living room.']","She stares at them through narrowed eyes, then looks away."
311,737.337,tt0583534,732.376,"['Monica stands at the window, while Phoebe holds balloons and talks to Coma Guy in his hospital bed.', 'Phoebe holds balloons and converses with Coma Guy, who lies in a hospital bed with a pink balloon nearby.', 'Monica looks out the window, while Phoebe chats with Coma Guy, who rests in his hospital bed.', 'Phoebe holds balloons and talks to Coma Guy, who lies in a hospital bed, with a pink balloon beside him.', 'Monica gazes out the window, as Phoebe tends to Coma Guy in his hospital bed with balloons nearby.']","Now, Monica arrives at the hospital with balloons and finds Phoebe playing with the man's hair."
312,742.898,tt0583534,742.098,"['Monica enters with balloons.', 'Phoebe talks to her.', 'Monica visits Coma Guy.', 'Phoebe holds balloons.', 'Monica approaches the bed.']",They eye each other.
313,894.933,tt0583534,893.632,"[""Monica looks at Rachel's notebook."", 'Rachel writes in her notebook.', 'Monica turns to look at Rachel.', ""Monica examines Rachel's notebook."", 'Rachel holds a notebook.']",Phoebe with her guitar.
314,1026.185,tt0583534,1023.943,"['Ross looks at Joey, who leans forward.,.', 'Joey stands up, leaning forward to Ross.,.', 'Ross talks to Joey, who listens intently.,.', 'Ross gazes at Joey, who meets his eyes.,.', 'Joey stands up, looking at Ross closely.']",People around the cafe turn and stare at them.
315,1046.332,tt0583534,1045.671,"['Ross looks at Chandler.', 'Chandler faces Ross.', 'Ross gazes at him.', 'They stare at each other.', 'He faces him.']",He grabs him.
316,1055.789,tt0583534,1053.968,"['Ross stands, speaking to Coma Guy kneeling down.', 'Ross talks to Coma Guy, who holds his hand.', 'Ross speaks to Coma Guy, kneeling beside him.', ""Coma Guy kneels, holding Ross's hand, as he talks."", 'Ross stands, talking to Coma Guy, who holds his hand.']",Chandler bends his finger backwards.
317,1058.95,tt0583534,1056.449,"['Phoebe walks into a hospital room with a guitar.', 'Monica enters a hospital room, followed by Phoebe with a guitar.', 'Phoebe brings a guitar into a hospital room where Monica is present.', 'Monica enters a hospital room, accompanied by Phoebe carrying a guitar.', 'Phoebe walks into a hospital room with Monica, guitar in hand.']",Monica looks around the hospital room to find it empty.
318,1251.223,tt0583534,1249.001,"['Ross pushes Joey against the wall and they run away.', 'Joey stands in front of Ross, who then pushes him against the wall.', 'Ross and Joey run away after a brief encounter.', 'Ross pushes Joey against the wall, then they both move away.', 'Ross and Joey collide against the wall before fleeing.']",He presses his ear against the door.
319,1269.093,tt0583534,1266.872,"['Ross runs into the elevator.', 'Ross Geller enters the elevator quickly.', 'Ross Geller enters the elevator swiftly.', 'Ross Geller steps into the elevator.', 'Ross Geller walks into the elevator.']","Joey runs off, and Ross loiters in the hall."
320,145.914,tt0583598,144.431,"['Chandler holds a dice, looks at Ross.', 'Phoebe talks on the phone, while they sit.', 'Chandler and Ross sit together, reading.', 'Chandler plays with a dice, near Ross.', 'Ross reads a book, as Chandler plays.']",Chandler sets down his yogurt.
321,155.523,tt0583598,154.782,"['Monica holds knife.', 'Monica talks on phone.', 'Monica holds knife phone.', 'Monica grips knife.', 'Monica holds knife tight.']",Her jaw drops.
322,330.95,tt0583598,328.128,"['Ross holds a tablet as Carol talks to him.', 'Carol stands next to Ross as he examines a tablet.', 'Ross looks at a tablet while Carol speaks beside him.', 'Carol talks to Ross as he reviews a tablet.', 'Ross reviews a tablet as Carol converses with him.']",Ross lifts his brows and holds the picture farther away.
323,333.772,tt0583598,331.43,"['Ross holds a tablet and talks to Carol.', 'Ross looks at Carol while holding a tablet.', 'Ross and Carol interact near a tablet.', 'Ross talks to Carol, holding a tablet nearby.', 'Ross holds a tablet, focusing on Carol.']","He nods with a smile, then puts the photo down."
324,429.344,tt0583598,428.083,"['Ross kisses Susan, then walks away.', 'Carol sits and looks at Ross.', 'Ross kisses Susan, then exits.', 'Carol watches Ross walk away.', 'Ross leaves after the kiss.']",He kisses Carol's belly.
325,434.387,tt0583598,431.125,"['Ross walks towards the door as Carol talks to Susan on the couch.', 'Rachel and Susan sit on the couch as Carol talks to them.', 'Ross approaches the door as Rachel and Susan chat with Carol on the couch.', 'Carol sits on the couch, talking to Susan, while Ross walks towards the door.', 'Ross heads towards the door as Carol and Susan have a conversation on the couch.']","He lightly punches Susan's arm, then leaves."
326,435.949,tt0583598,434.408,"['Rachel throws a pillow at Carol.', 'Ross walks out, followed by Susan and Rachel.', 'Rachel gets up and throws a pillow.', 'Susan and Rachel follow Ross out.', 'Rachel tosses a pillow at the couch.']",Susan sits on the couch with a grin.
327,517.009,tt0583598,513.368,"['Joey gestures with his hands as he talks to Chandler in the apartment.', 'Chandler listens intently as Joey speaks in the kitchen area.', 'Joey and Chandler engage in a conversation in the apartment, near the coffee maker.', ""Joey's hands move animatedly as he chats with Chandler in the apartment."", 'The two friends converse in the apartment, surrounded by kitchen items and posters.']","At work, Phoebe preps a massage table as her secretary stands by."
328,535.293,tt0583598,533.633,"['Phoebe stands in front of the massage table.', 'Paolo looks at the massage table.', 'Paolo and Phoebe gaze at the table.', 'Paolo and Phoebe examine the massage table.', 'Paolo and Phoebe inspect the massage table.']",Paolo walks in wearing a robe.
329,574.645,tt0583598,572.404,"['Phoebe takes off her bathrobe to reveal a blue dress.', 'Phoebe shows off her blue dress to him.', 'Phoebe removes her bathrobe, revealing a blue dress underneath.', 'She takes off her bathrobe, revealing a blue dress.', ""Phoebe's blue dress is revealed as she sheds her bathrobe.""]",He drops his robe and Phoebe gives him a blanket.
330,605.672,tt0583598,602.49,"['Monica talks to Phoebe as a suited man approaches the group.', 'Chandler and Joey chat as a man in a suit walks towards them.', 'Monica and Phoebe converse, while a suited man approaches the group.', 'Joey and Chandler talk, as a man in a suit approaches them.', 'Monica and Phoebe chat, with a man in a suit entering their circle.']",Phoebe marches into the cafe with a sour look on her face.
331,677.57,tt0583598,673.587,"['Monica and Phoebe look at Ross as he speaks, while Phoebe pulls a blanket off a sleeping figure on the bed.', 'Phoebe stands up, pulls a blanket off a bed, as Monica and Ross sit on the couch.', 'Ross talks to Monica and Phoebe, who are sitting on the couch, while Phoebe gets up and pulls off a bed blanket.', 'Monica and Phoebe sit on the couch, watching Ross, as Phoebe pulls a blanket off a sleeping person on the bed.', 'Phoebe pulls a blanket off a bed, as Monica and Ross sit on the couch, engaged in conversation.']","Paolo rolls on his side, then glances down to the blanket covering his hips."
332,717.645,tt0583598,711.443,"[""Chandler stands in front of a building, looking at Ross, who gazes at the 'SALES' sign."", ""Ross stands in front of the 'SALES' building, while Chandler looks at him from across the street."", 'Chandler and Ross face off, each standing in front of a building, their eyes locked on each other.', ""Ross stands in front of the 'SALES' building, while Chandler looks at him, their attention focused on the sign."", 'Chandler and Ross stand in front of adjacent buildings, their eyes fixed on each other in a silent exchange.']","At a furniture store, Joey stands with his hands on his hips while Chandler strolls down the aisles past chairs and tables."
333,734.95,tt0583598,733.85,"['Joey gestures wildly, Chandler watches.', ""Chandler observes Joey's animated hands."", 'Joey gesticulates, Chandler listens intently.', 'Joey talks, Chandler stares at him.', ""Joey's hands move, Chandler looks on.""]",Chairs with a bird pattern.
334,759.84,tt0583598,758.379,"['Chandler gestures while talking to Joey.', 'Joey stands arms crossed, Chandler talks animatedly.', 'Chandler discusses with Joey, woman rushes in.', 'Joey crosses his arms, Chandler gesticulates.', 'Chandler talks, Joey listens, woman enters apartment.']",Joey shoots Chandler a look.
335,777.574,tt0583598,776.073,"['Phoebe holds a box and bag.', 'Phoebe looks around the room.', 'Phoebe examines the room contents.', 'Phoebe inspects the box and bag.', ""Phoebe surveys the room's contents.""]",She holds up a small suitcase.
336,817.558,tt0583598,815.516,"['Rachel takes a bowl from Phoebe.', 'Phoebe hands Rachel a bowl.', 'Rachel receives a bowl from Phoebe.', 'Rachel looks at Phoebe with a bowl.', 'Rachel smiles with a bowl on her lap.']",She opens a tin of cookies and holds it out.
337,823.382,tt0583598,821.861,"['Phoebe hands Rachel a bowl.', 'Rachel eats from the bowl.', 'Phoebe looks at Rachel.', 'Phoebe hands Rachel a bowl.', ""Rachel eats from Phoebe's bowl.""]",Rachel takes a cookie and eats it.
338,824.603,tt0583598,823.703,"['Rachel looks at Susan.', 'Susan gazes at a bowl.', 'Rachel looks at Susan.', 'Susan examines a bowl.', 'Rachel looks at Susan.']",Her eyes widen.
339,874.842,tt0583598,872.741,"['Chandler points at the table to Joey.', 'Joey looks at the table as Chandler speaks.', 'Chandler gestures at the table to Joey.', 'Joey listens as Chandler talks about the table.', 'Chandler shows Joey something on the table.']",She points at Chandler with Rachel.
340,887.365,tt0583598,885.204,"['Phoebe picks up a red bottle and drinks from it.', 'Phoebe looks at a magazine and takes a drink.', 'Phoebe sits on the couch, drinking from a red bottle.', 'Phoebe holds a red bottle and takes a sip.', 'Phoebe drinks from a red bottle on the couch.']",She digs in her bag and pulls out a thermos.
341,888.966,tt0583598,887.905,"['Phoebe puts on glasses.', 'Phoebe drinks from a red bottle.', 'Phoebe looks at someone.', 'Phoebe wears glasses and drinks.', 'Phoebe takes a drink.']",She screws off the lid.
342,896.088,tt0583598,892.186,"['Phoebe opens a red bottle and drinks from it, watched by Rachel.', 'Rachel watches as Phoebe drinks from a red bottle.', 'Phoebe drinks from a red bottle, with Rachel observing.', 'Rachel observes Phoebe drinking from a red bottle.', 'Phoebe opens and drinks from a red bottle, with Rachel watching.']","Rachel drinks it straight out of the thermos, tilting her head back as she chugs it."
343,979.914,tt0583598,978.874,"['Phoebe sits down with Rachel.', 'Rachel talks to Phoebe at the table.', 'Phoebe looks at Rachel across the table.', 'Rachel and Phoebe sit at the table.', 'Phoebe joins Rachel at the table.']",Phoebe sits beside her.
344,1000.579,tt0583598,997.558,"['Phoebe walks up to Rachel and hugs her warmly.', 'Rachel sits at a table as Phoebe approaches and hugs her.', 'Phoebe hugs Rachel, who remains seated at the table.', 'Phoebe walks up and gives Rachel a hug at the table.', 'Rachel sits at the table as Phoebe walks up and hugs her.']",Phoebe scoots her chair closer and wraps her arms around Rachel.
345,1002.98,tt0583598,1001.399,"['Phoebe hugs Rachel at the table.', 'Rachel sits at the table, hugged by Phoebe.', 'Phoebe holds Rachel close at the table.', 'Rachel is hugged by Phoebe at the table.', 'Phoebe wraps her arms around Rachel.']",Rachel leans her head on her shoulder.
346,1007.861,tt0583598,1004.059,"['Rachel sits at a table as Phoebe comforts her, playing foosball together.', 'Phoebe stands behind Rachel, putting her arms around her shoulders, as they play foosball.', 'Rachel and Phoebe engage in a conversation while playing a game of foosball.', 'Phoebe consoles Rachel as they sit at a table, then move to play foosball.', 'Rachel and Phoebe play a game of foosball, with Phoebe supporting Rachel from behind.']","Now, Phoebe watches Joey, Chandler, Ross, and Monica play foosball."
347,1027.735,tt0583598,1026.495,"['Ross points at his head.', 'Monica holds a paper.', 'Ross gestures to his head.', 'Monica stands beside Ross.', 'Ross points at his head.']",Monica and Phoebe leave.
348,1069.646,tt0583598,1067.144,"['Chandler and Ross examine the foosball table together.', 'Joey observes Chandler and Ross at the foosball table.', 'Chandler points at the foosball table, with Ross and Joey nearby.', 'Ross and Chandler focus on the foosball table, with Joey watching.', 'The trio stands near the foosball table, engaged in conversation.']","They stare off, hopefully into the distance."
349,1074.049,tt0583598,1070.586,"['Chandler points at the foosball table as Ross and Joey examine it.', 'Ross and Joey stare at the foosball table as Chandler gestures towards it.', 'Joey joins Ross and Chandler as they study the foosball table together.', 'Chandler, Ross, and Joey focus on the foosball table, their eyes scanning its surface.', 'The trio stands around the foosball table, their attention fixed on its details.']","Rachel stands on the balcony, emptying Paolo's suitcase over the edge."
350,1079.514,tt0583598,1077.372,"['Paolo and Ross Geller run towards the building.', 'Ross Geller and Paolo approach the building together.', 'Paolo and Ross Geller rush towards the building.', 'Ross Geller and Paolo sprint towards the building.', 'Paolo and Ross Geller make their way to the building.']",Ross hurries in and finds Phoebe and Monica.
351,1092.604,tt0583598,1090.842,"['Monica stands in front of the fridge with Ross.', 'Ross stands beside Monica at the fridge.', 'Monica and Ross interact near the fridge.', 'Monica is near the fridge, Ross by her side.', 'Ross and Monica are together by the fridge.']",Paolo heads inside.
352,1096.121,tt0583598,1095.0,"['Phoebe and Monica enter the apartment.', 'Ross runs out, followed by Phoebe and Monica.', 'Paolo enters, joined by Phoebe and Monica.', 'Phoebe and Monica talk to Paolo inside.', 'Ross leaves, then Phoebe and Monica enter.']",All three of them scatter.
353,1099.644,tt0583598,1096.521,"['Rachel and Monica chat, while Phoebe joins in the conversation.', 'Ross talks to Paolo, as Rachel and Monica discuss something nearby.', 'Monica and Phoebe converse, while Ross engages with Paolo.', 'Rachel and Monica chat, as Phoebe listens in on their conversation.', 'Phoebe joins the group, as Monica and Rachel discuss something with Ross and Paolo.']",Monica and Phoebe hurry into the kitchen as Ross runs to the door.
354,1102.126,tt0583598,1100.204,"['Phoebe opens the fridge, Paolo enters the room.', 'Ross walks into the room, Phoebe opens the fridge.', 'Phoebe opens the fridge, Ross and Paolo enter the room.', 'Ross and Paolo enter the room, Phoebe opens the fridge.', 'Phoebe opens the fridge, Monica enters the room.']","Phoebe opens the fridge, then closes it."
355,1112.996,tt0583598,1110.673,"['Phoebe opens the fridge, then walks away.', 'Paolo looks at the fridge, then Phoebe turns around.', 'Phoebe opens the fridge, Paolo looks on.', 'Phoebe opens the fridge, then looks at Paolo.', 'Paolo looks at the fridge, Phoebe walks away.']",Phoebe turns away and Paolo moves off.
356,1123.505,tt0583598,1122.123,"['Phoebe hands Ross a tray.', 'Ross walks away with a tray.', 'Phoebe hands Ross something.', 'Ross takes the tray from Phoebe.', 'Ross walks off with the tray.']",She hands him a pan of lasagna.
357,1126.695,tt0583598,1125.593,"['Paolo talks to Monica, holding a tray.', 'Ross opens the door, letting in Ross.', 'Monica holds a tray, Paolo chats.', 'Ross opens the door, Monica waits.', 'Phoebe talks to Ross, he opens door.']",Ross holds the door for him.
358,1137.735,tt0583598,1135.792,"['Monica looks at Ross as he walks towards the living room.', 'Ross walks towards the living room, with Monica watching him.', 'Monica stands in the kitchen, gazing at Ross as he approaches.', 'Ross enters the living room, with Monica observing him from the kitchen.', 'Monica and Ross share a moment as he walks by her in the kitchen.']",The three of them watch Rachel through the window.
359,114.161,tt0583582,113.52,"['Phoebe looks at Monica.', 'Chandler reads magazine.', 'Phoebe and Monica gaze.', 'Chandler watches Phoebe.', 'Phoebe and Monica sit.']",He walks away.
360,263.741,tt0583582,261.8,"['Phoebe stands, while Joey and Ross sit on the couch.', 'Joey looks at Phoebe as she talks to his father.', 'Ross listens to Phoebe as she speaks.', 'Phoebe addresses Joey Tribbiani Sr. on the couch.', 'Joey and Ross sit together, watching Phoebe talk.']",Ross buries his head in Chandler's shoulder.
361,271.464,tt0583582,269.443,"['Ross and Joey step aside to chat.', 'Phoebe talks to Sr. with a smile.', 'Ross and Chandler discuss something quietly.', ""Joey and Chandler join Ross's conversation."", 'Phoebe and Sr. engage in a conversation.']",Chandler sits with a somber expression.
362,277.346,tt0583582,276.506,"['Ross talks to Chandler.', 'Joey laughs loudly.', 'Phoebe talks to Ross.', 'Multiple phones ring.', 'Characters chat around.']",Joey snatches it.
363,300.934,tt0583582,296.833,"['Joey looks at his father while they sit on the couch together.', 'Joey Sr. looks at his son as they have a conversation.', 'Joey Sr. sits on the couch, talking to his son on the phone.', 'Joey Sr. sits on the couch, engaging in a conversation with his son.', 'Joey Sr. sits on the couch, conversing with his son while holding a phone.']",His father sheepishly nods as Joey furrows his brow.
364,304.115,tt0583582,301.494,"['Joey chops mushrooms on a cutting board.', 'Joey talks on the phone while chopping mushrooms.', 'Joey holds a cutting board with mushrooms on it.', 'Joey is on the phone and chopping mushrooms.', 'Joey chops mushrooms on the cutting board, still on the phone.']","Later, Joey angrily dices mushrooms in the kitchen."
365,468.325,tt0583582,466.944,"['Chandler sits with Ross on a couch.', 'Chandler and Ross sit at a table.', 'Chandler and Ross look at each other.', ""Ross listens to Chandler's words."", 'Chandler and Ross sit together.']","Later, Ross sits with Roger."
366,480.727,tt0583582,477.886,"['Ross points at Chandler across the table.', 'Ross gestures to Chandler with his right hand.', 'Chandler sits across from Ross as he points.', 'Ross gestures to Chandler with his right hand across the table.', 'Ross points at Chandler, who sits opposite him.']",Chandler gets up from the table and slaps Ross' shoulders.
367,536.381,tt0583582,534.86,"['Monica and Phoebe hold a bowl.', 'Phoebe looks at Monica with her.', 'Monica and Phoebe stand together.', 'Phoebe and Monica hold food.', 'Roger sits as they chat.']","Later, Roger sits with Rachel."
368,582.998,tt0583582,580.155,"['Monica stands up and walks towards Ross, who stands at the door.', 'Ross stands at the door as Monica approaches him.', 'Monica walks towards Ross, who looks at her at the door.', 'Monica gets up and walks towards Ross, standing at the door.', 'Ross stands at the door as Monica approaches, looking at him.']",Monica and Ross throw cookies at him as he shuts the door.
369,588.262,tt0583582,585.88,"['Monica points at something on the table.', 'Ross stands up and talks to Monica.', 'Monica points at something while Ross stands nearby.', 'Ross stands and talks as Monica gestures on the table.', 'Monica gestures at something on the table, Ross listens.']","Later, Joey and Chandler step out into the hall."
370,622.742,tt0583582,621.881,"['Ronni speaks to Joey and Chandler.', 'Joey and Chandler look at each other.', ""Ronni's hand is held by Joey and Chandler."", 'Joey and Chandler gaze at each other.', 'Hands are clasped together.']",He blinks at her.
371,623.843,tt0583582,622.962,"['Joey and Chandler look at Ronni.', 'Ronni holds a plastic bag.', 'Joey and Chandler gaze at Ronni.', 'Ronni talks to Joey and Chandler.', 'Joey and Chandler focus on Ronni.']",She offers a snack.
372,638.821,tt0583582,636.82,"['Joey holds a cup, talking to Ronni on the couch.', 'Ronni listens to Joey, sitting on the couch.', 'Joey talks to Ronni, holding a cup nearby.', 'Joey and Ronni look at each other on the couch.', 'Joey stands in front of Ronni, holding a cup.']",Ronnie sits with Chandler as Joey paces.
373,651.208,tt0583582,650.568,"['Ronni gestures to Chandler.', 'Chandler listens to Ronni.', 'Ronni talks to Chandler.', 'Ronni speaks to him.', 'Chandler looks at Ronni.']",She poses.
374,777.187,tt0583582,774.844,"['Joey walks away from his father in the kitchen.', 'Chandler lies on the couch with a woman in blue.', 'Joey Sr. stands alone in the kitchen, wearing a brown jacket.', 'Joey Tribbiani wears a black shirt as he moves away.', 'Chandler lies on the couch, surrounded by the woman and red and blue logo.']","Later, Chandler lies on the pull-out sofa."
375,780.349,tt0583582,777.747,"['Chandler looks at Joey sleeping on the couch.', 'Joey sleeps on the couch as Chandler watches.', 'Chandler stares at Joey lying on the couch.', 'Joey is lying on the couch, and Chandler looks at him.', 'Chandler looks at Joey, who is sleeping on the couch.']","Next to him, Joey violently thrashes his legs."
376,924.563,tt0583582,922.742,"['Rachel turns the doorknob and enters the bathroom.', 'Rachel opens the door and goes into the bathroom.', 'Rachel enters the bathroom after opening the door.', 'Rachel enters the bathroom, turning the doorknob.', 'Rachel goes into the bathroom, opening the door.']",She eases open the bathroom door.
377,927.385,tt0583582,925.103,"['Rachel opens the shower curtain.', 'Rachel enters the bathroom and closes the door.', 'Rachel opens the door and enters the bathroom.', 'Rachel closes the shower curtain in the bathroom.', 'Rachel enters the bathroom and opens the door.']",She rips open the shower curtain on Joey.
378,949.034,tt0583582,947.093,"['Rachel walks down the street.', 'Rachel strolls past parked cars and trees.', 'Rachel steps around buildings and trees.', 'Rachel passes by buildings and trees.', 'Rachel walks past cars and buildings.']",Taxis stream down Manhattan streets.
379,951.435,tt0583582,949.554,"['Rachel walks towards Chandler reading on the couch.', 'Chandler sits on the couch reading a newspaper.', 'Rachel and Chandler look at each other.', 'Rachel approaches Chandler on the couch.', 'Rachel and Chandler gaze at each other.']",Phoebe finds her friends at Central Perk.
380,995.701,tt0583582,992.3,"['Phoebe talks as Joey jumps onto the sofa and sits down.', 'Joey jumps onto the sofa, holding a pillow, as Phoebe talks.', 'Phoebe talks while Joey sits down on the sofa with a pillow.', 'Joey holds a pillow and jumps onto the sofa as Phoebe converses.', 'Phoebe talks as Joey takes a seat on the sofa with a pillow.']","Later, Joey tries to shove the folding mattress back into the sofa."
381,999.924,tt0583582,998.623,"['Joey jumps off the sofa.', 'Rachel walks to the kitchen.', 'Chandler and Phoebe walk to Gloria.', 'Joey enters the kitchen.', 'The group gathers in the kitchen.']",The mattress springs toward him.
382,1002.965,tt0583582,1000.464,"['Joey opens the fridge, then talks to Gloria.', 'Gloria holds a bag while talking to Joey.', 'Joey opens the fridge, then looks at Gloria.', 'Joey opens the fridge, then converses with Gloria.', 'Gloria talks to Joey near the fridge.']",He opens the door to a woman holding a brown bag.
383,1027.318,tt0583582,1025.757,"['Gloria walks towards Joey in the room.', 'Joey looks at Gloria in the kitchen.', 'Gloria approaches Joey in the living room.', 'Gloria walks into the kitchen to join Joey.', 'Gloria enters the room and meets Joey.']",She shoves the mattress into the couch.
384,168.505,tt0583587,166.784,"['Susan raises her hand, Phoebe looks at it.', 'Joey looks at his hand, then at Phoebe.', 'Susan and Phoebe look at each other.', ""Phoebe and Susan examine each other's hands."", 'Susan, Phoebe, and Joey glance at their hands.']",Rachel chucks a biscuit at Joey.
385,169.445,tt0583587,168.805,"['Susan walks to Joey.', 'Joey gestures to Susan.', 'Susan points at Joey.', 'Phoebe and Chandler watch.', 'Susan approaches Joey.']",He picks it up.
386,189.869,tt0583587,186.708,"['Ross and Joey hug each other before Ross sits down.', 'Joey and Ross hug, then Ross takes a seat.', 'Ross and Joey share a warm hug before Ross sits.', 'Ross hugs Joey and then sits down.', 'Joey and Ross hug, then Ross settles in.']",Chandler and Ross hold each other as they try to walk toward the door.
387,196.911,tt0583587,190.749,"['Joey eats and talks while Chandler listens intently, their conversation unfolding across the table.', 'Chandler gazes at Joey as he eats, their conversation flowing smoothly amidst the clinking of utensils.', 'Joey savors his meal while Chandler responds to his words, the atmosphere calm and relaxed.', 'Joey and Chandler engage in conversation, their plates and utensils a testament to their leisurely meal.', 'Chandler watches Joey eat, his eyes fixed on his friend as they chat and laugh together.']","Later, at an upscale restaurant, Chandler slouches in his seat as Joey scrutinizes his reflection in a butter knife."
388,206.51,tt0583587,203.908,"['John puts his hand on his head, while Michael talks to him.', 'Michael talks to John, who puts his hand on his head.', 'John and Michael converse, with John touching his head.', 'John touches his head as Michael speaks to him.', 'Michael talks to John, who gestures to his head.']",A woman enters the restaurant in a tight black dress.
389,216.578,tt0583587,215.517,"['Chandler hugs a woman.', 'Joey laughs with Chandler.', 'Woman hugs Chandler tightly.', 'Joey watches her walk.', 'Chandler is hugged by her.']",Lorraine and Joey hug.
390,217.699,tt0583587,216.778,"['Chandler and Joey hug her.', 'Joey gets hugged by her.', 'Chandler hugs her tightly.', 'She hugs Chandler and Joey.', 'Chandler and Joey are hugged.']",She looks at Chandler.
391,240.134,tt0583587,236.812,"['Joey touches his face as Chandler gives a thumbs up.,.', 'Chandler gives a thumbs up as Joey strokes his cheek.,.', 'Joey strokes his face while Chandler offers a thumbs up.,.', ""Joey's hand moves to his face as Chandler gives a thumbs up.,."", 'Chandler gives a thumbs up, and Joey touches his face.']","Joey gives Lorraine a thumbs up as she leaves, then tilts his head."
392,247.377,tt0583587,246.177,"['Chandler looks at Joey in the mirror.', 'Joey holds a cup and stares at himself.', 'Chandler and Joey examine each other.', 'Joey looks at himself in the mirror.', 'Chandler and Joey gaze at the mirror.']",Janice spots Chandler.
393,255.201,tt0583587,252.079,"['Chandler looks at Joey as they stand in a room.', 'Joey listens intently to Chandler in a quiet space.', 'Chandler and Joey face each other in a conversation.', 'The two friends stand together, engaged in a discussion.', 'Chandler and Joey stand in a room, focused on their conversation.']","Chandler stands frozen, then finally turns to see her."
394,262.798,tt0583587,258.034,"['Chandler looks at himself in the mirror, then turns around to face the door.', 'Chandler turns around with a surprised expression, looking at the door.', 'Chandler looks at himself in the mirror with a serious expression, then turns around.', 'Chandler looks at the door with a concerned expression after turning around.', 'Chandler turns around and looks at the door, his expression changing from serious to concerned.']","Later in the bathroom, Chandler pounds his head against the wall while Joey stands at a urinal."
395,294.337,tt0583587,291.516,"['Chandler walks towards the toilet stall, waving at Joey.', 'Joey looks at Chandler as he approaches the toilet stall.', 'Chandler waves at Joey, heading towards the toilet stall.', 'Joey watches as Chandler walks towards the toilet stall.', 'Chandler walks towards the toilet stall, waving at Joey who stands nearby.']",Chandler sneaks up behind Joey and leans to his ear.
396,394.538,tt0583587,389.777,"['Phoebe and Joey share a romantic kiss, while Monica and Chandler exchange tender glances.', ""Chandler and Monica's eyes lock as they share a passionate kiss, amidst Phoebe and Joey's romantic moment."", ""Joey and Phoebe's lips meet, while Monica and Chandler gaze lovingly at each other."", ""Monica and Chandler's romance blossoms as they lock eyes and share a kiss, amidst Joey and Phoebe's affectionate moment."", ""Phoebe and Joey's kiss is interrupted by Monica and Chandler's romantic gaze, as they share a tender moment.""]","Meanwhile at the restaurant, Joey and Lorraine eat opposite ends of a breadstick, then kiss."
397,396.738,tt0583587,394.958,"['Chandler kisses Phoebe, then Monica, then Rachel.', 'Chandler smooches Phoebe, then Monica, then Rachel.', 'Chandler shares kisses with Phoebe, Monica, and Rachel.', ""Chandler's lips touch Phoebe's, then Monica's, then Rachel's."", 'Chandler plants kisses on Phoebe, Monica, and Rachel.']",Janice and Chandler glare at each other.
398,408.672,tt0583587,407.011,"['Monica looks at Susan at the table.', 'Susan listens to Monica at the table.', 'Monica and Susan sit at the table.', 'Monica and Susan sit with plates and glasses.', 'Monica talks to Susan at the table.']",His eyes widen and he looks down.
399,416.64,tt0583587,414.638,"['Joey looks at Susan, who looks at Chandler.', 'Susan holds a wine glass, as Joey and Chandler watch.', 'Chandler listens to Susan, while Joey looks on.', 'Joey and Susan gaze at each other, with plates nearby.', 'Susan, Joey, and Chandler sit at the table, sipping wine.']",Chandler glances over and sneers.
400,518.308,tt0583587,517.289,"['Chandler walks into the restaurant.', 'Chandler approaches a table.', 'He looks at the two people.', 'Chandler enters the restaurant.', 'He approaches the table.']",Chandler steps away.
401,528.51,tt0583587,526.63,"['Chandler walks past the table, looking at the couple.', 'Chandler walks by, glancing at the couple seated.', 'Chandler walks by, looking at the couple at the table.', 'Chandler walks past, taking a glance at the couple.', 'Chandler walks by, briefly looking at the couple.']",He zips up and returns to the table.
402,612.282,tt0583587,609.78,"['Monica enters the room, then she and Chandler hug.', 'Chandler and Monica share a romantic kiss.', 'Monica walks in, and they hug each other tightly.', 'Chandler and Monica kiss, then hold each other close.', 'Chandler and Monica share a passionate kiss, then hug.']","As they kiss, Monica steps out to get her paper."
403,709.668,tt0583587,707.647,"['Ross holds a menu with Susan, as Carol observes.', 'Carol watches as Ross and Susan peruse a menu.', 'Susan holds a menu as Ross talks to her, with Carol nearby.', 'Ross and Susan examine a menu, with Carol standing by.', 'Carol observes Ross and Susan discussing a menu together.']",The couple sits directly across from them.
404,753.03,tt0583587,751.77,"['Carol speaks to Susan Bunch.', 'Susan Bunch waves at Carol.', 'Carol and Susan Bunch sit at a table.', 'Susan Bunch gestures to Carol.', 'Carol and Susan Bunch converse together.']",They all wave awkwardly.
405,756.151,tt0583587,753.05,"['Ross talks to Carol and Susan while Carol waves her hand.', 'Susan looks at Ross as he converses with Carol.', 'Ross discusses something with Carol and Susan, who waves her hand.', 'Carol waves her hand as Ross talks to Susan and him.', 'Ross chats with Carol and Susan, who gestures with her hand.']","At Monica's, a fire burns in a small trash can."
406,877.139,tt0583587,873.957,"['Ross and Susan eat with chopsticks, gazing at each other.', 'Susan and Ross sit together, both eating with chopsticks.', 'Ross looks at Susan as they eat with chopsticks.', 'Susan and Ross share a meal, using chopsticks.', 'Ross and Susan eat a meal together, hands moving with chopsticks.']","Carol and Susan grin and applaud, and Ross turns to his date."
407,905.15,tt0583587,903.289,"['Carol eats with chopsticks, looking at Ross.', 'Ross looks at Carol while eating with chopsticks.', 'Carol and Ross eat with chopsticks, gazing at each other.', 'Ross watches Carol eat with chopsticks.', 'Carol and Ross eat with chopsticks, their eyes locked.']","Susan leaves Carol, who slumps."
408,907.751,tt0583587,905.73,"['Ross looks at Susan while eating with chopsticks.', 'Ross, Susan, and Carol eat with chopsticks together.', 'Ross and Susan share a moment while eating with chopsticks.', 'The trio enjoys a meal with chopsticks in hand.', 'Ross, Susan, and Carol dine with chopsticks in view.']",Ross's neighbor stares at him expectantly.
409,1017.782,tt0583587,1014.64,"['Monica stands and looks at Rachel, who listens intently.', 'Monica talks to Rachel, who stands and focuses on her.', 'Monica and Rachel engage in a conversation, standing together.', 'Rachel listens to Monica, who stands and speaks.', 'Monica and Rachel have a conversation, standing and interacting.']","Meanwhile, at Central Perk, Joey watches Chandler and Janice."
410,1025.165,tt0583587,1022.004,"['Chandler holds a napkin to his mouth, studying a paper.', ""Joey sits beside Chandler, observing his friend's curious behavior."", 'Chandler examines a piece of paper, holding a napkin to his mouth.', 'Chandler sits on the couch, looking at a paper, while Joey watches.', ""Joey sits next to Chandler, gazing at the piece of paper in his friend's hand.""]",Janice produces a bag of candy from her purse and hands it to him.
411,1036.712,tt0583587,1034.831,"['Monica hands Chandler a card and they laugh.', 'Rachel and Monica sit close as Monica leans on Chandler.', 'Chandler smiles as Monica hands him a card.', 'Monica opens a bag and gives Chandler a card.', ""Monica leans on Chandler's shoulder as they laugh.""]",Joey signals Chandler to move it along.
412,1038.133,tt0583587,1036.932,"['Joey shows Chandler the phone.', 'Chandler looks at the phone.', 'Joey holds the phone for Chandler.', 'Chandler examines the phone with Joey.', ""Joey shows Chandler the phone's screen.""]",Chandler throws the bag.
413,1060.858,tt0583587,1058.837,"['Chandler gestures with his hands as he speaks.', 'Chandler looks at the woman as he talks.', 'Chandler and the woman engage in a conversation.', ""The woman listens to Chandler's words."", ""Chandler's hands move as he talks to her.""]",Chandler winces in anticipation.
414,189.985,tt0583649,188.523,"['Monica gestures to Phoebe.', ""Phoebe's hands move animatedly."", ""Monica looks at Phoebe's gestures."", ""Phoebe's eyes meet Monica's gaze."", 'Monica and Phoebe engage in conversation.']",Monica taps Phoebe's shoulder.
415,374.819,tt0583649,373.039,"['Phoebe looks at Rachel, holding a plate of food.', 'Monica gazes at Phoebe, near a bowl and bottle.', 'Chandler talks, looking at Phoebe, with food nearby.', 'Phoebe and Monica interact, with a plate and water present.', 'Rachel listens, as Phoebe speaks, with a plate nearby.']",Everyone turns to stare at Ross.
416,402.637,tt0583649,400.957,"['Ross looks at Celia holding a cat.', 'Celia holds a cat on the shelf.', 'Ross looks at Celia with a cat.', 'Cat jumps on the shelf near Ross.', 'Ross sees Celia with the cat.']",The monkey hangs off Celia's hair.
417,447.524,tt0583649,444.582,"['Monica walks away from the table, Joey looks at her, and Rachel follows her gaze.', 'Joey looks at Monica as she leaves the table, while Rachel watches her go.', 'Rachel and Joey exchange glances as Monica walks away from the table.', 'Monica exits the table, and Joey and Rachel observe her departure.', 'Joey and Rachel both look at Monica as she walks away from the table.']",Chandler enters jacketless with his shirt and tie undone.
418,449.226,tt0583649,447.945,"['Chandler enters and looks around.', 'Monica, Phoebe, and Rachel stare at Chandler.', 'Chandler looks at Monica and the floor.', 'The group looks at Chandler, then the floor.', 'Chandler and the friends gaze at the floor.']",He holds a sheaf of paper.
419,510.321,tt0583649,507.72,"['Monica feeds Chandler from a plate of food.', 'Monica holds a plate and feeds Chandler.', 'Chandler eats from a plate held by Monica.', 'Monica looks at Chandler while feeding him.', 'Monica feeds Chandler, focusing on him.']",Chandler eats the morsel and chews it thoughtfully.
420,518.685,tt0583649,517.565,"['Monica talks to Chandler.', 'Chandler listens to Monica.', 'Monica holds the phone.', 'Chandler stands next to Monica.', 'Monica talks on the phone.']",Monica grabs the phone.
421,541.603,tt0583649,539.942,"['Monica holds a bottle of water.', ""Rachel listens to Monica's words."", 'Monica and Rachel gaze at Joey.', 'Joey sits on the floor with them.', 'Monica and Rachel focus on Joey.']",Joey nervously bolts out of the way.
422,577.42,tt0583649,573.278,"['Rachel and Monica hold drinks while Chandler holds a plate, exchanging glances.', 'Chandler holds a plate as Rachel and Monica look at him, then back at each other.', 'Rachel and Monica hold drinks, looking at Chandler as he holds a plate.', 'Chandler holds a plate, looking at Rachel and Monica as they hold drinks.', 'Rachel, Monica, and Chandler engage in a conversation, Rachel and Monica holding drinks, Chandler holding a plate.']",Monica and Rachel glare at him.
423,596.002,tt0583649,593.981,"['Ross and Celia share a romantic kiss.', 'Celia and Ross gaze at each other tenderly.', ""Ross and Celia's eyes lock in a romantic moment."", 'Ross and Celia passionately lock lips.', 'The couple shares a romantic kiss.']",They pull away and he takes a deep breath.
424,803.476,tt0583649,798.075,"['Chandler and Joey stand together, holding hockey sticks, while Ross looks on.', 'Joey holds a hockey stick, looking at Chandler, as Ross stands nearby.', 'Chandler and Joey face each other, both holding hockey sticks, with Ross observing.', 'Ross stands with a hockey stick, watching Chandler and Joey, who are also holding sticks.', 'Chandler, Joey, and Ross stand together, all holding hockey sticks, in a trio.']","He and Joey turn around slowly, finding Chandler chewing his lip with a satisfied smirk."
425,806.917,tt0583649,804.236,"['Chandler laughs with Joey by his side.', 'Joey stands next to Chandler as he speaks.', 'Chandler and Joey chat and laugh together.', 'Joey is present as Chandler speaks and laughs.', 'Chandler and Joey share a laugh together.']",Ross purses his lips and Joey furrows his brow.
426,809.059,tt0583649,807.718,"['Joey talks to Ross and Chandler.', 'Ross, Joey, and Chandler converse.', 'Joey chats with Ross and Chandler.', 'The three friends discuss.', 'Ross, Joey, and Chandler chat.']",Chandler gestures them on.
427,836.384,tt0583649,835.343,"['Ross looks at Joey.', 'Joey stands next to Ross.', 'Ross gazes at Joey.', 'Ross talks on phone.', 'Ross focuses on Joey.']",Joey gets the phone.
428,886.066,tt0583649,884.525,"['Chandler looks at Ross while eating.', 'Ross looks at Chandler while he eats.', 'Chandler glances at Ross as Joey takes a bite.', 'Joey bites into his sandwich as they chat.', ""Chandler and Ross engage in conversation over Joey's snack.""]",Chandler hangs up and shrugs.
429,892.195,tt0583649,890.074,"['Chandler runs down the city street.', 'Chandler runs outside amidst tall buildings.', 'Chandler runs past a fountain.', 'Chandler runs down a busy city street.', 'Chandler runs along the city sidewalk.']",It's so much bigger than the cubicle.
430,893.916,tt0583649,893.115,"['Chandler holds paper.', 'Ross talks to Chandler.', 'Phoebe joins the group.', 'Joey hands Chandler paper.', 'Three friends gather.']",Look at this.
431,932.131,tt0583649,929.929,"['Chandler sits down at the desk, Phoebe beside him.', 'Phoebe sits next to Chandler at the desk.', 'Chandler and Phoebe sit down together.', 'Phoebe joins Chandler at the desk.', 'Chandler and Phoebe sit adjacent at the desk.']",They sit down on opposite sides of the desk.
432,938.215,tt0583649,935.133,"['Phoebe looks at Chandler, who sits at a desk with a computer.', 'Chandler sits at a desk, staring at Phoebe, with a computer nearby.', 'Phoebe talks to Chandler, who looks at her from his desk with a computer.', 'Chandler sits at a desk, looking at Phoebe, with a phone and computer present.', 'Phoebe and Chandler interact, with a desk, computer, and phone in the scene.']",A middle-aged woman saunters in with an annoyed frown.
433,939.816,tt0583649,938.836,"['Phoebe enters the room.', 'Chandler looks surprised at Phoebe.', ""Phoebe looks at Chandler's desk."", ""Chandler's eyes widen at Phoebe."", ""Phoebe approaches Chandler's papers.""]",She lifts her brows.
434,1030.056,tt0583649,1028.775,"['Phoebe and Rachel talk to Steve.', 'Steve looks at Monica behind him.', 'Phoebe and Rachel converse with Steve.', 'Steve glances at Monica Geller.', 'Phoebe, Rachel, and Steve interact.']",Steve looks around the place.
435,1040.043,tt0583649,1037.941,"['Steve and Monica converse with Phoebe nearby.', ""Phoebe joins Monica's conversation with Steve."", 'Monica talks to Steve and Rachel simultaneously.', ""Rachel approaches Monica, who's talking to Steve and Phoebe."", 'Steve, Phoebe, and Rachel surround Monica in discussion.']","Rachel follows them, but Phoebe pulls her back."
436,1170.457,tt0583649,1167.475,"['Steve holds a can of soda while talking to Monica.', 'Monica stands in front of Steve, gesturing with her hands.', 'Steve holds a can of soda as they converse face-to-face.', 'Steve and Monica face each other, Steve holding a can of soda.', 'Monica stands before Steve, her hands moving as they talk.']","Monica pauses, then grins and points at Steve."
437,1171.798,tt0583649,1170.898,"['Steve holds sugar box.', 'Monica talks, Steve looks.', 'Steve holds, Monica speaks.', 'Steve gazes at Monica.', 'Steve holds sugar, Monica stands.']",He drops the box.
438,1181.987,tt0583649,1178.204,"['Steve throws a box at Monica, who turns around and walks away.', 'Steve throws a box, which misses Monica as she walks away.', 'Monica walks away after Steve throws a box at her.', 'Steve throws a box, which is ignored by Monica as she turns around and walks away.', 'Steve throws a box, and Monica turns around to walk away.']","As Monica picks up the box, Steve sneaks a bag of gummy bears in his coat."
439,1187.161,tt0583649,1185.26,"['Steve sits down at the table with a can of soda.', 'Monica walks to the table, looking at Steve.', 'Steve opens a can of soda at the table.', 'Steve sits at the table with a soda nearby.', 'Monica approaches Steve at the table.']",Steve sits and tries to open the bag.
440,165.994,tt0583568,165.074,"['Monica looks at Phoebe.', 'Phoebe and Monica gaze.', 'Monica and Phoebe stare.', 'Phoebe looks at Monica.', 'They share a glance.']",She blinks up at him.
441,178.196,tt0583568,176.155,"['Phoebe and Monica sit on a couch together.', 'Phoebe talks as Monica listens attentively.', 'Phoebe and Monica gaze at each other.', 'Phoebe shares something with Monica on the couch.', 'Monica and Phoebe sit on the couch, conversing.']","She looks at Chandler, who sits frozen."
442,350.903,tt0583568,350.222,"['Chandler gestures to her.', 'Chandler talks with hands.', 'He looks at her.', ""Chandler's hands move."", 'He talks animatedly.']",She smirks.
443,355.487,tt0583568,352.906,"['Chandler gestures with his hands while talking to Monica.', ""Monica sits and listens to Chandler's conversation."", 'Chandler looks at Monica as he speaks.', 'Monica looks at Chandler as he talks.', 'Chandler and Monica engage in a conversation.']","He points at her with a choked laugh, and she grins."
444,385.062,tt0583568,383.941,"['Monica points remote at the ferret.', 'Ross watches the ferret jump onto the table.', 'Monica holds remote, Ross observes.', 'Ferret jumps, Monica and Ross react.', 'Ross sits, Monica aims at the ferret.']",He turns on the TV.
445,390.846,tt0583568,388.424,"['Ross and Monica watch as the cat jumps around the room.', 'The cat leaps from table to couch to floor, captivating Ross and Monica.', 'Ross and Monica observe as the cat jumps off the coffee table.', ""The cat's acrobatic feats entertain Ross and Monica in the living room."", 'Monica and Ross watch in amusement as the cat jumps and plays.']",The monkey hops over the couches and hits a button.
446,405.777,tt0583568,404.696,"[""Ross looks at Monica's food."", 'Monica holds food near Ross.', 'Ross stares at his phone.', ""Monica stands near Ross's phone."", ""Ross looks at Monica's plate.""]",Ross tries the remote.
447,428.84,tt0583568,427.058,"['Monica holds food with chopsticks.', 'Rachel and Monica share a meal.', 'Monica and Rachel sit together eating.', 'Monica and Rachel use chopsticks to eat.', 'Monica and Rachel enjoy a plate of food.']",Rachel jabs her chopsticks at a note.
448,432.764,tt0583568,431.362,"['Monica holds a water bottle.', 'Rachel holds a plate with chopsticks.', 'Monica talks to Rachel with a bottle.', 'Monica and Rachel converse with food.', 'Rachel uses chopsticks on the plate.']",Joey swaggers in with a grin.
449,474.301,tt0583568,470.44,"['Phoebe looks at Monica as she holds a bottle of water.', 'Monica holds a bottle of water as Phoebe talks to her.', 'Phoebe and Monica engage in conversation, with Monica holding a bottle.', 'Monica holds a water bottle as Phoebe Buffay converses with her.', 'Monica Geller holds a bottle of water while talking to Phoebe Buffay.']",The baby looks at her hands and her eyebrows twitch up and down.
450,495.38,tt0583568,492.44,"['Ross stands up and talks to Monica on the couch.', 'Rachel holds a remote control and a water bottle on the couch.', 'Monica looks at Ross as he talks to her on the couch.', 'Ross stands up and talks to Monica, with Rachel watching them.', 'Monica sits on the couch, looking at Ross, with Rachel nearby.']","He steps away, and she sinks onto the couch beside Ross."
451,512.133,tt0583568,508.631,"['Phoebe and Ross watch a TV scene with two people walking down a street.', 'Phoebe and Ross sit on a couch, engrossed in a movie scene.', ""Phoebe and Ross watch a movie on TV, observing a couple's stroll."", 'Phoebe and Ross sit together on a couch, taking in a TV scene.', 'Phoebe and Ross sit on a couch, watching a TV scene with people walking.']","Now, Ross hurries into Lamaze class and steps on a baby doll's head."
452,516.516,tt0583568,512.153,"['Ross enters the room and hands a baby doll to the woman.', 'Ross picks up a baby doll from the floor and hands it to her.', 'He enters the room, picks up a baby doll, and hands it to her.', 'Ross enters, takes a baby doll, and gives it to the woman.', 'He enters, grabs a baby doll, and hands it over to her.']",He hands the doll to JC and Michael.
453,519.217,tt0583568,518.717,"['Ross hands baby to Susan.', 'Ross gives baby to Susan.', 'Susan receives baby from Ross.', 'Ross hands over the baby.', 'Susan gets the baby from Ross.']",To Susan.
454,552.865,tt0583568,548.305,"['Ross holds a baby in his arms as Susan stands beside him, a woman sits on the floor with a dog nearby.', 'Susan talks to Ross as he cradles a baby, a man in a blue shirt enters and exits the frame.', 'Ross holds a baby as Susan chats with him, a woman in a brown skirt sits on the floor with a dog by her side.', 'Susan and Ross converse while he holds a baby, a man in a blue shirt briefly walks in and out of the scene.', 'Ross holds a baby as Susan talks to him, a woman sits on the floor with a dog, a man in a blue shirt enters and exits.']","As the couples get into position, Susan and Ross both gesture the other toward the floor."
455,680.624,tt0583568,678.241,"['Phoebe and Rachel sit, hands gesturing as they converse.', 'Rachel and Phoebe engage in animated hand gestures.', 'Phoebe and Rachel sit, cups and saucers nearby.', 'Rachel and Phoebe chat, hands moving freely.', 'The friends sit, cups and a plate on the table.']",Rachel blinks as Phoebe sips from her mug.
456,691.938,tt0583568,690.735,"['Rachel walks out of the coffee shop.', 'Phoebe follows Rachel out the door.', 'Rachel and Phoebe share a glance.', 'Rachel exits the coffee shop, Phoebe behind.', 'Rachel and Phoebe walk out together.']",Rachel gets back to work.
457,698.365,tt0583568,697.304,"['Phoebe gestures to Rachel.', 'Rachel nods to Phoebe.', 'Phoebe talks to Rachel.', 'Rachel listens to Phoebe.', 'Phoebe and Rachel chat.']",They take off their coats.
458,709.647,tt0583568,707.946,"['Phoebe walks to the bar and picks up a cup.', 'Phoebe interacts with the barista and takes a cup.', 'Phoebe walks to the table with a cup in hand.', 'Phoebe picks up a cup and returns to her table.', 'Phoebe gets a cup from the bar and walks back.']",They spot Phoebe.
459,862.055,tt0583568,860.414,"['Phoebe puts on a sweater.', 'Joey looks at Phoebe wearing a sweater.', 'Phoebe takes off the sweater and puts it in a bag.', 'Phoebe puts on a sweater and looks at Joey.', 'Phoebe takes off a sweater and puts it in a bag.']",She drops the shirt and storms off.
460,872.583,tt0583568,870.601,"['Chandler holds a cloth, talking to Monica and Joey.', 'Monica stands, holding a cloth, near Chandler and Joey.', 'Joey talks to Chandler and Monica, both holding cloths.', 'Chandler sits, holding a cloth, with Monica and Joey standing.', 'Chandler, Monica, and Joey gather, holding cloths and talking.']",Joey wanders over to the table.
461,897.075,tt0583568,894.495,"['Phoebe holds a cup while talking to Joey and knitting.,.', 'Joey and Chandler sit, holding cups as they converse.,.', 'Monica knits while holding a needle, surrounded by others.,.', 'Phoebe talks and holds a cup, with Joey and Chandler nearby.,.', 'The group gathers, each holding a cup as they chat.']",She curls her lip at Joey and he stares her down.
462,898.916,tt0583568,897.716,"['Chandler looks at Joey holding cloth.', 'Joey holds a piece of cloth.', 'Chandler looks at Joey holding.', 'Joey holds cloth for Chandler.', 'Chandler examines the cloth held.']",Chandler eyes Monica.
463,904.903,tt0583568,901.481,"['Monica knits while Joey looks at her, and Rachel watches.', 'Joey talks to Chandler as Monica knits nearby, with Rachel observing.', ""Rachel looks at Monica, who's knitting, while Joey chats with Chandler."", 'Chandler and Joey engage in conversation, with Monica knitting and Rachel nearby.', 'Monica knits as Joey and Chandler chat, with Rachel looking on.']",She frantically returns to knitting and Rachel unwinds more yarn.
464,908.045,tt0583568,905.703,"['Monica hugs Rachel tightly in the indoor setting.', 'Monica and Rachel share a warm hug indoors.', 'Rachel and Monica hug each other in the room.', 'Monica and Rachel hold a close hug inside.', 'Rachel and Monica embrace each other indoors.']","Now at his office, Chandler makes out with Nina."
465,910.966,tt0583568,908.585,"['Chandler hugs the woman in the red sweater.', 'Chandler holds the woman in a tight hug.', 'Chandler wraps his arms around the woman in red.', 'Chandler hugs the woman in the bright sweater.', 'Chandler gives the woman in red a warm hug.']",They jolt apart as his boss opens the door.
466,923.135,tt0583568,922.594,"['Chandler laughs at screen.', 'Chandler points at computer.', 'He interacts with computer.', 'Chandler laughs at screen.', 'Chandler looks at screen.']",She leaves.
467,980.589,tt0583568,978.268,"['Chandler looks at someone while talking.', 'Chandler is looking at someone.', 'Chandler is talking to someone.', 'Chandler is engaged in conversation.', 'Chandler has a conversation with someone.']","At Lamar's class, the group watches a video."
468,994.19,tt0583568,992.949,"['Carol looks at Ross holding the baby.', 'Ross holds the baby for Carol.', 'Carol gazes at the baby.', 'Ross looks at the baby with Carol.', 'Carol and Ross admire the baby.']",Ross picks up a baby doll.
469,1289.224,tt0583568,1288.104,"['Phoebe talks to Monica and Ross.', ""Monica laughs at Phoebe's words."", ""Ross looks at Phoebe's face."", 'Phoebe addresses Monica and Ross.', ""Ross gazes at Phoebe's words.""]",They all stare at Phoebe.
470,1297.969,tt0583568,1295.068,"['Phoebe walks into the elevator, opening the door with ease.', 'Phoebe opens the elevator door and steps inside, entering the space.', 'Phoebe walks down the hall, entering the elevator with a smooth motion.', 'Phoebe opens the elevator door, taking a step inside the compartment.', 'Phoebe enters the elevator, opening the door with a gentle touch.']","Crossing the hall, she knocks on Joey and Chandler's door."
471,179.597,tt0583510,177.275,"['Chandler talks to Ross while Monica reads a book.', 'Ross talks to Chandler while Monica reads a book.', 'Monica reads a book as Ross talks to Chandler.', 'Chandler and Ross converse while Monica reads.', ""Ross and Chandler chat near Monica's book.""]",Rachel pours coffee for Monica and Phoebe.
472,183.68,tt0583510,180.137,"['Ross looks at Chandler, who gazes back at him, sitting near a coffee table with a cup and book.', 'Chandler listens intently as Ross speaks, both seated by a coffee table with a cup and book.', 'Ross engages Chandler in conversation, their conversation taking place near a coffee table with a cup and book.', 'Chandler and Ross sit together, Ross speaking to him as they sit near a coffee table with a cup and book.', 'Ross and Chandler converse, sitting near a coffee table with a cup and book, their faces turned towards each other.']","His arms tightly crossed, Ross glances at Chandler, who smirks."
473,194.179,tt0583510,191.418,"['Chandler looks at Ross as they sit with coffee cups.', 'Ross looks at the camera as Chandler sips his coffee.', 'The waitress serves coffee to Chandler and Ross.', 'Chandler and Ross sit at a table with their coffee cups.', 'Chandler glances at Ross as they enjoy their coffee.']",Ross rests his chin on the table and Chandler smacks him.
474,195.28,tt0583510,194.46,"['Chandler nods in agreement.', 'Ross nods in response.', 'Chandler nods back.', 'Ross starts talking.', 'They nod together.']",Joey steps in.
475,269.233,tt0583510,267.512,"['Phoebe deals cards to the group.', 'Ross looks at his cards, Monica enters.', 'Phoebe deals cards, Ross examines his.', 'Monica walks in, Phoebe hands out cards.', 'Ross studies his cards, Monica appears.']",Monica shows her cards to Chandler.
476,286.867,tt0583510,285.526,"[""Ross looks at Phoebe's cards."", 'Phoebe and Ross examine their cards.', ""Ross glances at Phoebe's hand."", 'Phoebe and Ross study their cards.', ""Ross looks at Phoebe's cards closely.""]",Monica gets a plate of snacks.
477,302.701,tt0583510,300.2,"['Phoebe holds cards, while Ross and others discuss.', 'Rachel talks to Chandler, as others hold cards nearby.', 'Monica chats with Joey, surrounded by card-holding friends.', 'Joey and Monica converse, with Ross and others holding cards.', 'Phoebe and Ross engage in conversation, with others holding cards.']",Ross cranes his neck to the side in frustration.
478,304.701,tt0583510,303.281,"['Phoebe brings pizza to the table.', 'Ross looks at Phoebe, she holds pizza.', 'Monica and Chandler interact, Phoebe approaches.', 'Rachel and Joey converse, Phoebe serves pizza.', 'Phoebe brings pizza, others gather around.']",Monica returns to the table.
479,321.705,tt0583510,320.385,"['Rachel looks at Joey holding cards.', 'Joey holds cards for Chandler.', 'Chandler looks at Rachel with cards.', 'Joey holds a glass of water.', 'Rachel gazes at Joey and Chandler.']",She gives him a knowing smirk.
480,448.74,tt0583510,447.66,"['Ross stands, Rachel listens.', 'Monica sits, Ross talks.', 'Joey sits, listening intently.', 'Rachel stands, Ross addresses her.', 'The group sits, Ross speaks.']",Everyone stares at him.
481,460.612,tt0583510,458.131,"['Ross speaks as Joey holds a plate.', 'Rachel stands with arms crossed as Joey gazes at the plate.', 'Chandler looks at the plate as Ross talks.', 'Joey holds a plate as Ross addresses the group.', 'Ross talks as Joey and Chandler examine the plate.']",Joey nods half-heartedly and lifts his brows.
482,549.715,tt0583510,548.694,"['Rachel shows letter to Monica.', 'Rachel hands letter to Phoebe.', 'Monica looks at letter.', 'Phoebe takes letter from Rachel.', 'Rachel opens letter for them.']",Rachel opens a letter.
483,633.174,tt0583510,631.313,"['Monica looks at Ross and the others around her.', 'Ross stands up, looking at Monica and the group.', 'The friends sit around the table, gazing at Monica.', 'Joey, Phoebe, Chandler, and Ross focus on Monica.', 'The group sits together, Monica at the center, looking out.']",He marches over and turns off the music.
484,638.559,tt0583510,636.757,"['Ross stands, addressing the group.', 'Ross looks at the others, speaking.', 'Ross stands up, focusing on the group.', 'Ross stands, gazing at the others.', 'Ross stands, addressing the group attentively.']",Marcel scurries into a different room.
485,645.9,tt0583510,641.677,"['Ross stands and talks to Chandler, while Monica and Phoebe sit and listen.', 'Chandler and Ross converse, with Monica and Phoebe seated nearby.', 'Ross and Chandler engage in a conversation, with Monica and Phoebe seated and attentive.', 'Phoebe and Monica sit and listen as Ross and Chandler have a discussion.', 'Ross and Chandler stand and talk, with Monica and Phoebe seated and observing.']","The rest of the group glances at the closed door, and Ross rolls his shoulders back."
486,654.607,tt0583510,653.286,"['Rachel enters and sits down.', 'Rachel greets the group and sits.', 'Rachel walks in and joins the group.', 'Rachel takes a seat at the table.', 'Rachel sits with the group.']",Ross gets the door for Rachel.
487,667.696,tt0583510,664.093,"['Ross sits down at the table, joined by Rachel, Monica, and Chandler.', 'Chandler stands up, followed by Rachel and Monica, as they gather around the table.', 'Ross takes a seat, as Chandler, Rachel, and Monica join him at the table.', 'The friends stand up, forming a group around the table, with cake within reach.', 'Rachel, Monica, and Chandler stand up, with Ross already seated at the table.']","Ross helps Rachel out of her coat, then joins the others around the table."
488,887.951,tt0583510,884.79,"['Ross looks at Chandler as he points at him, near a beer and cards.', 'Chandler points at Ross, who looks at him, with a beer and cards nearby.', 'Ross and Chandler interact, with a beer and cards on the table between them.', 'Chandler points at Ross, who looks back, with a beer and cards in view.', 'Ross and Chandler converse, surrounded by a beer and a box of cards.']",Phoebe tilts her head and Joey shoots a grin at Chandler.
489,891.131,tt0583510,888.61,"['Phoebe and Rachel look at each other playing cards.', 'Monica examines the cards on the table.', 'Joey and the girls sit at a table playing cards.', 'The friends sit around a table playing a card game.', 'Phoebe, Rachel, and Monica play cards together.']",Monica smiles tightly and studies her cards.
490,911.472,tt0583510,909.612,"['Monica picks up a card.', 'Chandler looks at Monica twice.', 'Monica puts down a card.', 'Chandler looks at Monica again.', 'Monica takes and puts down a card.']",Rachel smirks as she lays down her cards.
491,945.145,tt0583510,943.286,"['Rachel talks to Joey, who looks at her.', 'Ross stands up as Rachel chats with Joey.', 'Joey stares at Rachel as she speaks.', 'Rachel converses with Joey, surrounded by cards and drinks.', 'Ross watches Rachel and Joey interact at the table.']","Later, she tosses a chip into the center."
492,959.528,tt0583510,954.827,"[""Monica picks up a bottle of mouthwash, catching Joey's gaze."", 'Monica looks at Chandler, then back at the mouthwash bottle.', 'Joey and Ross glance at Monica as she holds the mouthwash.', ""Monica takes the bottle of mouthwash, drawing Chandler's attention."", 'Chandler looks at Monica, who holds a bottle of mouthwash.']","Joey fearfully scoots a plate away from her, and Ross passes it farther along to Chandler."
493,961.148,tt0583510,960.088,"['Monica and Rachel look at cards.', 'Ross and friends examine cards.', 'They sit, cards in hand.', 'Joey, Ross, and friends study cards.', 'Friends examine cards together.']",Monica shakes her head.
494,971.653,tt0583510,969.953,"['Phoebe and Rachel look at each other.', 'Joey and Monica exchange glances.', 'Rachel and Phoebe stare at each other.', 'Monica and Joey share a look.', 'Phoebe and Rachel gaze at each other.']",The others stare at him in confusion.
495,1129.32,tt0583510,1126.317,"['Monica speaks as Phoebe listens, while Ross looks at her.', 'Rachel gazes at Ross as Monica talks to the group.', 'Phoebe listens as Monica speaks, with Ross observing her.', 'Monica addresses the group, with Phoebe attentive and Ross watching.', 'Ross looks at Monica as she talks, with Phoebe listening nearby.']",The rest of the friends slide their chairs away from Ross and Rachel.
496,1132.261,tt0583510,1130.18,"['Ross looks at someone across from him.', 'Ross gazes at the person in front of him.', ""Ross examines the person he's speaking with."", ""Ross focuses on the person he's addressing."", ""Ross looks at the person he's conversing with.""]","Ross glances around, then rises."
497,1149.075,tt0583510,1145.813,"['Ross holds cards and looks at Rachel, who gazes at him.', 'Rachel holds cards and looks at Ross, who examines her.', 'Ross looks at Rachel, who holds cards and gazes back.', 'Rachel looks at Ross, who holds cards and examines her.', 'Ross and Rachel sit together, both looking at the cards.']","Ross studies her, then drops his gaze with a slight smile."
498,1151.218,tt0583510,1150.117,"['Ross sits at the table.', 'Ross takes a seat.', 'Ross sits down with cards.', 'Ross sits at the table with cards.', 'Ross sits and holds cards.']",He returns to his chair.
499,1192.924,tt0583510,1189.779,"['Monica holds cards and looks at Joey, who gestures with his hands.', 'Joey talks and gesticulates as Monica examines the cards.', 'Monica studies cards while Joey discusses something enthusiastically.', 'Joey engages in animated conversation as Monica reviews cards.', 'Monica scrutinizes cards as Joey chats and uses his hands.']",Monica's jaw drops and Joey fans himself with his shirt.
500,1203.021,tt0583510,1200.559,"['Monica stands up, talking to Phoebe, while Rachel sits down.', ""Ross and Joey sit down, joining Monica's conversation."", 'Rachel joins the group, sitting down with Monica and the others.', 'Monica stands, conversing with Phoebe, as Ross and Joey sit nearby.', 'The friends gather, with Monica standing, Rachel sitting, and Ross and Joey joining in.']",Monica grabs it from the counter and rifles through it.
501,1213.211,tt0583510,1210.628,"['Rachel takes her phone and walks away.', 'Rachel holds her phone and steps away.', 'Rachel picks up her phone and walks off.', 'Rachel grabs her phone and heads away.', 'Rachel takes her phone and leaves with it.']",Phoebe passes over Monica's wallet.
502,125.68,tt0583493,121.998,"['Rachel puts down the newspaper, while Monica sets down her cup.', 'Monica and Rachel interact, with Monica putting down a cup and Rachel a newspaper.', 'Rachel sets down the newspaper, as Monica simultaneously puts down her cup.', 'Monica and Rachel engage in a brief interaction, with both setting down a newspaper and cup.', 'Monica and Rachel put down their respective newspaper and cup, interacting with each other.']","At Monica and Rachel's, Marcel the monkey has a Chinese takeout box."
503,293.477,tt0583493,290.956,"['Rachel and Monica look at Ross as he speaks to them.', 'Ross addresses Monica and Rachel standing in the room.', 'Monica and Rachel focus on Ross as he speaks.', 'Ross talks to Monica and Rachel in the room.', 'Monica and Rachel gaze at Ross as he speaks to them.']","Chandler, Ross, and Joey eat at a pizza restaurant."
504,357.61,tt0583493,355.269,"['Ross looks at Chandler as he sips coffee.', 'Joey turns to Chandler with a pizza in hand.', 'Chandler glances at Joey as Ross takes a sip.', 'Ross focuses on Chandler as Joey holds a pizza.', 'Joey holds a pizza while Chandler looks at him.']","Now, Rachel watches television with Marcel."
505,407.616,tt0583493,404.736,"['Rachel takes a book and walks out the door with a dog.', 'Rachel picks up a book and exits with the dog following.', 'Rachel walks out the door with a book and a dog by her side.', 'Rachel opens the door and leaves with a book and the dog.', 'Rachel takes the book and exits with the dog accompanying her.']","She carries the newspaper outside, leaving the door open."
506,409.017,tt0583493,408.037,"['Rachel takes a book out.', 'Rachel walks out with a book.', 'Rachel leaves with a book.', 'A cat follows Rachel out.', 'Rachel exits with a book, cat follows.']",Marcel escapes.
507,412.259,tt0583493,409.557,"['Rachel picks up a book and walks out of the room.', 'Rachel enters the apartment and looks at the TV screen.', 'Rachel takes a book and walks into the apartment.', 'Rachel enters the apartment and examines the TV.', 'Rachel walks into the apartment and looks at the TV.']","A man shoots a gun on TV, and Rachel rushes back in."
508,446.896,tt0583493,445.715,"['Monica holds a white cloth.', 'Monica and Rachel look at each other.', 'Rachel and Monica converse.', 'Monica and Rachel gaze.', 'Monica holds a cloth.']",Phoebe enters.
509,453.817,tt0583493,452.616,"['Phoebe gestures animatedly.', 'Phoebe looks off-camera.', ""Phoebe's hands move swiftly."", ""Phoebe's eyes follow someone."", ""Phoebe's hands dance freely.""]",She waves her hands around.
510,489.386,tt0583493,488.185,"['Monica enters and hands Chandler a shirt.', 'Chandler gestures as Monica speaks.', 'Monica throws a shirt on the couch.', 'Joey listens as Monica speaks.', 'Monica speaks to Chandler, holding a shirt.']",Rachel hits him with a pillow.
511,513.078,tt0583493,511.517,"['Phoebe points at the elevator.', 'Phoebe and Monica walk down the hall.', 'Phoebe gestures at the elevator door.', 'Monica and Phoebe approach the elevator.', ""Phoebe indicates the elevator's direction.""]",Phoebe and Monica approach a door.
512,516.799,tt0583493,515.459,"['Phoebe presses the elevator button.', 'Phoebe and Monica enter the elevator.', 'Phoebe and Monica look at Mr. Heckles.', 'Phoebe and Monica walk down the hall.', 'Mr. Heckles opens the elevator door.']",A man answers in a bathrobe.
513,629.214,tt0583493,624.152,"['Rachel stands in front of Ross, looking at him as he gestures with his hands.', 'Ross talks to Rachel, standing in front of her, his hands moving as he speaks.', 'Ross and Rachel engage in a conversation, standing face-to-face, with Ross gesturing.', 'Rachel and Ross have a conversation, standing close, with Ross using hand gestures.', ""Ross and Rachel converse, standing together, with Ross's hands moving as he speaks.""]","Marcel eats a waffle on the balcony next to the window, as Ross and Rachel argue in the background."
514,851.258,tt0583493,849.296,"['Joey points at the door, while Chandler looks at it.', ""Chandler stares at the door with Joey's guidance."", ""Joey directs Chandler's attention to the numbered door."", 'Chandler examines the door as Joey gestures towards it.', 'Joey indicates the door, and Chandler takes notice.']",Joey and Chandler sidle up to a door.
515,860.447,tt0583493,856.884,"['Joey and Chandler knock on the door, then look inside.', 'Joey and Chandler approach the door, knock, and peer inside.', 'The door opens, and Joey and Chandler take a look inside.', 'Joey and Chandler knock on the door and glance inside at the woman.', 'Joey and Chandler knock, the door opens, and they both take a peek inside.']",A gorgeous woman stands in the doorway in a cropped T-shirt and shorts.
516,1052.354,tt0583493,1050.933,"['Ross gestures with his hands.', 'Ross looks at the camera.', 'Ross speaks with animated gestures.', 'Ross talks with hand movements.', 'Ross talks with enthusiastic gestures.']",He shoots her a withering look.
517,1077.78,tt0583493,1075.178,"['Rachel Green stands with Ross Geller as Joey Tribbiani walks away with donuts.', 'Joey Tribbiani walks off with a box of donuts, leaving Ross Geller and Rachel Green behind.', 'Ross Geller smokes a cigarette while talking to Rachel Green and Joey Tribbiani walks away.', 'Ross Geller talks to Rachel Green as Joey Tribbiani exits with a box of donuts.', 'Joey Tribbiani carries a box of donuts, leaving Ross Geller and Rachel Green standing together.']",A man walks between them carrying a box of bananas.
518,1081.993,tt0583493,1080.893,"['Joey and Ross walk with pizzas.', 'Phoebe and Monica walk with pizzas too.', 'Ross and Joey carry pizzas together.', 'The friends walk with pizza boxes.', 'Monica, Phoebe, Ross, and Joey walk.']",They chase after him.
519,1085.114,tt0583493,1082.534,"['Ross carries bread, Joey cereal, and friends walk down the hallway.', 'Monica carries crackers, Phoebe cookies, and friends stroll along.', 'Ross, Joey, Phoebe, and Monica walk together, each carrying snacks.', 'Friends Ross, Joey, Phoebe, and Monica walk down the hallway, each carrying a box.', 'Ross, Joey, Phoebe, and Monica walk together, carrying snacks and chatting.']","Later, the friends gather in a hallway with the box."
520,1140.581,tt0583493,1138.48,"['Ross puts the cat in a cage, then Joey and Chandler stare.', 'Heckles enters with a broom and dustpan, watched by Joey and Chandler.', 'Ross captures the cat, while Heckles approaches with cleaning tools.', 'Joey and Chandler observe Heckles with a broom and dustpan.', 'Heckles enters with cleaning supplies, as Joey and Chandler look on.']","At the door, Luisa traps Marcel in a cage."
521,1185.903,tt0583493,1184.562,"['Rachel and Chandler look at Ross.', 'Ross looks at Rachel and Chandler.', 'They gaze at each other.', 'Rachel, Chandler, and Ross stare.', 'Ross focuses on Rachel and Chandler.']",Louisa inhales deeply.
522,1246.976,tt0583493,1245.856,"['Ross holds a wine bottle.', 'Rachel adjusts her hair.', 'Ross holds a wine glass.', 'Rachel sits on the couch.', 'Ross holds a wine bottle and glass.']",He grabs two glasses.
523,1250.336,tt0583493,1249.516,"['Ross sits beside Rachel.', 'Ross holds a bottle.', 'Ross sits with Rachel.', 'Rachel smiles at Ross.', 'Ross sits with wine.']",He dims the lights.
524,1284.338,tt0583493,1282.897,"['Rachel and Ross hold blue glasses together.', 'Ross speaks, Rachel listens intently.', 'They gaze at the blue glasses.', 'Rachel and Ross share a moment.', 'They sit together, holding glasses.']",And she rubs his knee.
525,101.047,tt0583602,99.346,"['Joey looks at Chandler and Phoebe.', 'Monica laughs while Ross listens.', 'Joey talks to the group.', 'Phoebe watches Chandler and Joey.', 'The friends sit at Central Perk.']",The friends hang out at Central Perk.
526,139.442,tt0583602,138.343,"['Phoebe walks towards Chandler.', 'Phoebe approaches Chandler slowly.', 'Chandler looks at Phoebe.', 'Phoebe gazes at Chandler.', 'Chandler eyes Phoebe.']",Phoebe hands him a phone.
527,147.485,tt0583602,144.944,"['Chandler puts down the phone.', 'Chandler ends his phone call.', 'He hangs up the phone.', 'Chandler hangs up.', 'Chandler drops the phone.']","Chandler dials the phone, then hurriedly hangs up."
528,190.861,tt0583602,189.521,"['Joey approaches the group.', 'Ross talks to Joey and Chandler.', 'Rachel stands up from the couch.', 'Phoebe walks towards the group.', 'Chandler joins Ross and Joey.']",Rachel enters the coffee shop.
529,389.435,tt0583602,387.373,"['Ross looks at Monica, holding a paper.', 'Monica sits as Ross talks, holding a paper.', 'Chandler stands, looking at Ross, who holds a paper.', 'Ross holds a paper, talking to Monica, who sits.', 'Ross looks at Monica, holding a paper, as Chandler watches.']","At Barry's practice, he and Rachel dress."
530,435.892,tt0583602,434.671,"['Rachel adjusts her shirt, assisted by Barry.', 'Barry stands behind Rachel as she adjusts her shirt.', 'Rachel adjusts her shirt, with Barry nearby.', 'Barry stands in front of Rachel, shirt adjusting.', ""Rachel adjusts her shirt, with Barry's presence.""]",Rachel feels at her shirt.
531,443.838,tt0583602,442.177,"[""Barry cuts Rachel's hair with scissors."", ""Barry looks at Rachel's hair as he cuts."", 'Rachel stands still as Barry cuts her hair.', ""Barry holds scissors, cutting Rachel's hair."", ""Barry cuts Rachel's hair with scissors in hand.""]",He unhooks it from a cabinet hinge.
532,448.062,tt0583602,446.58,"[""Barry holds Rachel's neck, kissing her."", ""Rachel's neck is held by Barry, kissed."", 'Barry kisses Rachel, holding her neck.', 'Barry holds Rachel, kissing her neck.', 'Barry kisses Rachel, neck held.']","He holds her head, and they kiss."
533,460.763,tt0583602,459.462,"[""Rachel is held by Barry's neck."", 'Barry holds Rachel by the neck.', 'Rachel screams as Barry holds her.', 'Barry talks to Rachel while holding her.', 'Barry holds Rachel by the neck.']",The boy stares intently.
534,469.227,tt0583602,467.167,"['Barry looks at Rachel standing before him.', 'Rachel stands in front of Barry, looking at him.', 'Barry gazes at Rachel, who faces him.', 'Rachel and Barry engage in a silent conversation.', 'Barry focuses on Rachel, who meets his gaze.']",Rachel sneers at the kid on her way out.
535,483.737,tt0583602,482.175,"['Chandler enters the room and joins them.', 'Chandler steps into the room with ease.', 'He enters and chats with the group.', ""Chandler walks into the room's gathering."", 'Chandler enters, joining the people sitting.']",Chandler dials Monica's phone.
536,625.239,tt0583602,622.476,"['Chandler rolls over on the couch, talking on the phone.', 'Chandler lays on the couch, talking on the phone and rolls over.', 'Chandler is on the couch, rolling over while on the phone.', 'Chandler rolls over on the couch during a phone call.', 'Chandler is on the couch, rolling over as he talks on the phone.']",Chandler sprawls across the couch as he leaps to the phone.
537,627.101,tt0583602,625.76,"['Rachel walks towards Chandler on the couch.', 'Chandler jumps on the couch, Rachel approaches.', 'Rachel gets up, walks to the couch.', 'Chandler jumps, Rachel walks towards him.', 'Rachel walks to the jumping Chandler.']",Rachel picks up the other phone.
538,695.058,tt0583602,692.296,"['Chandler looks up at Monica as she approaches him.', 'Monica walks towards Chandler, who looks at his phone.', 'Chandler glances at his phone, then looks up at Monica.', 'Monica enters the room, and Chandler looks up at her.', 'Chandler looks at his phone, then looks up at Monica walking towards him.']",Chandler sits with his chin in his hand regarding his phone.
539,697.08,tt0583602,695.699,"['Monica takes food from the plate.', 'Chandler sits at the table with food.', 'Monica enters and starts eating food.', ""Monica reaches for the plate's food."", 'Monica eats food from the plate.']",Monica sneaks up behind him.
540,700.823,tt0583602,699.602,"[""Monica walks over to take Chandler's phone."", 'Chandler sits with his phone, then Monica takes it.', ""Monica takes away Chandler's phone from him."", ""Chandler's phone is taken by Monica."", ""Monica removes the phone from Chandler's hand.""]",Chandler jumps for the phone.
541,702.704,tt0583602,701.263,"['Chandler eats a hot dog, looks at Monica.', 'Monica enters, Chandler looks at her, then phone.', 'Chandler talks on phone, Monica walks away.', 'Monica enters, Chandler looks at her, then phone.', 'Chandler eats hot dog, Monica walks in.']",Monica smiles at her prank.
542,708.268,tt0583602,707.507,"['Monica enters, Chandler stands.', 'Chandler walks out, Monica looks.', 'Chandler stands up, Monica walks in.', 'Monica walks in, Chandler exits.', 'Chandler exits, Monica looks.']",Joey rushes in.
543,716.997,tt0583602,715.736,"['Rachel walks towards Chandler.', 'Chandler points at her approaching.', 'Rachel approaches the table.', 'Chandler gestures at her.', 'Rachel steps towards the table.']",Rachel walks across the room.
544,737.319,tt0583602,736.299,"['Monica looks up at Rachel.', 'Joey watches Monica and Rachel.', 'Monica looks up at Rachel.', 'Rachel and Monica converse.', 'Monica looks up at Rachel.']",Rachel puts on her coat.
545,745.613,tt0583602,744.173,"['Rachel and Monica look at Joey.', 'Monica looks at Rachel and Joey.', 'Joey looks at Monica and Rachel.', 'Monica and Rachel gaze at Joey.', 'The trio exchanges glances.']",Monica smacks Joey's arm.
546,776.548,tt0583602,774.007,"['He sits on a chair, phone in hand.', 'She places her hand on the table beside him.', 'He holds the phone to his ear, speaking softly.', 'She stands near him, her hand resting on the table.', 'He sits on a chair, phone in hand, with her nearby.']",He climbs on furniture to reach the phone.
547,780.892,tt0583602,777.189,"['Chandler Bing sits on a table, talking on the phone while his friend watches him.', 'Chandler Bing sits on a table, conversing on the phone next to his seated friend.', 'Chandler Bing talks on the phone while his friend sits in a nearby chair.', 'Chandler Bing chats on the phone, his friend sitting nearby, observing him.', 'Chandler Bing talks on the phone, his friend sitting beside him on a chair.']",He sits on a chair back and Monica puts a cloth under his feet on the seat.
548,806.232,tt0583602,805.091,"['Chandler stands up dancing.', 'Chandler talks to Monica sitting.', 'Chandler stands up, then dances.', 'Chandler gets up, starts dancing.', 'Chandler stands, begins dancing there.']",He leaps up and dances.
549,814.574,tt0583602,813.473,"['Chandler runs out, Monica follows.', 'Monica stands up, looks at Chandler.', 'Chandler and Monica look at each other.', 'Chandler leaves, Monica stays seated.', ""Monica stands, looks at Chandler's exit.""]",He dances off.
550,817.795,tt0583602,815.374,"['Monica looks at Chandler as he runs away from the table.', 'Rachel stands at the bar, looking at Mindy.', 'Chandler runs away from Monica, who sits at the table.', 'Mindy stands at the bar, while Rachel looks at her.', 'Monica sits at the table, as Chandler runs away.']",Mindy enters Central Perk while Rachel works.
551,824.317,tt0583602,822.696,"['Rachel walks towards Mindy, then turns to her.', 'Rachel approaches Mindy, who turns around.', ""Mindy turns to face Rachel, who's holding a napkin."", 'Rachel walks towards Mindy, holding a napkin.', 'Mindy turns around as Rachel approaches her.']","Smiling, Mindy walks to Rachel."
552,840.19,tt0583602,834.327,"['Rachel holds a coffee cup while talking to Mindy, who is holding a jacket.', 'Mindy and Rachel engage in a conversation, with Rachel holding a cup of coffee and Mindy holding a jacket.', 'Rachel and Mindy chat, with Rachel cradling a cup of coffee and Mindy holding a jacket.', 'Rachel and Mindy converse, with Rachel holding a cup of coffee and Mindy holding a jacket.', 'Mindy and Rachel talk while Rachel holds a coffee cup and Mindy holds a jacket.']","They slowly walk to the furniture, sit down, and smile weakly at each other."
553,946.577,tt0583602,944.676,"['Rachel talks to Mindy as Mindy smiles.', 'Mindy nods and smiles as Rachel speaks.', 'Rachel talks to Mindy who looks at her.', 'Mindy looks at Rachel as they converse.', 'Rachel and Mindy chat with friendly smiles.']","Rachel bites her lip, fighting a smile."
554,958.299,tt0583602,956.318,"['Mindy looks at Rachel, who looks back.', 'Rachel looks at Mindy, who listens.', 'Mindy and Rachel exchange glances.', 'Rachel turns to Mindy, who gazes.', 'Mindy and Rachel lock eyes.']",Rachel holds her wrist to Mindy's nose.
555,970.708,tt0583602,970.068,"['Mindy hugs Rachel.', 'Rachel gets hugged.', 'Mindy wraps arms.', 'Rachel receives hug.', 'Mindy holds Rachel.']",They embrace.
556,973.851,tt0583602,973.011,"['Mindy hugs Rachel on the couch.', 'A man walks in, looking at them.', 'Rachel sits on the couch, hugged.', 'Mindy hugs Rachel, a man enters.', 'He looks at Mindy and Rachel.']",Joey walks in.
557,977.134,tt0583602,974.532,"['Mindy hugs Rachel Green and walks away.', 'Rachel Green is hugged by Mindy, then left behind.', 'Mindy holds Rachel Green for a moment before leaving.', 'Rachel Green is embraced by Mindy, who then departs.', 'Mindy gives a hug to Rachel Green and exits.']",He eyes them with a smirk and nods approvingly.
558,987.915,tt0583602,986.035,"['Joey looks at the hugging women.', 'Joey stands near the hugging women.', 'Joey gazes at the hugging pair.', 'Joey observes the embracing women.', 'Joey watches the women hug each other.']","At Monica's, Ross does a crossword."
559,995.417,tt0583602,994.076,"['Phoebe reads the newspaper.', 'Ross eats a banana.', 'Phoebe looks at Ross.', 'Ross peels a banana.', 'Phoebe watches Ross eat.']",Chandler stares at the phone.
560,1027.994,tt0583602,1025.532,"['Joey talks on the phone, Monica eats nearby.', 'Phoebe talks to Ross, Joey listens in.', 'Joey chats on the phone, Monica munches food.', ""Ross and Phoebe converse, Joey's phone conversation continues."", 'Monica eats, Joey talks on the phone, Phoebe and Ross chat.']",Joey dials Monica's phone and puts it to his ear.
561,1072.148,tt0583602,1070.547,"['Monica looks at Chandler holding a phone.', 'Chandler holds a phone to his ear.', 'Monica and Chandler gaze at each other.', 'Chandler holds the phone, Monica observes.', 'Monica watches Chandler on the phone.']",Chandler and Monica look at each other.
562,1099.44,tt0583602,1097.999,"['Monica points at Chandler repeatedly.', 'Joey and Chandler point at each other.', 'Chandler points at Monica and Joey.', 'Monica and Joey point at Chandler.', 'The trio points at each other.']",Monica smiles and waves.
563,179.858,tt0583603,177.898,"['Rachel holds something in her hands.', 'Rachel sits at a kitchen table.', 'Rachel looks at something in her hands.', 'Rachel examines something in the kitchen.', 'Rachel sits at a table, looking down.']",Joey and Chandler are seated on the couch.
564,181.839,tt0583603,180.278,"['Monica looks at Joey and Chandler.', ""Joey listens to Monica's words."", ""Chandler looks at Monica's face."", 'Monica gazes out at the city view.', 'The trio stands by the city window.']",Joey has a pen and paper.
565,193.002,tt0583603,191.481,"['Red looks at green.', 'Red talks to green.', 'Red focuses on green.', 'Red addresses green.', 'Red speaks to green.']",A waitress brings their drinks to them.
566,227.155,tt0583603,226.435,"['Joey shows Chandler something.', ""Chandler looks at Joey's notebook."", 'Joey writes in his notebook.', 'Chandler examines the notebook.', 'Joey shares his notebook with Chandler.']",Chandler nods.
567,234.681,tt0583603,233.56,"['Chandler writes, looks at Joey.', 'Joey drinks, Chandler observes.', 'Chandler writes, glances at Joey.', 'Chandler looks at Joey, writes.', 'Chandler and Joey interact.']",He nods approvingly.
568,251.921,tt0583603,250.3,"['Joey eats with chopsticks.', 'Chandler gestures as he talks to Joey.', 'Joey takes a bite with chopsticks.', 'Chandler talks while Joey eats.', 'Joey holds chopsticks in his hand.']",Chandler pats Joey on the back.
569,257.463,tt0583603,256.383,"['The taxi drives down the street.', 'He sits in the taxi.', 'The taxi stops at the stop sign.', 'He drives past parked cars.', 'The taxi approaches the multi-story building.']",Monica's on the phone.
570,330.11,tt0583603,328.009,"['Monica talks to Rachel and Phoebe on a bench.', 'Monica looks at Rachel and Phoebe on a bench.', 'Monica shares with Rachel and Phoebe on the bench.', 'Monica sits with Rachel and Phoebe on a bench.', 'Monica converses with Rachel and Phoebe on the bench.']",They see a communal shoe bucket next to them.
571,355.644,tt0583603,354.443,"['Monica walks away from Rachel.', 'Rachel stands up after Monica leaves.', 'Monica walks, then Rachel stands.', 'Monica departs, Rachel rises.', 'Rachel stands as Monica exits.']",The teacher turns on music.
572,364.344,tt0583603,362.523,"['Monica and Rachel dance in unison, moving arms and legs.', 'Monica and Rachel synchronize their steps in high heels.', 'Monica and Rachel dance with others, moving in sync.', 'Rachel and Monica dance together, their legs and arms swaying.', 'Monica and Rachel dance in harmony, wearing high heels.']",The class falls into a tap routine.
573,366.345,tt0583603,364.724,"['Monica and Rachel dance together on the floor.', 'Monica and Rachel spin across the dance floor.', 'Rachel twirls with Monica on the dance floor.', 'Monica and Rachel step to the dance beat.', 'Monica and Rachel sway to the music together.']",Monica struggles to follow along.
574,493.753,tt0583603,492.092,"['Joey gestures with his hands, looking at Chandler.', ""Chandler nods, listening to Joey's words."", 'Joey talks to Chandler, hands moving.', 'Joey and Chandler engage in a conversation.', 'Joey and Chandler interact, hands involved.']",Joey slaps Chandler's shoulder.
575,787.071,tt0583603,786.71,"['Ross throws letter.', 'Rachel looks at phone.', 'Ross interacts with Rachel.', 'Letter lands on table.', 'Ross tosses letter.']",Good boy.
576,969.0,tt0583603,967.319,"['Monica walks towards the fridge.', 'Rachel holds a towel, Monica approaches the fridge.', 'Monica opens the fridge, Rachel stands nearby.', 'Monica heads towards the fridge, Rachel watches.', 'Rachel holds a towel, Monica enters the fridge.']",Rachel recoils from Monica's breath.
577,979.411,tt0583603,976.388,"['Monica stands up from the sink and walks away, joined by Rachel.', 'Rachel stands in front of the fridge, conversing with Monica, who walks away.', 'Monica leans over the sink, then stands up and walks away, as Rachel talks nearby.', 'Rachel talks to Monica, who stands up from the sink and walks away.', 'Monica gets up from the sink and walks away, while Rachel stands by the fridge.']",Monica crams her head between the dishes and faucet to drink.
578,1022.947,tt0583603,1019.165,"['Rachel wipes her face with a towel as Monica looks on.', 'Monica gazes at Rachel as she wipes her face with a towel.', ""Rachel wipes her face with a towel, catching Monica's attention."", 'Monica looks at Rachel as Rachel wipes her face with a towel.', 'Rachel wipes her face with a towel, with Monica observing her.']","With a look of disapproval, Rachel takes a deep breath and grabs the phone."
579,1158.724,tt0583603,1152.539,"['Monica dances in a room with others, her eyes meeting the camera as she moves to the music.', 'Monica spins and twirls in a lively dance, her attention fixed on the camera as she loses herself in the moment.', 'Monica joins in a lively dance party, her gaze connecting with the camera as she moves to the rhythm.', 'Monica dances with abandon, her eyes locking onto the camera as she loses herself in the music.', 'Monica dances with others, her gaze flicking towards the camera as she lets loose and has fun.']","Back at the tap class, Monica hovers hesitantly at the entrance, watching the class perform their routine together."
580,1172.478,tt0583603,1169.056,"['Monica enters the dance room and watches the class.', 'Monica walks into the dance room, observing the students.', 'Monica enters the dance class, observing the instructor.', 'Monica Geller enters the dance room, watching the students dance.', 'Monica walks into the dance room, watching the dance class unfold.']","Monica puts down her bag and joins in the dance, but can't keep up."
581,1178.841,tt0583603,1177.821,"['Monica dances freely.', 'Chandler watches Monica dance.', 'Monica stops dancing.', 'Monica talks to Chandler.', 'Monica and Chandler interact.']",The dancers stop.
582,1181.002,tt0583603,1179.142,"['Monica dances, Chandler watches her.', 'Chandler stands next to Monica dancing.', 'Monica dances, they look at each other.', 'Monica dances, Chandler observes her.', 'Monica dances, Chandler looks at her.']","Monica does too, a beat too late."
583,1191.348,tt0583603,1184.864,"['Monica stands in a room, gesturing with her hands as she talks, her focus on the conversation.', ""Monica's hands move animatedly as she discusses something with herself, her eyes locked on the conversation."", ""Monica's hands wave as she talks to herself, her eyes fixed on the topic at hand."", ""Monica's hands move expressively as she talks, her gaze engaged with the subject matter."", ""Monica's hands gesture emphatically as she speaks, her eyes intent on the conversation.""]","Meanwhile, at JFK International Airport, Rachel, Joey, and Chandler watch Ross and Phoebe say goodbye to Marcel."
584,1211.928,tt0583603,1211.067,"['Phoebe talks to Ross holding monkey.', 'Ross holds monkey on shoulder.', 'Phoebe and Ross look at monkey.', 'Man in vest watches monkey.', 'Ross holds monkey on his back.']",Phoebe leaves.
585,1213.889,tt0583603,1212.428,"['Ross looks at Phoebe, then at Rachel.', 'Rachel and Joey chat, Phoebe watches.', 'Phoebe talks to Ross, Joey nearby.', 'Ross and Phoebe converse, monkey nearby.', 'Rachel and Joey talk, Ross looks on.']",Chandler steps up to say bye.
586,1224.958,tt0583603,1223.458,"['Ross holds monkey on his shoulder.', 'Ross holds monkey, then sets it down.', 'Ross holds monkey, then puts it on table.', 'Ross holds monkey, monkey sits on table.', 'Ross holds monkey, then moves away.']",Joey steps up for his turn.
587,1228.279,tt0583603,1225.659,"['Phoebe holds a doll as Ross talks to her, Chandler approaches.', ""Chandler walks towards Ross and Phoebe, who's holding a doll."", 'Ross talks to Phoebe, holding a doll, as Chandler approaches.', 'Phoebe holds a doll, talking to Ross, as Chandler walks in.', ""Chandler walks towards Ross and Phoebe, who's holding a doll, as they converse.""]",He and Ross put their arms around each other for support.
588,1243.583,tt0583603,1241.302,"['Rachel hands the teddy bear to Ross, who stands behind a podium.', 'Ross holds a teddy bear, handed to him by Rachel.', 'Rachel gives a teddy bear to Ross, who speaks to the group.', 'Ross takes the teddy bear from Rachel and addresses the group.', 'Rachel hands a teddy bear to Ross, who stands at a podium.']",Rachel approaches with a curious George doll.
589,1261.083,tt0583603,1260.563,"['Ross looks at Phoebe.', 'Phoebe listens to Ross.', 'Ross talks to Phoebe.', 'Phoebe focuses on Ross.', 'Ross addresses Phoebe.']",Go ahead.
590,1262.944,tt0583603,1261.103,"['Ross and Phoebe stand together looking at something.', 'Ross talks to a group in the waiting room.', 'Ross and Phoebe stand in the waiting room with others.', 'Ross speaks to the group, Phoebe beside him.', 'Ross addresses a crowd, Phoebe by his side.']","They don't move, and he waves them off."
591,293.359,tt0583616,292.698,"['Chandler sits down.', 'Phoebe holds phone.', 'Chandler talks to her.', 'Phoebe stands nearby.', 'They chat together.']",She hangs up.
592,308.345,tt0583616,305.223,"['Phoebe holds a black object while looking at Chandler, who smiles.', 'Chandler listens to Phoebe as she talks, holding a black object.', 'Phoebe talks to Chandler, holding a black object, as he looks at her.', 'Phoebe holds a black object, engaging Chandler in conversation.', 'Chandler listens attentively as Phoebe holds a black object.']","She reads his magic eight ball, then stands."
593,318.053,tt0583616,315.831,"['Chandler holds a pen to his nose.', 'Chandler puts the pen to his nose.', 'Chandler holds a pen and puts it to his nose.', 'Chandler holds a pen, then puts it to his nose.', 'Chandler puts the pen to his nose, then holds it.']","She leaves, and Chandler looks over paperwork."
594,328.501,tt0583616,324.198,"['Chandler leans over the desk and falls onto the floor, holding a pen and pencil.', 'Chandler falls onto the floor, pen and pencil still clutched in his hand.', 'Chandler leans over the desk and loses his balance, crashing to the floor.', ""Chandler's sudden lean sends him tumbling to the floor, pen and pencil still in hand."", ""Chandler's chair falls away as he leans over the desk, landing awkwardly on the floor.""]",He lays his head on his desk at Monica and Rachel's.
595,379.674,tt0583616,377.893,"['Ross looks at Joey while on the phone.', 'Joey stands next to Ross on the phone.', 'Ross glances at Joey on the call.', 'Joey looks at Ross on the phone.', 'Ross talks on the phone with Joey nearby.']",Joey and Ross hang out at Central Park.
596,394.288,tt0583616,393.168,"['Joey looks at Ross.', 'Ross talks on phone.', 'Joey stands beside Ross.', 'Ross glances at Joey.', ""Joey observes Ross's call.""]",He dials a phone number.
597,564.051,tt0583616,561.809,"['Monica holds a wine glass, engaging with him.', 'Monica and the man sit together, gesturing on the couch.', 'Monica looks at him, holding a wine glass nearby.', 'Monica and the man converse on the couch, wine in hand.', 'Monica and the man sit, talking and holding wine glasses.']",Monica smiles as Ethan checks his watch.
598,570.936,tt0583616,570.376,"['Monica kisses him.', 'He stands up.', 'Monica looks at him.', 'He gets up.', 'Monica kisses.']",They kiss.
599,572.157,tt0583616,571.197,"['Monica kisses him surprised.', 'Monica takes a sip.', 'Monica and him interact.', 'He looks surprised suddenly.', 'Monica and him are close.']",Then Ethan stands.
600,594.182,tt0583616,590.639,"['Monica and the man share a romantic kiss.', ""Monica's lips meet the man's in a passionate kiss."", ""The man reciprocates Monica's kiss with a tender touch."", ""Monica and the man's lips lock in a romantic embrace."", 'Their lips touch in a gentle, romantic kiss.']","They start kissing again, then Ethan pulls away and sits down."
601,647.912,tt0583616,646.572,"['Monica stands up and kisses him.', 'Monica leans in for a kiss.', 'Monica gets up and kisses him.', 'Monica rises and kisses him.', 'Monica kisses him on the lips.']",She grins and kisses him.
602,653.174,tt0583616,649.053,"['Monica kisses the man on the couch, then they enter the bed, and she kisses him again.', 'Monica gets into bed and shares a romantic moment with the man, exchanging kisses.', 'The man and Monica cuddle in bed, sharing intimate moments and kisses.', 'Monica and the man engage in a romantic encounter, kissing on the couch and then in bed.', 'Monica and the man share a romantic evening, starting with a kiss on the couch and continuing in bed.']","Now, a candle burns in Monica's bedroom as Ethan sprawls out on the bed."
603,783.111,tt0583616,782.29,"['Monica touches his face.', 'She strokes his face.', 'Monica looks at him.', 'He touches his face.', 'Monica touches his face.']",She holds his mouth.
604,787.474,tt0583616,786.353,"['Monica brushes his teeth.', 'Monica walks away.', 'Monica looks at him.', 'Monica brushes teeth.', 'Monica gets up.']",She lets go of his lips.
605,935.774,tt0583616,933.612,"['Monica walks in and looks at Ross, who smiles.,.', 'Ross smiles as Monica walks into the room.,.', 'Monica walks away after looking at Ross.,.', 'Monica enters, looks at Ross, and then leaves.,.', 'Ross smiles as Monica briefly looks at him.']",Monica turns to the group with a hand on her hip.
606,963.17,tt0583616,960.749,"['Chandler looks at the woman in the red jacket.', 'Rachel and Phoebe watch the woman in the red jacket walk out.', 'The woman in the red jacket walks into the room, then out.', 'Chandler, Rachel, and Phoebe look at the woman in the red jacket.', 'The woman in the red jacket enters, then exits the room.']",Monica goes in her room as Phoebe checks her watch.
607,969.032,tt0583616,968.152,"['Phoebe looks at Chandler.', 'Rachel gazes at Phoebe.', 'Phoebe addresses them.', 'They focus on Phoebe.', 'Phoebe is watched.']",She sits back down.
608,972.607,tt0583616,972.087,"['Phoebe walks to the table.', 'Rachel looks at Chandler.', 'Chandler and Rachel sit on the couch.', 'Phoebe stands up.', 'Phoebe approaches the table.']",She stands.
609,1135.968,tt0583616,1135.208,"['Monica gazes at him.', 'He looks at Monica.', 'Monica and him stare.', 'They lock eyes.', 'Monica and him interact.']",She looks away.
610,1168.406,tt0583616,1165.185,"['Ross talks to Joey as Monica and Rachel watch.', 'Joey chats with Ross as Monica and Rachel observe.', 'Ross and Joey converse while Monica and Rachel sit nearby.', ""Monica and Rachel sit together, watching Ross and Joey's conversation."", 'Ross and Joey discuss something as Monica and Rachel sit nearby, watching.']",The others walk over and see Monica and Ethan gazing at each other.
611,1184.29,tt0583616,1181.81,"['Chandler looks at the group, with Phoebe standing behind him.', 'Phoebe listens intently as Chandler talks to the group.', 'Chandler addresses the group, with Phoebe observing from behind.', 'Chandler engages the group in conversation, Phoebe nearby.', 'Phoebe stands quietly behind Chandler as he talks to the group.']",The employees spot him.
612,1202.285,tt0583616,1199.963,"['Chandler walks away from Phoebe at the water fountain.', 'Phoebe talks to Chandler by the water fountain.', 'Chandler walks away from Phoebe at the water fountain.', 'Phoebe chats with Chandler near the water fountain.', 'Chandler leaves Phoebe at the water fountain.']","The employees walk off, suppressing laughter."
613,1220.157,tt0583616,1215.534,"['Phoebe stands by the water fountain, while Chandler approaches and Dr. Ross watches them.', ""Chandler walks towards Phoebe, who's standing by the water fountain, as Dr. Ross sits on the couch."", 'Phoebe gazes at Chandler as he approaches the water fountain, while Dr. Ross observes them from the couch.', ""Dr. Ross sits on the couch, watching Phoebe and Chandler, who's walking towards the water fountain."", 'Phoebe stands by the water fountain, with Chandler approaching and Dr. Ross sitting on the couch, observing them.']","At Rachel and Monica's, Rachel sleeps with her feet on Ross' lap as he watches TV."
614,1226.821,tt0583616,1223.899,"['Ross stands up and walks away from the sleeping Rachel.', 'Ross gets up from the couch and walks off.', 'Ross rises from the couch and exits the room.', 'Ross walks away from the sleeping Rachel on the couch.', 'Ross stands up and leaves the room, gazing at Rachel.']",Ross turns off the TV and tosses the remote aside.
615,1230.643,tt0583616,1227.681,"['Phoebe gets covered with a blanket by Ross.', 'Ross gently covers Rachel with a blanket.', 'Ross gets up and wraps Rachel in a blanket.', 'Ross tends to Rachel, covering her with a blanket.', ""Ross carefully places a blanket over Rachel's sleeping form.""]",He gently picks up Rachel's feet and slips out from under them.
616,1237.605,tt0583616,1234.924,"['Ross covers Rachel with a blanket, looking at her.', 'Ross wraps Rachel in a blanket, gazing at her.', 'Ross gently covers Rachel with a blanket, his eyes on her.', 'Ross wraps Rachel in a blanket, his gaze fixed on her.', 'Ross covers Rachel with a blanket, his eyes locked on her.']",He covers her with a blanket as she smiles in her sleep.
617,1257.713,tt0583616,1253.93,"['Ross walks into the room, looks around, and exits.', 'Ross enters, glances around the room, and leaves.', 'Ross enters, looks around, and walks out of the room.', 'Ross enters, surveys the room, and exits.', 'Ross enters, glances around the room, and exits the room.']","He spins around and grins at the sleeping Rachel, then punches the air."
618,1262.576,tt0583616,1258.154,"['Ross sits down next to Rachel on the couch, looking at her.', 'Ross gets up and dances in the living room before sitting down beside Rachel.', 'Rachel sits on the couch as Ross joins her, looking at her.', 'Ross sits down beside Rachel on the couch, gazing at her.', 'Ross stops dancing and sits down next to Rachel, looking at her.']","He jumps on the coffee table and does a happy dance, then trips and lands beside Rachel."
619,1266.118,tt0583616,1265.538,"['Ross sits with Rachel.', 'Rachel lies on the couch.', 'Ross talks to Rachel.', 'Ross sits beside Rachel.', 'Ross is with Rachel.']",She sits up.
620,1272.083,tt0583616,1270.082,"[""Ross holds Rachel's hair as they sit together."", 'Rachel sits on the couch with Ross holding her hair.', 'Ross looks at Rachel as he holds her hair.', 'Rachel sits with Ross holding her hair, looking at him.', ""Ross holds Rachel's hair, gazing at her.""]",She gazes at him and brushes her hair back.
621,135.241,tt0583577,134.082,"['Ross feeds Susan with a fork.', ""Carol holds Susan's head gently."", 'Franzblau talks to Ross while holding a clipboard.', 'Ross takes a spoon from the table.', 'Susan receives food from Ross.']",The doctor enters the room.
622,172.694,tt0583577,170.933,"['Ross looks at Rachel holding orange juice glasses.', 'Rachel smiles, holding two glasses of orange juice.', 'Ross gazes at Rachel with orange juice in hand.', 'Rachel holds two glasses of orange juice, smiling.', 'Ross observes Rachel with orange juice in her hands.']","As they race out, Rachel enters with a cup."
623,183.775,tt0583577,182.755,"[""Rachel walks to Carol's hospital bed."", 'Carol sits on a hospital bed.', 'Rachel enters the hospital room.', 'Carol is in a hospital room.', 'Rachel visits Carol in hospital.']",She goes to the doctor.
624,201.252,tt0583577,199.052,"['Rachel holds a glass of juice with Carol nearby.', 'Rachel talks to a doctor while Carol sips juice.', 'Carol holds a glass of juice as Rachel discusses with a doctor.', 'Rachel and a doctor converse as Carol holds a glass of juice.', 'Rachel and a doctor talk, with Carol nearby holding juice.']","Rachel plops down, jostling Carol."
625,205.114,tt0583577,201.873,"['Carol holds a baby in a bassinet, smiling.', 'Monica sits on a couch, reading a magazine.', 'Rachel stands near Monica, holding a glass of orange juice.', 'Chandler lies on the couch, sleeping.', 'Carol looks at the baby, while Monica looks at Chandler.']","In the waiting room, Chandler sleeps and Monica gazes at newborns."
626,218.038,tt0583577,216.297,"['Chandler walks out of the room.', 'Chandler gets up and exits the room.', 'He looks at the TV and leaves.', 'Chandler walks away from the TV.', 'He walks out of the room slowly.']",Joey watches basketball on TV.
627,229.834,tt0583577,228.174,"['Lydia watches TV with Susan Bunch on the couch.', 'Susan Bunch sits on the couch, watching TV with Lydia.', 'Lydia and Susan Bunch watch TV together on the couch.', 'Susan Bunch watches TV while Lydia joins her on the couch.', 'Lydia and Susan Bunch sit together on the couch, watching TV.']",Joey notices she's quite pregnant.
628,344.613,tt0583577,343.573,"['Chandler stands up.', 'Monica walks away.', 'Chandler gets up.', 'Monica leaves him.', 'He stands up, she goes.']",He rolls over the chair.
629,346.454,tt0583577,344.873,"['Monica holds a guitar and points.', 'Chandler laughs as Monica gestures.', 'Monica points at her watch, laughing.', 'Chandler laughs, Monica holds a guitar.', 'Monica holds a guitar, points at watch.']",Rachel returns in a cocktail dress.
630,366.499,tt0583577,364.419,"['Phoebe walks away, Chandler looks at her.', 'Rachel and Monica look at Phoebe as she walks.', 'Chandler and Monica gaze at Phoebe, she walks away.', 'Phoebe walks off, Chandler and Monica glance at her.', 'Monica and Rachel watch as Phoebe exits with her guitar.']",Rachel almost enters the ward as they watch.
631,379.075,tt0583577,377.253,"['Rachel speaks to Chandler, who looks at her.', 'Chandler listens to Rachel, gazing at her face.', 'Rachel and Chandler have a conversation, focused on her.', 'Chandler watches Rachel, intently listening to her words.', 'Rachel talks to Chandler, who is fully engaged with her.']",Chandler raises his brows at Monica.
632,553.967,tt0583577,552.165,"['Ross looks at the person in the hospital bed.', 'Ross stands in the hospital room beside the bed.', 'Ross gazes at the hospital bed occupant.', 'Ross focuses on the person in the hospital bed.', 'Ross is beside the hospital bed, looking at someone.']",Ross and Susan storm down the hallway.
633,571.196,tt0583577,569.914,"['Susan enters, talking to Ross and Phoebe.', 'Ross and Phoebe converse with Susan.', ""Susan joins Ross and Phoebe's discussion."", 'Phoebe and Ross chat with Susan.', 'Susan, Ross, and Phoebe talk together.']",Phoebe rounds the corner.
634,576.518,tt0583577,574.637,"['Ross and Susan enter the room together.', 'Phoebe talks to Ross and Susan in the room.', 'Ross and Susan look at each other in the room.', 'Phoebe stands in the room with Ross and Susan.', 'Ross, Susan, and Phoebe are in the room together.']",Phoebe walks them into a janitor closet.
635,597.656,tt0583577,594.414,"['Phoebe looks at Ross, while Ross looks at Susan.', 'Ross gazes at Susan as Phoebe observes him.', 'Phoebe and Ross engage in a conversation, with Susan nearby.', ""Ross and Susan are the focus of Phoebe's attention."", 'Phoebe and Ross exchange glances, with Susan standing beside them.']","Phoebe turns to storm out, but the doorknob doesn't budge."
636,838.491,tt0583577,833.95,"['Lydia holds a baby and a pink blanket while talking to Joey, who sits on a bed.', 'Joey sits on a bed, looking at a baby being held by Lydia.', 'Lydia cradles a baby and a pink blanket as she converses with Joey on a bed.', 'Joey Tribbiani sits on a bed, observing a baby being held by Lydia.', 'Lydia and Joey engage in conversation while Lydia holds a baby and a pink blanket.']",Joey eases the door closed on the smiling couple and ties balloons to the handle.
637,846.373,tt0583577,839.492,"['Joey holds balloons and a baby bottle-shaped balloon, placing them in a basket and then setting the bottle-shaped balloon on the floor.', 'Joey carefully places balloons in a basket and sets a baby bottle-shaped balloon on the floor, his hands moving deliberately.', 'Joey holds balloons and a baby bottle-shaped balloon, placing the balloons in a basket and then setting the bottle-shaped balloon on the floor.', 'Joey puts balloons in a basket and sets a baby bottle-shaped balloon on the floor, his actions deliberate and slow.', 'Joey holds and arranges balloons, placing them in a basket and then setting a baby bottle-shaped balloon on the floor, his movements calm.']","He hangs his head, takes the hand of a balloon shaped like an anthropomorphic bottle, and trudges slowly down the hallway."
638,854.615,tt0583577,851.034,"['Lydia holds a baby while Joey walks away with a balloon.', 'Joey walks away with a balloon, leaving Lydia with the baby.', 'Joey exits the room, carrying a balloon with legs and arms.', 'Joey walks away from Lydia, who holds the baby, with a balloon in hand.', 'Joey departs, carrying a balloon, as Lydia tends to the baby.']","Meanwhile, in the closet, Ross tries to open the lock with a credit card."
639,859.311,tt0583577,858.07,"['Phoebe and Susan enter the room.', 'Ross opens the door for them.', 'Phoebe looks at the person inside.', 'Ross invites Phoebe and Susan in.', 'The door opens, letting them in.']",The card snaps in half.
640,936.854,tt0583577,934.673,"['Phoebe gestures to Susan and Dr. Ross.', 'Susan and Dr. Ross look at each other.', 'Phoebe talks to Susan and Dr. Ross.', 'Susan and Dr. Ross face Phoebe.', 'Phoebe stands near Susan and Dr. Ross.']","In the delivery room, Carol is in full labor."
641,949.778,tt0583577,946.657,"['Joey looks at Chandler, who stands with his arms crossed.', 'Joey talks to Chandler, who stands with his arms crossed.', 'Chandler stands with his arms crossed, looking at Joey.', 'Joey and Chandler engage in a conversation.', 'Joey and Chandler stand facing each other, Joey looking at him.']",He gives a nonchalant shrug as Chandler anxiously fidgets.
642,953.88,tt0583577,952.539,"['Joey holds a pillow.', 'Rachel and Monica look at them.', 'Joey holds a pillow, talking.', 'Joey holds a pillow, being talked to.', 'Rachel and Monica observe Joey and Chandler.']",Carol grabs Chandler's collar.
643,958.581,tt0583577,956.801,"['Joey looks at the baby.', 'Monica and Rachel gaze at the baby.', 'Chandler talks to someone while Joey stares at the baby.', 'Joey and Monica look at the baby together.', 'Rachel and Monica examine the baby simultaneously.']",Carol releases her grip on Chandler.
644,977.612,tt0583577,974.651,"['Carol stands with Rachel and Susan, while Ross holds a mop and broom.', 'Rachel and Susan stand with Carol, as Ross holds a mop and broom.', 'Ross holds a mop and broom, standing with Carol and Susan.', 'Carol, Rachel, and Susan stand together, with Ross holding a mop and broom.', 'Ross holds a mop and broom, surrounded by Carol, Rachel, and Susan.']","In the closet, Ross pushes open a vent with a broom handle."
645,1001.772,tt0583577,999.07,"['Susan is lifted by Ross, struggling to free herself.', ""Ross holds Susan's legs, lifting her towards the ceiling."", 'Susan tries to break free as Ross holds her up.', ""Ross lifts Susan's legs, while she attempts to escape."", 'He lifts her up, her legs in his grasp, struggling to get free.']",Ross and Susan lift Phoebe halfway up into the vent.
646,1015.319,tt0583577,1013.758,"['Ross holds Susan upside down.', 'Ross holds Susan by her ankles.', 'Susan kicks while Ross holds her.', 'Ross holds Susan with one hand.', 'Susan kicks as Ross holds her.']",A janitor opens the closet door.
647,1021.05,tt0583577,1018.689,"['Ross holds the stick, lifting Susan Bunch up.', 'Joey watches as Ross lifts Susan Bunch with a stick.', 'Ross holds a stick, gazing at Susan Bunch.', ""Susan Bunch is lifted by Ross's stick, with Joey nearby."", 'Ross holds a stick, Susan Bunch suspended above, Joey observing.']","Ross and Susan run out, leaving Phoebe dangling."
648,1028.995,tt0583577,1026.994,"[""Ross performs surgery on Carol's bed."", 'Joey watches as Ross works on Carol.', 'Ross focuses on surgery equipment, Joey beside.', 'Ross looks at Joey while operating on Carol.', 'Joey observes Ross performing surgery on Carol.']",Ross and Susan run into the delivery room.
649,1040.107,tt0583577,1038.667,"['Ross looks at Rachel during surgery.', 'Rachel watches Ross operate on the patient.', 'Ross takes a tool from the nurse.', 'Ross looks at Rachel, then focuses on the patient.', 'Ross receives a tool from the nurse.']",Rachel gets out of the doctor's way.
650,1125.24,tt0583577,1122.799,"['Susan holds the baby wrapped in a blue blanket.', 'Ross holds the baby, with Carol looking on.', ""Carol gazes at the baby in Ross's arms."", 'Ross cradles the baby in his arms, with Susan nearby.', 'Susan and Ross share a moment with the baby between them.']",Everyone looks up at the ducks and waves at Phoebe.
651,1128.541,tt0583577,1125.72,"['Susan and Carol gaze lovingly at the baby in her arms.', 'Ross holds the baby wrapped in a blue blanket, smiling.', 'Carol, Susan, and Ross admire the baby, all smiling.', 'Susan cradles the baby, with Ross and Carol nearby, smiling.', 'Ross, Susan, and Carol surround the baby, beaming with joy.']","Later on, Carol holds the baby between Ross and Susan."
652,1162.113,tt0583577,1159.212,"['Joey kicks the baby while Ross holds it.', 'Rachel sits on the bed as Carol stands beside her.', 'Joey kicks the baby as Ross holds it firmly.', 'Ross holds the baby as Joey kicks it playfully.', ""Joey kicks the baby in Ross's arms.""]","Monica, Phoebe, Rachel, Chandler, and Joey enter."
653,1164.594,tt0583577,1162.713,"['Monica and Ross look at Susan holding a baby.', 'Susan walks towards Monica and Ross holding a baby.', 'Monica and Ross gaze at Susan holding the baby.', 'Susan approaches Monica and Ross with a baby in her arms.', 'Monica, Ross, and Susan focus on the baby Susan holds.']",Ross holds Ben up to show him around.
654,376.314,tt0583469,374.273,"['Ross hugs Joey, who gestures with his hands.', 'Joey gestures with his hands as Ross hugs him.', 'Ross hugs Joey, who moves his hands.', ""Joey's hands move as Ross holds him close."", 'Ross holds Joey, who gestures with his hands.']",Ross begrudgingly accepts his big hug.
655,385.653,tt0583469,383.394,"['Ross points at something behind Joey.', 'Joey stands in front of Ross, who gestures.', 'Chandler stands behind Ross, who points.', 'Ross gestures to something behind Joey.', 'Ross points at something, Joey stands nearby.']","Later at the party, the group sits around the table."
656,388.753,tt0583469,386.353,"['Ross points at the cityscape as Joey stands before him.', 'Joey stands in front of Ross, who gestures towards the city.', 'Chandler looks out at the cityscape behind Ross and Joey.', 'Ross gestures at the city as Joey stands nearby.', 'Joey stands in front of Ross, who points out at the city.']","Melanie sits on Joey's lap, telling a story."
657,449.372,tt0583469,447.912,"[""Monica touches Joey's face."", 'Joey stands with arms crossed.', 'Monica reaches out to Joey.', 'Joey stands firm against Monica.', 'Monica touches his cheek gently.']",They join the group on the couches.
658,452.312,tt0583469,449.872,"['Rachel sits down next to Chandler on the couch.', 'Chandler looks at Rachel as she joins him on the couch.', 'Rachel takes a seat beside Chandler on the couch.', 'Chandler glances at Rachel as she sits down beside him.', ""Rachel sits down next to Chandler, who's on the couch.""]",Chandler puts Ross' present on the top of the pile.
659,461.156,tt0583469,460.355,"['Joey looks at Chandler.', 'Rachel watches Joey and Chandler.', 'Joey and Chandler glance at each other.', 'Rachel stands behind Joey and Chandler.', 'Joey and Chandler sit together.']",Melanie beams.
660,483.073,tt0583469,480.052,"['Rachel hands a box to Chandler, who looks at it.', 'Chandler examines a box handed to him by Rachel.', 'Rachel gives a box to Chandler, who looks at it again.', 'Monica watches as Chandler looks at a box given to him by Rachel.', 'Rachel hands a box to Chandler, who inspects it.']","She hands it directly back to Chandler, who hugs it to his chest."
661,505.763,tt0583469,503.742,"['Chandler holds a book, looking at Joey.', 'Joey gazes at Chandler holding a book.', 'Chandler and Joey sit, Chandler reading a book.', 'Chandler looks at Joey with a book.', 'Joey watches Chandler reading a book.']",Rachel picks up Ross's gift and looks around.
662,600.494,tt0583469,597.433,"['Chandler holds a beer bottle while speaking to Joey and Rachel.', 'Joey holds his head with his hands as Chandler speaks to him and Rachel.', 'Rachel looks at Chandler as he holds a beer bottle and speaks.', 'Chandler and Joey interact on the couch, with Chandler holding a beer.', 'Chandler speaks while holding a beer, with Joey and Rachel nearby.']",Chandler covers his mouth as Rachel gazes off in thought.
663,686.07,tt0583469,682.588,"['Rachel shows a photo to Monica, who looks at it with Chandler nearby.', 'Joey sits on the couch, watching Rachel show a photo to Monica and Chandler.', 'Monica looks at a photo with Rachel, while Joey and Phoebe stand nearby.', 'Rachel holds a photo, showing it to Monica, with Chandler and Julie observing.', 'Phoebe stands beside Joey on the couch, as Rachel shows a photo to Monica and Chandler.']","Phoebe crosses to Rachel, holding the photo of Ross in front of her face."
664,687.511,tt0583469,686.57,"['Julie enters, Rachel shows photo.', 'Rachel shows Monica a photo.', ""Monica looks at Rachel's photo."", 'Rachel leaves, Julie enters room.', ""Julie looks at Rachel's photo.""]",Rachel stares at her.
665,707.191,tt0583469,702.49,"['Ross Geller stands at the airport, talking to a woman by the window.', 'Ross Geller stands near a large airport window, gesturing to a woman.', 'Ross Geller talks to a woman at the airport, with planes visible outside the window.', 'Ross Geller converses with a woman near the airport window, looking out at the tarmac.', 'Ross Geller discusses something with a woman at the airport, with planes and the tarmac visible outside.']","Meanwhile at the airport, Ross is in line listening to Chinese language tapes on a Walkman."
666,750.034,tt0583469,747.874,"['Rachel looks at Ross intently.', ""Ross listens to Rachel's words."", 'Rachel and Ross gaze at each other.', ""Ross's eyes stay fixed on Rachel."", 'Rachel and Ross maintain eye contact.']",The gate attendant approaches the wrong person.
667,761.358,tt0583469,760.036,"['Ross looks at Rachel.', 'Rachel and Ross face each other.', 'Ross and Rachel gaze at each other.', 'Rachel and Ross lock eyes.', 'Ross and Rachel stare at each other.']",The man's wife glares at him.
668,771.38,tt0583469,769.3,"['Ross walks into the room calmly.', 'Ross enters the room, looking around.', 'Ross steps into the room, examining.', 'Ross walks into the room, observing.', 'Ross enters the room, taking a look.']","Still clueless, Ross boards the plane."
669,800.622,tt0583469,799.322,"['Joey and the woman kiss and laugh.', 'The woman climbs on top of Joey.', 'Joey and the woman share a laugh.', 'They laugh together in bed.', 'Joey and the woman kiss and giggle.']",Joey pushes her away from him.
670,848.786,tt0583469,846.405,"['Joey Tribbiani kisses the woman.', 'Joey Tribbiani gazes at the woman before kissing her.', 'Joey Tribbiani looks at the woman, then kisses her.', ""Joey Tribbiani's eyes meet hers before he kisses her."", ""Joey Tribbiani's lips touch hers in a romantic kiss.""]","Joey looks confused, but smiles through it."
671,941.427,tt0583469,938.466,"['Rachel points at Monica, who walks away.', 'Monica points at Rachel, then walks off.', 'Rachel talks to Monica, who points and leaves.', 'Monica walks away after pointing at Rachel.', 'Rachel and Monica converse, with Monica walking off.']","Rachel looks to Phoebe for help, but Phoebe goes to the sink."
672,946.968,tt0583469,944.567,"['Rachel sits at the table, Phoebe stands nearby.,.', 'Joey enters the kitchen, Chandler looks at him.,.', 'Rachel and Phoebe converse, Joey walks in.,.', 'Chandler gazes at Joey, Rachel and Phoebe chat.,.', 'Joey walks into the kitchen, Rachel and Phoebe sit.']",Chandler eats breakfast in the kitchen as Joey enters.
673,1018.395,tt0583469,1016.054,"['Chandler points at Joey, then looks at him.', 'Chandler talks to Joey, pointing at him repeatedly.', 'Chandler Bing engages Joey in conversation, gesturing.', 'Joey reads a book as Chandler talks and gestures.', 'Chandler and Joey interact, with Chandler pointing at him.']",Monica reads Ross's itinerary at the table.
674,1021.036,tt0583469,1019.035,"['City lights twinkle in the night sky.', 'Lights and buildings illuminate the cityscape.', 'The city skyline shines brightly at night.', 'Nighttime lights reflect off city buildings.', ""The city's evening lights are showcased.""]",Rachel wears a skirt that's longer in the back.
675,1029.138,tt0583469,1027.738,"['Monica reaches for something.', 'Rachel reads and sips coffee.', 'Monica looks at Rachel.', 'Monica takes something from the fridge.', 'Monica gets something from the fridge.']",Rachel gets wine from the fridge.
676,1072.614,tt0583469,1070.494,"['Monica walks away from Rachel, holding a bowl.', 'Rachel turns around after Monica leaves.', 'Monica holds a bowl while talking to Rachel.', 'Rachel turns around, as Monica walks away.', 'Monica walks off, holding a bowl, as Rachel turns.']",Rachel crosses to the door to answer the buzzer.
677,1123.041,tt0583469,1120.921,"['Joey raises his hands while standing.', 'Joey sits, holding a conversation with a woman.', 'Joey talks to someone off-screen, gesturing with his hands.', 'Joey sits with a woman, wine glass in hand.', 'Joey talks to a woman, gift baskets nearby.']",Joey staggers around with his eyes closed.
678,1126.061,tt0583469,1123.661,"['Chandler gestures with his hands as he talks to Rachel, who holds a glass of champagne.', 'Rachel listens intently as Chandler speaks, champagne glass in hand.', 'Chandler Bing engages Rachel Green in conversation, gesturing with his hands.', 'Rachel Green holds a glass of champagne as Chandler Bing talks to her.', 'Chandler Bing talks and gestures, while Rachel Green listens with a glass of champagne.']","Meanwhile, Rachel talks to Carl on the balcony."
679,1153.663,tt0583469,1152.843,"['Ross looks at Rachel.', 'Rachel rubs her eyes.', 'Ross gazes at Rachel.', 'Rachel looks at Ross.', 'Ross and Rachel share a glance.']",She rubs her eyes.
680,1155.723,tt0583469,1153.924,"['Rachel wipes her eye with her hand.', 'Rachel looks at the man.', 'Rachel wipes her eye with her hand.', 'Rachel looks at the man.', 'Rachel wipes her eye with her hand.']","When she opens them, Ross is next to her."
681,1174.507,tt0583469,1172.346,"['Ross gestures with his hands as he speaks to Rachel.', 'Rachel stands before Ross, her arms crossed, as he talks.', 'Ross looks at Rachel, gesturing as they converse.', 'Rachel and Ross engage in a conversation, eyes locked.', 'Ross speaks animatedly, his hands moving as he talks.']",Fantasy Ross steps between her and Carl.
682,1281.302,tt0583469,1280.101,"['Rachel walks with Ross, holding flowers.', 'Ross looks at Rachel, walking behind Julie.', 'Rachel and Ross walk, Julie following.', 'Ross gazes at Rachel, flowers in hand.', 'Rachel, Ross, and Julie walk together.']",The bickering couple exits.
683,1286.902,tt0583469,1285.382,"['Rachel walks with the older woman.', 'Rachel strolls through the crowd.', 'Rachel accompanies the older woman.', 'Rachel navigates the hallway.', 'Rachel moves through the crowd.']",Rachel waits eagerly for Ross.
684,1290.103,tt0583469,1287.282,"['Rachel walks down a hallway, stopping to talk to him.', 'Rachel pauses in a hallway, conversing with a man.', 'Rachel Green halts in a hallway, speaking with someone.', 'She stops in a hallway, discussing something with him.', 'Rachel comes to a stop, talking to a man in a hallway.']","A woman exiting the plane drops her bag, and Ross picks it up."
685,235.199,tt0583562,234.359,"['Monica slaps Joey twice.', 'Chandler slaps Joey once.', 'Monica slaps Chandler then Joey.', 'Joey gets slapped twice.', 'Monica and Chandler slap Joey.']",Ross and Julie.
686,259.391,tt0583562,258.326,"['Chandler points at Julie.', 'Joey waves at someone.', 'Monica and Phoebe laugh together.', 'Rachel laughs with friends.', ""Chandler gestures at Julie's head.""]",Ross gives them a look.
687,286.738,tt0583562,282.149,"['Julie talks to Ross, while Joey looks on, his hand visible, and Phoebe covers her mouth.', 'Ross listens to Julie, his face engaged, as Phoebe covers her mouth and Rachel looks at her.', 'Julie speaks, her hand moving, as Ross focuses on her, Joey glances at him, and Phoebe covers her mouth.', ""Ross's face is attentive as Julie talks, Joey's hand is visible, and Phoebe discreetly covers her mouth."", ""Julie discusses something with Ross, Joey observes, and Phoebe's hand is seen covering her mouth, with Rachel watching.""]","They all turn and stare at Rachel, and she covers her mouth with her hands."
688,301.911,tt0583562,299.72,"['Monica talks to Joey as they hold glasses.', 'Rachel laughs with Chandler as they use utensils.', 'Phoebe talks to Monica while they hold a bottle.', 'Monica, Rachel, and Phoebe laugh together around plates.', 'The friends chat and laugh while eating with utensils.']",She staggers off and grabs a bottle of wine.
689,342.776,tt0583562,340.626,"['Ross looks at Julie as she walks away.', 'Ross picks up a bag while Julie walks off.', 'Ross gazes at Julie as she leaves.', 'Julie walks away as Ross holds a bag.', 'Ross watches Julie walk away with a bag.']",Ross and Julie grab their bags and head out.
690,344.169,tt0583562,343.227,"['Julie and Ross walk out.', 'Ross picks up a bag.', 'Ross and Julie exit together.', 'They take a bag out.', 'Ross carries a bag out.']",Rachel shuts the door.
691,349.505,tt0583562,347.315,"['Rachel waves, while Chandler and Joey enter the room.', 'Phoebe and Monica stand in the room, near the Central Perk sign.', 'Chandler and Joey enter, while Rachel waves to the room.', 'Monica and Phoebe stand near the Central Perk sign.', 'Chandler and Joey enter the room, with Rachel waving.']",She leans against the door with a heavy sigh.
692,353.375,tt0583562,350.223,"['Rachel stands in front of a window, gazing outside.', 'Rachel stands by a window, taking in the park scene.', 'Rachel looks out the window, with Central Perk sign visible.', 'Rachel stands at a window, observing the park crowd.', 'Rachel stands by the window, admiring the park view.']","Chandler looks back solemnly, and the rest drop their gazes."
693,356.712,tt0583562,354.48,"['Monica crosses her arms as Chandler approaches her.', 'Chandler walks towards Monica, who stands with her arms crossed.', 'Rachel watches Monica and Chandler exchange a look.', 'Phoebe stands behind the counter, observing Monica and Chandler.', 'Monica and Chandler gaze at each other, flanked by Phoebe and Rachel.']","Now, Ross and Chandler arrive at Central Perk."
694,367.439,tt0583562,363.836,"['Rachel looks at Chandler as he walks away from the counter.', 'Chandler looks at Rachel as she gazes back at him.', 'Rachel and Chandler exchange glances, their eyes locked on each other.', ""Chandler walks away, Rachel's eyes following him."", 'Rachel and Chandler share a brief, silent moment, their eyes meeting.']","Chandler glances over at Ross a few feet away, then back at Rachel."
695,372.229,tt0583562,368.361,"['Ross reads the newspaper as Chandler stands next to him, talking.', 'Chandler talks to Ross, who looks at him while holding a newspaper.', 'Ross reads the newspaper, with Chandler standing beside him, discussing something.', 'Chandler engages Ross in conversation while Ross reads the newspaper.', 'Ross reads the newspaper as Chandler talks to him, both sitting together.']",He makes his way over and sits on the couch beside Ross as Rachel eyes him.
696,375.833,tt0583562,372.925,"['Chandler looks at Ross as he reads the newspaper.', 'Ross reads the newspaper while Chandler talks to him.', 'Chandler looks at Ross as he reads the newspaper.', 'Ross reads the newspaper, with Chandler beside him.', 'Chandler talks to Ross while he reads the newspaper.']","Chandler lightly punches Ross's arm, and Ross smiles."
697,431.727,tt0583562,430.28,"['Ross walks away from Chandler.', 'Chandler sits on the couch.', 'Ross glances at Chandler.', 'Chandler sits down slowly.', 'Ross stands up and exits.']","Ross walks off, and she sits."
698,464.751,tt0583562,463.139,"['Rachel looks at Chandler on the couch.', 'Chandler watches TV while Rachel reads.', 'Rachel glances at Chandler on the couch.', 'Chandler sits next to Rachel on the couch.', 'Rachel and Chandler sit together on the couch.']",Rachel slumps back on the couch.
699,468.348,tt0583562,465.516,"['Rachel walks into the living room, joining the conversation.', 'Chandler sits next to Rachel on the couch, discussing something.', 'Rachel reads the newspaper on the couch while the TV shows a sumo wrestling match.', 'The group gathers in the living room, with Ross sitting on the couch, talking.', 'Rachel and Chandler sit together on the couch, watching the sumo wrestling match on TV.']","At Monica and Rachel's, the group watches sumo wrestling."
700,533.04,tt0583583,529.058,"['Monica looks at Rachel, who is sitting at a table with a bowl and a bottle.', ""Rachel sits at a table with a bowl and a bottle, with Monica's gaze fixed on her."", ""Monica's eyes are on Rachel, who sits at a table with a bowl and a bottle."", ""Rachel sits at a table with a bowl and a bottle, as Monica's attention is drawn to her."", ""Monica's gaze is on Rachel, who sits at a table with a bowl and a bottle.""]","Now, the group sits around the kitchen table as Phoebe wipes off a baby bottle."
701,547.054,tt0583583,545.183,"['Ross gives the baby to Phoebe.', 'Phoebe takes the bottle from Ross.', 'Ross puts the baby on the table.', 'Ross hands the bottle to Phoebe.', 'Phoebe receives the baby from Ross.']","She squirts it on her arm, then licks it off."
702,564.748,tt0583583,564.184,"['Joey applies lotion.', 'Rachel holds a baby.', 'Phoebe and Chandler hold babies.', 'Ross and Chandler look at each other.', 'Characters hold babies together.']",He tries it.
703,622.483,tt0583583,620.049,"['Rachel munches on a snack while Monica folds clothes.', 'Monica folds clothes as Rachel takes a bite.', 'Rachel eats a snack as Monica folds clothes.', 'Monica folds clothes and Rachel enjoys a snack.', 'Rachel eats and Monica folds clothes together.']","Monica thinks to herself, then turns to Rachel."
704,670.373,tt0583583,667.476,"['Rachel holds a paper and talks to Monica.', 'Rachel holds a paper, her focus fixed on the conversation.', 'Rachel discusses something with Monica, paper in hand.', 'Rachel talks to Monica, clutching a piece of paper.', 'Rachel shares her thoughts with Monica, holding a paper.']","Rachel's jaw drops, and she places a hand over her heart."
705,673.773,tt0583583,672.546,"['Rachel holds a paper, Monica looks.', ""Monica gazes at Rachel's paper."", ""Rachel looks at Monica's reaction."", 'Monica examines the paper Rachel holds.', 'Rachel shows Monica a piece of paper.']",Monica walks over to her.
706,688.254,tt0583583,686.28,"['Monica points at the wall, Rachel looks.', 'Rachel holds food, Monica points at the wall.', 'Monica gestures, Rachel examines the wall.', 'Monica points, Rachel looks at the wall.', 'Monica points, Rachel holds food nearby.']",Monica follows Rachel into the living room.
707,720.458,tt0583583,717.32,"['Monica points at her chest, looking at herself.', ""Monica's hand gestures towards her chest as she examines herself."", ""Monica's hand rests on her chest, her gaze fixed on her own body."", ""Monica's fingers point at her chest, her eyes on her own reflection."", ""Monica's hand and chest are the focus of her attention as she inspects herself.""]",Monica looks away and Rachel's hand flies to her mouth.
708,725.78,tt0583583,722.696,"['Monica wipes her nose with a tissue, talking to Julie.', 'Rachel joins Monica and Julie, all wiping their noses with tissues.', 'Monica and Julie chat as they both blow their noses with a tissue.', 'The friends, Monica and Rachel, blow their noses with tissues simultaneously.', 'Monica, Julie, and Rachel all blow their noses with a tissue in unison.']",Monica claps a hand over her mouth as they gaze at each other.
709,738.445,tt0583583,735.258,"['Rachel gestures with her hands as she talks to Monica, who listens intently.', ""Monica stands still, focused on Rachel's animated conversation."", ""Rachel's hands move as she speaks, while Monica's eyes stay on her friend."", 'Rachel talks enthusiastically, her hands moving in emphasis, as Monica listens attentively.', ""Monica's gaze is fixed on Rachel as she speaks, her friend's hands moving animatedly.""]",Rachel hurries off and Monica folds her arms with a frown.
710,744.066,tt0583583,740.859,"['Monica takes a phone call, conversing with someone.', 'Monica holds a phone, engaged in a phone conversation.', 'Monica is on a phone, talking to someone.', 'Monica talks on the phone, speaking with someone.', 'Monica has a phone conversation, chatting with someone.']",Ben lies awake in his playpen while Chandler and Ross snooze.
711,750.16,tt0583583,749.267,"['Monica talks on phone.', 'Monica holds phone tight.', 'Monica chats on phone.', ""Phone rings in Monica's hand."", 'Monica speaks on phone.']",She rolls her eyes.
712,763.884,tt0583583,761.306,"['Monica talks on the phone while Joey reads a book.', 'Phoebe stands beside Joey as he reads a book.', 'Chandler looks at Ross as they sit on the couch.', 'Monica is on the phone, Joey reads, and Phoebe looks on.', 'Joey reads a book, Phoebe stands nearby, and the couch is occupied.']","Carol and Susan arrive, and Chandler and Ross wake up."
713,842.855,tt0583583,840.603,"['Ross looks at Joey as Susan sits nearby.', 'Joey and Ross gaze at each other on the couch.', 'Susan watches Ross as he talks to Joey.', ""Ross and Joey focus on each other's conversation."", 'Ross and Joey engage in a conversation near Susan.']",Ross eyes Susan and rolls up his sleeve.
714,845.065,tt0583583,843.463,"['Ross looks at Joey.', 'Ross and Joey stand together.', 'Joey talks to Ross.', 'Ross and Joey converse.', 'Ross faces Joey.']",He points down to the baby bottle.
715,851.101,tt0583583,848.138,"['Ross walks towards Susan, holding a bottle of water.', 'Susan sits on the couch, and Ross approaches her.', 'Ross stands up and walks towards Susan on the couch.', 'Ross holds a bottle of water, talking to Susan on the couch.', 'Ross walks towards Susan, who sits on the couch.']",Joey hands it to Ross and he shakes the milk onto his arm.
716,856.761,tt0583583,855.502,"['Ross and Joey look at each other.', ""Joey gazes at Ross's face."", 'Ross and Joey examine the crib.', ""Ross glances at Joey's expression."", 'They both focus on the crib.']",Joey gives Ross a towel.
717,862.684,tt0583583,857.288,"['Susan Bunch sits on a couch, looking at something.,.', 'Susan Bunch is sitting on a couch, gazing at something.,.', 'Susan Bunch sits on a couch, intensely focusing on something.,.', 'Susan Bunch is seated on a couch, examining something.,.', 'Susan Bunch sits on a couch, intently studying something.']",Ross furiously scrubs the milk off his arm and stalks off as Susan shoots him a smug smile.
718,876.886,tt0583583,873.213,"['Chandler enters the room, looking at Joey as he wipes the counter.', 'Joey wipes the counter as Chandler enters the room, focusing on him.', ""Chandler's gaze falls on Joey as he wipes the counter, his presence sudden."", 'Joey continues wiping the counter as Chandler enters, his attention fixed on him.', ""Chandler's eyes lock onto Joey as he wipes the counter, his arrival unannounced.""]",Chandler stares as Joey strolls over to the counter and sits on a stool.
719,919.139,tt0583583,915.216,"['Chandler wipes the table with a towel, then gives Joey a drink from a glass.', 'Joey sips from a glass as Chandler wipes the table with a towel.', 'Chandler wipes the table clean with a towel, then hands Joey a refreshing drink.', 'Joey takes a sip from a glass as Chandler tidies up the table with a towel.', 'Chandler serves Joey a drink from a glass while wiping the table with a towel.']","Joey downs the glass of juice and slides it back to Chandler, who refills it."
720,988.74,tt0583583,987.599,"['Rachel points at herself and Phoebe.', 'Phoebe sits on the couch.', 'Rachel gestures to Phoebe.', 'Rachel and Phoebe sit together.', 'Rachel points at Phoebe.']",Rachel covers her face.
721,1013.907,tt0583583,1013.267,"['Monica hugs Rachel, then another woman.', 'Rachel comforts Monica, then hugs her again.', 'Monica and Rachel hug each other tightly.', 'Monica hugs Rachel, then a blonde woman.', 'Monica, Rachel, and a woman hug each other.']",They hug.
722,1015.669,tt0583583,1014.047,"['Monica and Rachel hug, then greet another woman.', 'Rachel consoles Monica as they hug each other.', 'Monica hugs Rachel, then another woman with blonde hair.', 'Monica and Rachel share a hug, then greet a blonde woman.', 'Monica and Rachel hug, joined by a blonde woman.']",Then Phoebe stands and walks over.
723,1027.183,tt0583583,1023.599,"['Phoebe and Rachel hug Monica, then Monica walks away.', 'Monica is hugged by Phoebe and Rachel before walking off.', 'Phoebe and Rachel share a hug, then Monica exits the scene.', 'Rachel and Phoebe hug Monica, who then departs.', 'Monica is hugged by her friends Phoebe and Rachel before leaving.']",Rachel and Monica pull her into their hug as they all pat each other's backs.
724,1028.483,tt0583583,1027.543,"['Monica and Phoebe hug Rachel.', 'Phoebe and Monica hug Rachel.', 'Monica hugs Phoebe, Rachel watches.', 'Phoebe hugs Monica, Rachel observes.', 'Rachel watches Monica and Phoebe hug.']",Phoebe steps away.
725,1068.449,tt0583583,1065.466,"['Phoebe hugs Monica, who then hugs Carol.', 'Monica receives hugs from Phoebe and Carol.', 'Phoebe and Carol hug Monica in a show of affection.', 'Carol and Phoebe join Monica in a group hug.', 'The friends share a moment of tenderness, hugging each other.']",Phoebe rushes back over and joins them as they hug.
726,1083.275,tt0583583,1080.171,"['Joey walks in and out of frame, wearing a white cowboy outfit.', 'Joey enters and exits the scene, dressed in a white cowboy hat and shirt.', 'Joey walks into view, wearing a white shirt and cowboy hat, then steps out.', 'Joey enters and exits wearing a white cowboy outfit with a white shirt and hat.', 'Joey walks in and out of frame, dressed in a white cowboy outfit with a hat.']","The hombre man glances over at Joey, then gazes off."
727,1104.159,tt0583583,1100.015,"['Joey Tribbiani enters a store and approaches a man in a white hat.', 'Joey Tribbiani walks into a store and talks to a man wearing a white hat.', 'Joey Tribbiani enters a store and engages in conversation with the man in the white hat.', 'Joey Tribbiani walks into a store and approaches the man in the white cowboy hat.', 'Joey Tribbiani enters a store and talks to the man wearing a white cowboy hat and boots.']","The hombre man faces Joey, and his hand floats above his holstered cologne."
728,1118.358,tt0583583,1116.057,"['Joey stands in a room, wearing a cowboy hat.', 'Joey wears a white cowboy hat and shirt with black lines.', 'Joey looks up and to the side in a room.', 'Joey stands in a room, looking up and to the side.', 'Joey stands, wearing a white cowboy hat and shirt, looking up.']",Their fingers twitch and they stretch their necks.
729,1122.301,tt0583583,1119.139,"['Joey Tribbiani opens a door with a key and looks at it.', 'Joey Tribbiani takes a key and opens a door.', 'Joey Tribbiani uses a key to unlock a door and examines it.', 'Joey Tribbiani holds a key and opens a door.', 'Joey Tribbiani opens a door with a key, his attention focused on it.']",The manager glances back as he places the key in the lock.
730,1125.982,tt0583583,1123.041,"['John pulls a gun out of his holster and then puts it back.', 'John pulls a gun out of his holster, then holsters it again.', 'A hand pulls a gun out of a holster and then puts it back.', 'He pulls a gun, then holsters it, in a swift motion.', 'A hand opens a door and pulls a gun out of a holster.']",Joey lowers his head and the ombre man juts up his chin.
731,1132.598,tt0583583,1129.656,"['Joey Tribbiani talks to a man in a store.', 'Joey Tribbiani converses with another man in a store.', 'Joey Tribbiani engages in a conversation with a man in a store.', 'Joey Tribbiani discusses something with a man in a store.', 'Joey Tribbiani chats with a man in a store.']",A friendly-looking elderly man enters the store with a nod.
732,1135.799,tt0583583,1133.098,"['Joey Tribbiani wears a white cowboy hat and shirt.', 'Joey Tribbiani looks down, beside a man in black attire.', 'Joey Tribbiani wears a white cowboy hat and shirt, looking down.', 'Joey Tribbiani stands beside a man in black, looking down.', 'Joey Tribbiani wears a white cowboy hat and shirt, standing still.']","The cowboys glance at him, then squint at each other."
733,1168.251,tt0583583,1166.431,"['Joey holds a jacket with the store owner.', 'Joey examines the jacket with the store owner.', 'Joey looks at the store owner holding a jacket.', 'Joey and the store owner inspect the jacket.', 'The store owner shows Joey a jacket.']",They leave as Annabelle arrives.
734,1190.797,tt0583583,1185.552,"['The man and woman walk away together, their figures fading into the distance.,.', 'The woman talks to another woman, her gestures animated as they converse.,.', 'The man and woman walk away, their footsteps echoing through the scene.,.', 'The woman walks away, her path disappearing from view as she disappears into the background.,.', 'The couple walks away, their pace steady as they move further from the camera.']","She takes Joey's arm, and they stroll toward a poster with a beach and a sunset that says cruise wear."
735,1194.221,tt0583583,1191.439,"['Rachel walks in a room with Joey behind her, both dressed in cowboy outfits.', 'Joey follows Rachel as they enter a room, both wearing cowboy attire.', 'Rachel and Joey stroll into a room, both dressed in casual cowboy outfits.', 'Rachel leads the way into a room, with Joey walking behind her in cowboy gear.', 'Rachel and Joey walk into a room, both sporting cowboy outfits and relaxed attire.']","The lights dim, and the sun on the poster begins to glow."
736,1197.404,tt0583583,1195.162,"['Rachel looks at Julie as they sit together.', ""Julie listens intently to Rachel's words."", 'Rachel talks to Julie on the couch.', ""Julie gazes at Rachel's face."", 'Rachel and Julie sit together on the couch.']","At Central Perk, Rachel sits beside Julie."
737,1244.863,tt0583583,1244.082,"['Rachel looks off-screen.', 'Rachel talks to someone.', 'Rachel gazes at someone.', 'Rachel addresses someone.', 'Rachel talks to someone off-screen.']",Rachel blinks.
738,610.237,tt0583453,608.526,"['Ross holds a glass of water.', 'Chandler sits, listening to Ross.', 'Phoebe looks at Ross.', 'Ross and Chandler exchange glances.', 'Ross stands, holding a glass of water.']","Fidgeting, Ross turns to Chandler."
739,613.899,tt0583453,613.195,"['Ross looks at Chandler.', 'Chandler listens to Ross.', 'Ross addresses Chandler.', 'Ross faces Chandler.', 'Ross talks to Chandler.']",Joey walks up.
740,670.121,tt0583453,667.847,"['Chandler sweeps the ceiling, then looks at Joey.', 'Chandler puts down the broom, watching Joey.', 'Joey watches Chandler sweep the ceiling and then stop.', 'Chandler sweeps the ceiling, then turns to Joey.', 'Chandler sweeps, then looks at Joey, holding the broom.']",He grabs a broom and smacks the ceiling with it.
741,671.873,tt0583453,670.424,"['Chandler holds a broom and yells.', 'Chandler yells at someone with a broom.', 'Chandler yells, holding a broom tightly.', 'Chandler yells, grasping a broom.', 'Chandler yells, brandishing a broom.']",Then he notices Joey staring.
742,675.033,tt0583453,673.604,"['Chandler Bing speaks off-screen.', 'Chandler talks to someone nearby.', 'Chandler has a conversation off-camera.', 'Chandler chats with someone unseen.', 'Chandler converses with an off-screen person.']",He drops it and jumps back.
743,685.905,tt0583453,684.314,"['Chandler and Joey hold a box together.', 'Joey and Chandler look at a man.', 'Chandler and Joey examine a box.', 'A man enters, and they glance at him.', 'Chandler and Joey gaze at each other.']",Joey steps in with a trash bag.
744,708.069,tt0583453,706.881,"['Joey stands up and walks away.', 'Chandler speaks to Joey, who stands up.', 'Joey holds a book and walks away.', 'Chandler talks to Joey, who gets up.', 'Joey walks away with a book.']",Chandler paces away.
745,784.887,tt0583453,784.081,"['Joey stands near the couch.', 'Chandler walks away slowly.', 'Chandler leaves Joey standing.', 'Joey stands by the couch.', 'Chandler exits the scene.']",He strides out.
746,792.577,tt0583453,789.396,"['Joey holds a paper, standing beside Chandler at the table.', 'Chandler and Joey discuss papers at a table, both holding sheets.', 'Joey and Chandler converse, both standing at a table with papers.', 'The friends examine papers at a table, Joey holding a sheet.', 'Joey and Chandler review papers at a table, standing side by side.']","Joey loads a box with knickknacks, then frowns, looking up."
747,796.643,tt0583453,795.094,"['Joey holds game controller and remote.', 'Chandler and Joey hold remotes together.', 'Joey and Chandler look at each other.', 'Joey holds game controller, Chandler remote.', 'Joey and Chandler hold remotes simultaneously.']",He nods decidedly to himself.
748,882.509,tt0583453,880.828,"['Chandler stands facing Janice, while Joey watches.', 'Janice and Chandler converse, Joey observing.', 'Joey sits, watching Chandler and Janice chat.', 'Chandler and Janice stand, engaged in conversation.', 'Joey sits, watching Janice and Chandler talk.']",She waggles her ring for the others.
749,902.078,tt0583453,898.917,"['Janice looks at Chandler Bing, who listens attentively by the lamp.', ""Chandler Bing focuses on Janice, who speaks while they're near a lamp."", 'Janice and Chandler Bing engage in a conversation near a lamp.', 'Janice and Chandler Bing interact, both gazing at each other by the lamp.', ""Chandler Bing listens to Janice, who speaks while they're near a lamp.""]","She pinches his cheek and de-crinkles his nose, annoyed."
750,926.084,tt0583453,923.329,"['Monica stands up, holding a remote control, looking at Rachel.', 'Rachel sits on the couch, while Monica stands nearby, holding a remote.', 'Monica holds a remote, looking at Rachel, who sits on the couch.', 'Monica stands, holding a remote, as Rachel sits on the couch.', 'Monica holds a remote, gazing at Rachel, who sits on the couch.']","Ross strides in, carrying a briefcase and wearing a suit."
751,931.68,tt0583453,929.795,"['Phoebe talks to Rachel at a table.', 'Ross enters and joins Phoebe at the table.', 'Ross sits down beside Phoebe at the table.', 'Ross joins Phoebe and Rachel at the table.', 'Phoebe, Rachel, and Ross sit at a table.']",He sets the case down in front of Phoebe.
752,994.444,tt0583453,989.481,"[""Ross looks at Rachel, who's sitting on the couch, while Monica observes them both."", 'Rachel sits on the couch, with Monica beside her, as Ross talks to her.', 'Monica sits on the couch, watching Ross and Rachel as they converse.', ""Ross talks to Rachel, who's seated on the couch, with Monica nearby."", 'The scene shows Ross speaking to Rachel, with Monica sitting beside her on the couch.']","He gives her a nervous look, then glances to Rachel and Monica, who listen attentively."
753,1007.344,tt0583453,1005.917,"['Ross holds a briefcase near Phoebe on the couch.', 'Phoebe sits on the couch, looking at Ross.', 'Ross stands near Phoebe, holding a briefcase.', 'Phoebe looks up at Ross on the couch.', 'Ross holds a briefcase, facing Phoebe on the couch.']","Phoebe backs up, reeling."
754,1032.854,tt0583453,1031.405,"['Phoebe looks at Ross, who holds a briefcase.', 'Ross prepares to leave, holding his briefcase.', 'Phoebe gazes at Ross, briefcase in hand.', 'Ross holds a briefcase, about to depart.', 'Phoebe and Ross share a brief glance.']",She gives him a mournful look.
755,1037.057,tt0583453,1033.356,"['Ross packs a suitcase as Phoebe looks on.', 'Phoebe watches as Ross packs his suitcase.', 'Ross packs a suitcase on the table.', 'Ross packs a suitcase while Phoebe is nearby.', 'Ross is packing a suitcase, with a suitcase on the table nearby.']","Searching, his eyes go distant, and he slowly shuts his briefcase."
756,1044.942,tt0583453,1040.919,"['Ross walks out of the room, followed by Phoebe, who catches his attention.', 'Phoebe exits the room, with Ross leaving behind him, carrying a briefcase.', 'Ross picks up a briefcase and exits the room, while Phoebe follows him out.', 'Ross walks out of the room, carrying a briefcase, as Phoebe trails behind him.', 'Phoebe and Ross both exit the room, with Ross holding a briefcase.']","He glances up at her, then quickly hugs the case to his chest and hurries out."
757,1047.315,tt0583453,1045.625,"['Ross walks out, Phoebe enters the room.', 'Phoebe enters, Ross looks at her.', 'Ross exits, Phoebe walks into view.', 'Phoebe enters, Ross grabs his briefcase.', 'Ross walks out, Phoebe joins him.']",Phoebe grins and turns to the girls.
758,1055.9,tt0583453,1053.443,"['Rachel walks into the living room as Phoebe jumps off the couch.', 'Phoebe jumps off the couch and walks towards Monica.', 'Rachel enters the room as Phoebe gets up from the couch.', 'Phoebe walks towards Monica Geller from the couch.', 'Rachel enters and Phoebe jumps off the couch to join her.']","Monica swings on her coat, knocking over the lamp."
759,1060.933,tt0583453,1057.933,"['Rachel points at Phoebe as she dances in the living room.', 'Phoebe dances while Rachel stands in front of her, gesturing.', ""Rachel's gaze follows Phoebe's movements as she spins and twirls."", ""Phoebe's energetic dance catches Rachel's attention, who watches intently."", ""Rachel's eyes are fixed on Phoebe as she dances with reckless abandon.""]","She freezes, gaping, and Rachel runs out of her bedroom."
760,1088.944,tt0583453,1086.208,"['Monica holds a basket, looking at Chandler standing by the fridge.', ""Chandler stands near the refrigerator, caught Monica's attention."", 'Monica holds a basket, gazing at Chandler in front of the fridge.', ""Chandler stands in front of the refrigerator, Monica's focus is on him."", 'Monica and Chandler are in a scene with a refrigerator in the background.']",Rachel slumps away with the pieces as Chandler enters.
761,404.6,tt0583539,402.339,"['Chandler Bing reads a magazine and sips coffee.', 'Chandler Bing sits on the couch, reading and drinking.', 'Chandler Bing holds a coffee cup and flips through a magazine.', 'Chandler Bing sits, reading a magazine and taking a sip.', 'Chandler Bing reads a magazine and holds a coffee cup.']",Ross holds the pitcher in front of Chandler's chest.
762,408.3,tt0583539,405.2,"['Ross smiles at Julie as he looks at her.', 'Julie laughs as Ross looks at her, while Chandler holds a cup.', 'Ross looks at Julie, who laughs, while Chandler holds a cup nearby.', 'Ross and Julie interact, with Ross smiling, while Chandler observes.', 'Ross and Julie engage in conversation, with Chandler holding a cup in the background.']","Chandler gives a dark look, then a sarcastic smile."
763,417.546,tt0583539,415.306,"['Chandler holds a cup of coffee with Ross.', 'Ross drinks from the cup while Chandler talks.', 'Julie walks towards the couch, passing by the pair.', 'Chandler holds a cup of coffee as Ross sips.', 'Ross drinks coffee as Chandler talks beside him.']",He scowls and turns back to his magazine.
764,419.927,tt0583539,418.307,"['Chandler looks at Ross as Julie approaches.', 'Ross sips coffee as Julie walks by.', 'Julie heads towards Ross while he drinks coffee.', 'Chandler and Ross gaze at each other.', 'Ross focuses on his coffee as Julie passes by.']","Later, Julie puts on a jacket."
765,429.768,tt0583539,426.868,"['Ross lies on the couch, conversing with someone.', 'Ross talks to someone while reclining on the couch.', 'Ross is seated on the couch, engaged in conversation.', 'Someone listens as Ross talks on the couch.', 'Ross chats with someone while lounging on the couch.']",Ross spreads out on a couch as Rachel busts his table.
766,433.029,tt0583539,430.529,"['Ross lies on the couch as a woman holds a pillow.', 'The woman puts a pillow on the couch next to Ross.', 'Ross is lying down as the woman places a pillow beside him.', 'The woman holds a pillow and sets it on the couch near Ross.', 'Ross reclines on the couch as the woman sets a pillow down beside him.']","As she clears a plate, he playfully kicks her butt."
767,440.37,tt0583539,439.63,"['Rachel cleans the table.', 'Rachel turns and walks away.', 'Rachel smiles and turns away.', 'Rachel cleans, then walks.', 'Rachel walks away smiling.']",She starts off.
768,535.556,tt0583539,534.896,"['Ross looks at Rachel.', 'Rachel looks back.', 'Ross gazes at her.', 'She meets his eyes.', 'He focuses on her.']",He perks up.
769,585.474,tt0583539,582.978,"['Rachel points at Ross, who looks at her.', 'Ross listens to Rachel, gazing at her.', 'Rachel gestures at Ross, sitting nearby.', 'Ross faces Rachel, focused on her words.', 'Rachel talks to Ross, who looks at her calmly.']","Stunned, he sits back, lifting his brows."
770,590.306,tt0583539,586.179,"['Ross looks at Rachel as she walks away from him.', 'Rachel walks away from Ross, who sits at a table.', 'Ross sits at a table, gazing at Rachel as she exits.', 'Rachel leaves Ross, who remains seated at a table.', 'Ross watches Rachel walk away from the table.']","Rachel pats his back, then struts off, swinging a towel over her shoulder."
771,598.34,tt0583539,596.991,"['Rachel hugs Ross, Phoebe joins in.', 'Phoebe enters, hugs Ross and Rachel.', 'Ross hugs Rachel, Phoebe joins the hug.', 'Rachel and Phoebe hug Ross.', 'Phoebe and Rachel hug Ross together.']",Phoebe enters his dressing room.
772,641.397,tt0583539,638.78,"['Duncan hugs Phoebe, holding her close.', 'Phoebe looks at Duncan, her gaze steady.', ""Duncan wraps his arms around Phoebe's waist."", ""Phoebe's red dress is visible as Duncan hugs her."", ""Duncan's red jacket is prominent as he hugs Phoebe.""]",He wraps her in a long hug and she shuts her eyes.
773,645.546,tt0583539,644.479,"['Duncan hugs Phoebe briefly.', 'Phoebe pulls away from Duncan.', ""Duncan looks at Phoebe's dress."", ""Phoebe looks at Duncan's jacket."", 'Duncan gazes at Phoebe.']",Phoebe keeps holding him.
774,652.937,tt0583539,652.373,"['Phoebe hugs Duncan.', 'Phoebe walks away.', 'Duncan hugs Phoebe.', 'Phoebe holds Duncan.', 'Phoebe hugs him.']",She lets go.
775,662.438,tt0583539,660.584,"['Phoebe smiles at Duncan, who walks away.', 'Duncan walks away with a smile.', 'Phoebe smiles at Duncan, who reciprocates.', 'Phoebe smiles, and Duncan walks away.', 'Duncan walks away with a smile from Phoebe.']",He nods and steps into another room.
776,679.077,tt0583539,674.102,"['Julie and Chandler share a romantic kiss at the dining table with plates and a tray nearby.', ""Chandler and Julie's lips lock in a tender kiss as they sit at the dinner table."", ""Julie and Chandler's lips touch as they sit together at the dining table with a tray and plates."", ""The couple's kiss is interrupted by the presence of plates and a tray on the dining table."", 'Julie and Chandler share a romantic moment as they kiss at the dining table, surrounded by plates and a tray.']","He smoothly pulls her in for a kiss as Chandler, Monica, Rachel, and Joey enter with food."
777,708.165,tt0583539,704.42,"['Rachel stands in front of Ross as he talks to her.', 'Ross talks to Rachel as she stands in front of him.', 'Ross and Rachel converse in a stationary position.', 'Ross speaks to Rachel, who remains still.', 'Rachel and Ross stand together, engaged in a conversation.']","Rachel stiffens, then glances to Joey, who avoids her gaze."
778,744.404,tt0583539,741.428,"['Joey holds a remote control while looking at Monica in the kitchen.', 'Monica stands in the kitchen holding a glass of wine, looking at Joey.', 'Joey sits on the couch, holding a remote control, with Monica in the kitchen.', 'Monica holds a glass of wine, while Joey looks at her from the couch.', 'Joey and Monica interact, with Joey holding a remote control and Monica holding a glass of wine.']",Chandler puts the tape in the VCR as Rachel drinks wine.
779,777.435,tt0583539,774.257,"['Monica holds a glass of wine, talking to Ross and Joey on the couch.', 'Joey sits on the couch, chatting with Monica and Ross, with Julie behind them.', 'Monica and Ross sit on the couch, engaging in conversation with Joey and Julie nearby.', 'Monica sips her wine, joined by Ross and Joey on the couch, with Julie standing behind.', 'Monica, Ross, Joey, and Julie gather around the couch, chatting and laughing together.']",Monica grooves on the couch and all but Rachel follows suit.
780,799.395,tt0583539,798.108,"['Julie sits at the table.', 'Joey speaks animatedly on the couch.', 'Ross stands behind Julie at the table.', 'Joey speaks to the others on the couch.', 'Ross appears to speak to Julie.']",Julie playfully hits him.
781,808.989,tt0583539,807.943,"['Joey talks with gestures.', 'Joey looks at someone.', 'Joey talks animatedly.', 'Joey gesticulates wildly.', 'Joey talks enthusiastically.']",He cracks a smile.
782,815.222,tt0583539,812.588,"['Ross holds a cup and glass while talking to Julie and Rachel.', 'Julie holds a cup as Ross and Rachel stand nearby.', 'Rachel holds a glass as Ross and Julie converse.', 'Ross and the girls stand together, each holding a cup or glass.', 'Ross, Julie, and Rachel gather, each with a cup or glass in hand.']","From across the room, Rachel watches Ross intently."
783,835.439,tt0583539,834.272,"['Joey and Chandler sit together.', 'Julie looks at Joey and Chandler.', 'Phoebe admires herself in the mirror.', 'Monica and Ross observe the scene.', 'The group gathers around the couch.']",Rachel slumps away.
784,838.273,tt0583539,836.021,"['Monica admires herself in the mirror with friends nearby.', ""Chandler smiles at Monica's reflection in the mirror."", ""Ross and Phoebe observe Monica's self-reflection in the mirror."", ""Monica's friends gather around her as she admires her hair."", ""The friends smile and gaze at Monica's reflection together.""]","In Duncan's dressing room, Phoebe checks her hair."
785,839.842,tt0583539,838.576,"['Phoebe walks towards Duncan.', 'Phoebe turns around to Duncan.', 'Duncan smiles at Phoebe.', 'Phoebe adjusts her hair.', 'Phoebe looks at Duncan.']",He enters in straight clothes.
786,907.058,tt0583539,903.882,"['Duncan looks at Phoebe in front of a mirror.', 'Phoebe admires herself in the mirror as Duncan stands nearby.', 'Duncan stands in front of a closet, eyeing Phoebe.', 'Phoebe checks her reflection in the mirror as Duncan observes her.', 'Duncan and Phoebe face each other, one in front of a closet and the other in front of a mirror.']","He puts his hands on his hips, distraught."
787,915.644,tt0583539,913.875,"['Phoebe walks towards the mirror.', 'Phoebe turns to face the mirror.', 'Phoebe approaches the mirror.', 'Phoebe heads towards the mirror.', 'Phoebe moves towards the mirror.']","Phoebe turns away, arms folded."
788,947.35,tt0583539,944.787,"['Phoebe looks at Duncan, engaged in conversation.', ""Duncan listens intently to Phoebe's words."", 'Phoebe gazes at Duncan, who focuses on her.', 'Duncan and Phoebe maintain eye contact.', 'The two friends have a quiet conversation.']","Phoebe shrugs with one arm, searching for words."
789,959.012,tt0583539,957.891,"['Phoebe looks at Duncan.', 'Duncan listens to Phoebe.', 'Phoebe gazes at Duncan.', 'Duncan focuses on Phoebe.', 'They maintain eye contact.']",She throws up her hands.
790,961.412,tt0583539,959.532,"['Phoebe gestures with her hands, looking at Duncan.', 'Duncan listens intently as Phoebe talks.', 'Phoebe and Duncan engage in a conversation.', 'Phoebe speaks and gestures, Duncan responds.', 'Phoebe talks animatedly, Duncan watches.']",Duncan spreads his arms imploringly.
791,977.276,tt0583539,975.315,"['Julie stands near Ross as he lies on the couch.', 'Ross looks up at Julie while Chandler listens.', 'Chandler sits on the couch, observing Ross and Julie.', 'Ross gazes at Julie, with Chandler nearby.', 'Julie stands, with Ross on the couch and Chandler watching.']",Monica points to the bathroom.
792,981.897,tt0583539,980.657,"['Ross holds a cup, sitting with Julie.', 'Chandler leans back on the couch, near Ross.', 'Ross sits with a cup, beside Julie.', 'Chandler relaxes on the couch, near Ross.', 'Ross and Julie sit together, with a cup.']",Julie pats Ross's knee.
793,1028.148,tt0583539,1026.948,"['Rachel looks at someone.', 'Rachel talks to someone.', 'Rachel looks at someone.', 'Rachel talks to someone.', 'Rachel looks at someone.']",She sits in front of Julie.
794,1041.561,tt0583539,1039.459,"['Rachel looks at Joey as he stands up.', 'Joey walks away from Rachel on the couch.', 'Rachel watches as Joey gets up and leaves.', 'Joey stands up and walks away from Rachel.', 'Rachel looks at Joey as he walks away.']",Rachel gives her a sullen look and she sits.
795,1085.356,tt0583539,1084.556,"['Phoebe hands Duncan paper.', 'Duncan reads the paper.', 'Phoebe hugs Duncan.', 'They share a kiss.', 'Phoebe and Duncan hug.']",She hands them over.
796,1092.274,tt0583539,1089.513,"['Phoebe hugs Duncan tightly around the waist.', 'Duncan receives a warm hug from Phoebe.', 'Phoebe wraps her arms around Duncan in a hug.', 'Duncan is hugged by Phoebe with affection.', 'Phoebe holds Duncan in a close embrace.']","Duncan takes her hand, then pulls her into a hug."
797,1094.996,tt0583539,1093.095,"['Phoebe hugs and kisses Duncan.', 'Duncan and Phoebe share a romantic kiss.', 'Phoebe and Duncan embrace and smooch.', 'Duncan and Phoebe hold each other tight.', 'Phoebe and Duncan lock lips in affection.']",They pull back and share a tender kiss.
798,1101.719,tt0583539,1099.478,"['Duncan and Phoebe share a romantic kiss.', 'Phoebe and Duncan lock lips in a tender moment.', 'The couple gazes at each other while kissing.', 'Duncan and Phoebe engage in a passionate kiss.', 'Phoebe and Duncan passionately kiss, eyes locked.']","Separating, Phoebe gives Duncan a smile."
799,1110.044,tt0583539,1107.943,"['Phoebe and Duncan look at each other.', 'Duncan and Phoebe stand, gazing at each other.', 'Phoebe and Duncan face each other, silent.', 'They stand, Phoebe and Duncan, eye to eye.', ""Duncan and Phoebe stare at each other's faces.""]","At Ross's, Chandler dozes."
800,1131.412,tt0583539,1130.092,"['Monica and Rachel look at Chandler walking towards them.', 'Chandler walks towards Monica and Rachel on the couch.', 'Joey sits on the floor as Chandler approaches.', 'Monica and Rachel gaze at Chandler as he walks.', 'Chandler walks over to Monica and Rachel on the couch.']",He stumbles up from the couch.
801,1134.233,tt0583539,1131.612,"['Chandler enters the room, talking to Monica.', 'Joey and Chandler enter the room, with Chandler speaking to Monica.', 'Monica looks at Chandler as he talks to her.', 'Chandler and Joey enter, with Chandler engaging Monica in conversation.', 'Chandler talks to Monica, with Joey entering the room behind him.']","Later, he and Monica lean on each other as they leave."
802,1138.434,tt0583539,1136.994,"['Chandler walks with Joey, waving to someone.', 'Monica chats with Chandler, while Rachel talks to Ross.', 'Joey waves, and the friends continue walking.', 'Chandler and Monica stroll down the hallway.', 'Joey waves goodbye, and the group moves on.']",Ross follows them into the hall.
803,1142.075,tt0583539,1140.795,"['Ross enters the room to Rachel.', 'Rachel stands in the doorway as Ross approaches.', 'Ross talks to Rachel in the room.', 'Rachel is in the doorway as Ross enters.', 'Ross walks into the room to speak with Rachel.']",Rachel steps out behind him.
804,1192.366,tt0583539,1190.624,"['Rachel holds a white towel, looking at Ross.', 'Ross looks at Rachel, holding a white towel.', 'Ross gazes at Rachel, towel in hand.', 'Rachel and Ross share a look, towel present.', 'Ross and Rachel focus on each other, towel nearby.']","She fidgets, avoiding his gaze."
805,1196.892,tt0583539,1194.869,"['Ross gestures with his hands at Rachel.', 'Rachel holds a white cloth as Ross talks to her.', 'Ross looks at Rachel, who looks back at him.', ""Ross's hands move as he converses with Rachel."", 'Rachel holds a cloth as Ross speaks to her.']",He gives her a sick look and she shrugs.
806,1204.124,tt0583539,1202.203,"['Ross opens and closes a door.', 'Rachel stands with arms crossed, Ross nearby.', 'Ross opens a door, then closes it.', 'Ross stands near Rachel, door nearby.', 'Ross opens and closes a door, near Rachel.']",He spots the door ajar and latches it.
807,1223.959,tt0583539,1221.997,"['Ross points at the wall as Rachel looks down.', 'Ross gestures at the wall as Rachel stands nearby.', 'Rachel stands against the wall as Ross points.', 'Ross points at the wall, gazing at Rachel.', ""Ross gestures at the wall, Rachel's eyes downcast.""]","Rachel leans against the wall, eyes down."
808,1290.195,tt0583539,1286.393,"['Ross stands next to Rachel, who holds a towel.', 'Rachel holds a towel as Ross speaks to her.', 'Ross stands beside Rachel, who holds a towel.', 'Rachel holds a towel as Ross is nearby.', 'Ross and Rachel interact, with Rachel holding a towel.']","Her eyes distant and soft, she touches her face as Ross stares."
809,198.302,tt0583519,196.561,"['Ross looks at Chandler standing before him.', 'Chandler stands in front of Ross, facing him.', 'Ross and Chandler face each other, looking.', 'Ross gazes at Chandler, who stands still.', 'Chandler stands in front of Ross, being looked at.']",He waves the horny and alone hand.
810,201.604,tt0583519,199.002,"['Chandler and Ross stand in a room with a couch and table.', 'Ross and Chandler look out at a busy street with cars and buildings.', 'Ross and Chandler enter a room with a window and sit down.', 'Chandler and Ross walk out of a room and onto a bridge with cars passing by.', 'Ross and Chandler sit down at a table in a room with a window.']","At Monica and Rachel's place, Ross talks on the phone."
811,212.395,tt0583519,211.255,"['Rachel looks at Chandler.', 'Joey holds a mustard bottle.', 'Chandler talks to Joey.', 'Ross sits on the couch.', 'Joey looks at Ross.']",Joey elbows Ratol.
812,257.85,tt0583519,256.67,"['Chandler speaks to Ross, then leaves.', 'Ross listens to Chandler, then exits.', 'Chandler talks to Ross, who departs.', 'Ross exits after talking to Chandler.', 'Chandler and Ross converse, then part.']",Ross follows Chandler out.
813,339.843,tt0583519,336.702,"['Phoebe sits on the floor, looking at Joey on the couch.', 'Joey sits on the couch, looking at Phoebe on the floor.', 'Phoebe and Joey sit together, both gazing at each other.', 'Joey and Phoebe sit in conversation, with a bottle on the table nearby.', 'Phoebe and Joey sit together, with a bottle on the table in view.']",Monica skips off to her room while the others force smiles.
814,351.068,tt0583519,346.965,"['Phoebe sits on a couch, holding a conversation with Joey.', 'Joey holds a cup while sitting across from Phoebe on a couch.', 'Phoebe and Joey engage in a conversation on a couch.', 'Phoebe looks at Joey, who is sitting across from her on a couch.', 'Phoebe and Joey sit on a couch, facing each other in conversation.']","At Central Perk, Ross and Chandler watch a blonde woman sitting alone at a table."
815,381.816,tt0583519,381.076,"['Ross walks away.', 'Chandler looks at Ross.', 'Ross leaves the table.', 'Chandler watches Ross go.', 'Ross gets up slowly.']",He turns back.
816,389.002,tt0583519,386.36,"['Chandler walks into the coffee shop and approaches a woman.', 'Chandler looks at the woman sitting at a table.', 'Chandler walks into the coffee shop and talks to a woman.', 'Chandler enters the coffee shop and approaches a seated woman.', 'Chandler walks up to a woman at a coffee shop table.']",Chandler slowly makes his way toward the woman's table.
817,429.123,tt0583519,428.143,"['Jade wipes her mouth.', 'Chandler looks at Jade.', 'Jade looks at Chandler.', 'Chandler glances at her.', 'Jade wipes mouth, looks at him.']",She smiles at him.
818,432.084,tt0583519,429.664,"['Chandler holds a paper, looking at Ross.', 'Ross reads a book, while Monica sips wine.', 'Chandler looks at Ross, who looks back.', 'Monica watches Chandler, who holds a paper.', 'Chandler holds a paper, gazing at Ross.']",Chandler glances over to see Ross glaring at him.
819,436.429,tt0583519,433.866,"['Chandler looks at Jade across the table.', 'Jade holds a glass of drink, sitting across from Chandler.', 'Chandler sits with a drink, looking at Jade.', 'Chandler and Jade sit together, each with a drink.', 'Jade and Chandler sit across from each other, sipping drinks.']","At a nice restaurant, Ross taps his wine glass."
820,474.444,tt0583519,472.943,"['Ross and Monica toast with wine glasses.', 'Monica and Ross gaze at each other.', 'Ross and Monica sit with wine glasses.', 'They raise wine glasses together.', 'Monica and Ross hold wine glasses.']",The others lift water glasses.
821,786.244,tt0583519,783.834,"['Monica sits with her hands on her lap, looking down.', 'Joey sits next to Monica, both looking down.', 'Phoebe looks up at Joey from across the table.', 'Phoebe gazes at Joey, while Monica and Joey look down.', 'Phoebe looks up at Joey, as Monica and Joey remain focused downward.']",Everyone stares uncomfortably down at the table.
822,831.542,tt0583519,829.736,"['Ross and Chandler stand, while Monica and Phoebe sit.', 'Ross and Chandler converse, Monica and Phoebe nearby.', 'Ross and Chandler interact, Monica and Phoebe on the couch.', 'Ross and Chandler stand, Monica and Phoebe sit and watch.', 'Ross and Chandler move, Monica and Phoebe stay seated.']",Joey and Phoebe stare blankly.
823,907.22,tt0583519,906.116,"['Phoebe speaks directly.', 'Phoebe shares her thoughts.', 'Phoebe talks to herself.', 'Phoebe expresses her thoughts.', 'Phoebe shares her mind.']",Phoebe rolls her eyes.
824,908.906,tt0583519,907.621,"['Rachel stands beside Phoebe, watching Joey and Chandler.', 'Phoebe talks to Joey, Rachel, Chandler, and Ross nearby.', 'Joey and Chandler stand together, near Ross and Phoebe.', 'Rachel and Phoebe stand together, near Joey, Chandler, and Ross.', 'Ross, Joey, Chandler, Phoebe, and Rachel stand together in a group.']",Monica throws her hands up.
825,930.451,tt0583519,928.705,"['Monica opens the door and enters the room.', 'Phoebe follows Monica into the room.', 'Rachel looks at Monica and Phoebe.', 'Joey looks at Monica and Phoebe.', 'Monica and Phoebe enter the room together.']","Ross, Chandler, and Monica leave."
826,932.7,tt0583519,931.315,"['Phoebe enters, Joey looks at her.', 'Joey stares at Phoebe walking to table.', 'Phoebe walks, Joey looks at her again.', 'Joey looks at Phoebe approaching table.', 'Phoebe and Joey exchange glances.']",Monica steps back inside.
827,943.702,tt0583519,941.614,"['He stands on the bridge, city lights below.', 'She gazes out at the city lights.', 'The camera pans to a night view of a bridge.', 'City lights illuminate the dark background.', 'The bridge stretches out, city lights shining.']",Chandler stands at the fridge behind the door.
828,1011.365,tt0583519,1009.584,"['Ross looks at Chandler while on phone.', 'Chandler stands next to Ross on phone.', 'Ross glances at Chandler during call.', 'Chandler stands beside Ross on phone.', ""Ross's eyes meet Chandler's gaze.""]",Chandler and Ross jump excitedly.
829,1022.359,tt0583519,1018.157,"['Chandler dances while on the phone, eyeing Ross as he looks around.', 'Ross glances around while on the phone, as Chandler dances nearby.', ""Chandler looks at Ross while he's on the phone, as Ross surveys his surroundings."", 'Ross searches his surroundings while on the phone, with Chandler watching him dance.', ""Chandler dances and looks at Ross, who's preoccupied with his phone call.""]","About to jump up and down, Chandler's smile fades as Ross gives him a look."
830,1029.643,tt0583519,1028.763,"['Chandler holds phone.', 'Chandler gestures on phone.', 'Chandler looks around phone.', 'Chandler talks on phone.', 'Chandler chats on phone.']",Ross cringes.
831,1059.05,tt0583519,1057.009,"['Ross looks at Chandler standing next to him.', 'Chandler stands beside Ross on the phone.', 'Ross talks on the phone with Chandler nearby.', 'Ross gazes at Chandler as he stands.', 'Chandler stands next to Ross on the call.']",Chandler silently punches his counter.
832,1064.514,tt0583519,1059.911,"['Ross talks on the phone while Chandler stands next to him, his presence evident.', 'Chandler stands nearby as Ross converses on the phone, his posture relaxed.', 'Ross holds a phone conversation as Chandler stands beside him, an observer.', 'Chandler stands nearby as Ross talks on the phone, his attention focused.', 'Ross chats on the phone with Chandler standing close by, a steady presence.']","At the concert, Chandler, Ross, and Monica gaze at the three empty seats beside them."
833,1078.921,tt0583519,1075.418,"['Ross walks away as Chandler looks at him.', 'Chandler watches as Ross walks away.', 'Ross stands up and walks away from Chandler.', 'Chandler looks at Ross as he walks away.', 'Ross walks away from Chandler, who looks at him.']","As they start down the aisle, the lights dim and the crowd jumps to their feet."
834,1093.132,tt0583519,1090.65,"['Ross stands tall, gazing at Joey.', 'Joey engages Ross in a lively conversation.', ""Ross focuses on Joey's words."", 'Joey shares something with Ross.', 'Ross and Joey stand together, facing each other.']","At Rachel's, Joey hides his hand behind his back."
835,1102.049,tt0583519,1100.588,"['Joey dances, looks at Rachel and Phoebe.', 'Joey makes a peace sign, gazes at friends.', 'Rachel lies on the couch, Joey watches.', 'Phoebe sleeps, Joey looks at her.', 'Joey dances, gazes at Rachel and Phoebe.']",He holds up two fingers.
836,1104.371,tt0583519,1102.469,"['Phoebe looks at Rachel on the couch.', 'Rachel and Phoebe gaze at each other.', 'Phoebe and Rachel sit together on the couch.', 'Rachel and Phoebe sit on the couch.', 'Phoebe and Rachel sit together on the couch.']",The girls slump in their seats on the couch.
837,1105.872,tt0583519,1105.151,"['Phoebe looks at Rachel.', 'Rachel looks at Phoebe.', 'Phoebe gazes at Rachel.', 'Rachel stares at Phoebe.', 'They gaze at each other.']",At the concert.
838,1116.499,tt0583519,1115.559,"['Monica looks at Chandler.', 'Chandler and Monica gaze at each other.', 'Ross and Steven converse.', 'Monica and Chandler exchange glances.', 'Monica and Chandler share a look.']",A man steps over.
839,1151.181,tt0583519,1149.32,"['Monica walks down the street.', 'Monica walks down the street alone.', 'Monica walks past the Village Cigars store.', 'Monica walks down the street, near Village Cigars.', 'Monica walks by the Village Cigars store.']",Monica grimaces as they follow him.
840,1237.767,tt0583519,1235.247,"['Joey and Ross sit together, served coffee by Monica.', 'Monica serves coffee as Joey and Ross chat.', 'Rachel sits, sipping coffee, as Joey and Ross converse.', 'Joey and Ross chat, with Monica nearby, serving coffee.', 'Monica pours coffee as Joey and Ross talk.']",Phoebe gets up in shock.
841,1304.509,tt0583519,1303.149,"['Chandler looks at Joey.', 'Joey watches Chandler.', 'Chandler talks on the phone.', 'Joey looks at the phone.', 'Chandler and Joey stare at each other.']","The others listen, worried."
842,103.407,tt0583574,101.493,"['Monica stands with arms crossed, gazing at Chandler.', 'Chandler gestures, speaking to Monica, who listens intently.', 'Monica and Chandler face each other, engaged in conversation.', 'Monica crosses her arms, while Chandler uses his hands to emphasize his point.', 'The two friends converse, their eyes locked on each other.']",She crosses her arms and scowls at him.
843,158.805,tt0583574,156.395,"['Monica throws a basketball to Chandler, who catches it.', 'Chandler catches a basketball from Monica, then throws it to Ross.', 'Monica and Chandler engage in a friendly basketball exchange.', 'Monica throws a basketball to Ross, who catches it easily.', 'Chandler and Monica playfully toss a basketball back and forth.']","He holds a basketball up to her, then pulls it away."
844,169.423,tt0583574,166.475,"['Monica throws a ball at Chandler, who catches it.', 'Chandler and Monica exchange a series of catches.', 'Monica and Chandler engage in a playful ball toss.', 'Chandler and Monica laugh while throwing a ball back and forth.', 'Monica and Chandler playfully exchange throws of a ball.']",It's like... Monica throws the basketball out the window.
845,171.854,tt0583574,169.941,"['Joey throws a ball to Chandler, who catches it.', 'Chandler catches a ball tossed by Joey.', 'Joey tosses a ball, Chandler catches it, then looks at Ross.', 'Joey throws a ball, Chandler catches it, and looks at Ross.', 'Chandler catches a ball thrown by Joey, then glances at Ross.']",Ross eats pie and his eyes widen.
846,279.732,tt0583574,278.935,"['Chandler looks at Joey.', 'Joey listens to Chandler.', 'Chandler talks to Joey.', 'They face each other.', 'Chandler addresses Joey.']",Joey nods.
847,284.434,tt0583574,280.628,"['Joey and Chandler run out of the room together, pointing at the table with a lamp.', 'Chandler and Joey exit the room, with Joey gesturing at something behind them.', 'The two friends, Joey and Chandler, rush out of the room, leaving a table with a lamp behind.', 'Joey and Chandler quickly leave the room, with Joey pointing at something as they exit.', 'Chandler and Joey hastily depart the room, with Joey briefly glancing back at the table with a lamp.']","At Central Perk, Phoebe sits on the couch with her guitar as Rachel tidies up."
848,292.93,tt0583574,291.87,"['Rachel sits down with Phoebe.', 'Phoebe plays guitar nearby Rachel.', 'Terry looks at Rachel seated.', 'Phoebe sings on the couch.', 'Rachel talks to Phoebe on couch.']",Rachel sits beside her.
849,323.955,tt0583574,322.014,"['Rachel walks towards the bar, looking at Phoebe.', 'Phoebe watches as Rachel approaches the bar.', 'Rachel approaches Phoebe, eyeing her guitar.', ""Phoebe gazes at Rachel, who's heading to the bar."", ""Rachel heads to the bar, catching Phoebe's attention.""]",Rachel stands and walks over to Terry.
850,379.671,tt0583574,377.129,"['Phoebe plays guitar for Rachel, who sings along.', 'Rachel sings while Phoebe strums the guitar.', ""Phoebe plays guitar, accompanied by Rachel's singing."", ""Rachel sings, with Phoebe's guitar providing harmony."", ""Phoebe's guitar riffs complement Rachel's melodious singing.""]",Terry shakes his head.
851,384.616,tt0583574,380.412,"['Rachel, Terry, and Chandler walk down the street with a stroller and a teddy bear.', 'Chandler holds a teddy bear and pushes a stroller with Rachel and Terry walking beside him.', 'Rachel, Terry, and Chandler stroll down the street, with Chandler carrying a baby and a teddy bear.', 'Chandler, Rachel, and Terry walk together, pushing a stroller and holding a teddy bear.', 'Rachel, Terry, and Chandler take a leisurely stroll, with Chandler carrying a baby and a teddy bear.']","Joey pushes a full stroller, and Chandler carries Ben and a large diaper bag."
852,403.783,tt0583574,402.783,"['Joey holds teddy bear, Chandler carries baby.', 'Chandler walks with baby, Joey beside.', 'Joey looks at Chandler with baby.', 'Chandler carries baby, Joey by his side.', 'Joey and Chandler stroll with baby.']",Chandler turns Ben.
853,453.065,tt0583574,450.903,"['Chandler holds a teddy bear, looking at the baby.', 'Joey watches as Chandler holds the teddy bear for the baby.', 'Chandler cradles a teddy bear, speaking to the baby.', ""Joey stands beside Chandler, who's holding a teddy bear."", 'Chandler holds a teddy bear, speaking to the baby, with Joey nearby.']",Joey smiles as Chandler flares it in.
854,454.846,tt0583574,453.285,"['Chandler holds a teddy bear to the baby.', 'Joey looks on as Chandler cradles the baby.', 'Chandler and Joey stand outside a store with a baby.', 'Chandler speaks to the baby, while Joey watches.', 'Joey observes Chandler holding a teddy bear and baby.']",Realization dawns on Joey.
855,465.72,tt0583574,464.939,"['Phoebe gestures to Rachel.', 'Rachel listens to Phoebe.', 'Phoebe talks to Rachel.', 'Phoebe looks at Rachel.', 'Phoebe and Rachel converse.']",Phoebe slumps.
856,832.664,tt0583574,829.782,"['Phoebe plays guitar, Stephanie stands beside her, and a person walks by.', 'Phoebe strums guitar, Stephanie watches, and a person walks by.', 'Stephanie stands beside Phoebe as she plays guitar, a passerby walks by.', 'Phoebe plays guitar, Stephanie looks on, as a person walks by.', 'Phoebe plays guitar, Stephanie observes, as a person walks by.']",Phoebe turns away as Stephanie heads inside with her guitar.
857,838.379,tt0583574,835.097,"['Phoebe plays the guitar while Stephanie walks towards her with a guitar case.', 'Stephanie walks towards Phoebe, carrying a guitar case, as Phoebe strums the guitar.', 'Phoebe plays her guitar as Stephanie approaches with a guitar case in hand.', ""Stephanie walks towards Phoebe, guitar case in tow, as Phoebe's fingers dance on the guitar."", ""Phoebe's fingers move deftly on the guitar as Stephanie walks towards her with a guitar case.""]",Stephanie turns and stares at a payphone.
858,863.472,tt0583574,862.812,"['Joey looks at Chandler.', 'Chandler stands beside Joey.', 'Joey glances at him.', 'Joey talks on phone.', 'Joey looks at him.']",Joey nods.
859,866.876,tt0583574,866.135,"['Joey talks on phone.', 'Chandler watches Joey.', 'Joey holds phone.', 'Chandler looks at Joey.', 'Joey talks to phone.']",At Central Perk.
860,879.498,tt0583574,876.477,"['Phoebe plays the guitar, looking at Rachel beside her.', 'Rachel stands next to Phoebe, who strums the guitar.', 'Phoebe plays the guitar, with Rachel and Stephanie observing.', 'Phoebe performs on her guitar, Rachel and Stephanie nearby.', 'The scene shows Phoebe playing guitar, Rachel and Stephanie watching.']","The cafe door opens, and people inside hear Phoebe playing."
861,886.6,tt0583574,883.679,"['Rachel Green stands outside a coffee shop with Stephanie nearby.', 'Stephanie stands beside Rachel Green outside a coffee shop with a sign.', 'Rachel Green and Stephanie stand outside a coffee shop with a microphone.', 'Rachel Green talks to someone outside a coffee shop with Stephanie nearby.', 'Rachel Green and Stephanie stand outside a coffee shop with a sign and microphone.']",Rachel moves off as Stephanie sits in front of a microphone.
862,908.969,tt0583574,907.948,"['Joey carries laundry basket.', 'Joey talks to a man.', 'Joey holds a teddy bear.', 'Joey walks with laundry.', 'Joey talks with a man.']",A worker jumps back.
863,918.151,tt0583574,917.631,"['Joey hugs Chandler.', 'Chandler is hugged.', 'Joey and Chandler hug.', 'They hug each other.', 'Joey holds Chandler.']",They hug.
864,924.052,tt0583574,921.731,"['Chandler holds a teddy bear, Joey a banana.', 'Chandler speaks, Joey looks at him, holding a banana.', 'Chandler holds a teddy bear, Joey beside him with a banana.', 'Chandler speaks, holding a teddy bear, Joey looks on.', 'Joey holds a banana, Chandler beside him with a teddy bear.']","They glance at each other, and the worker gives them a look."
865,933.171,tt0583574,929.107,"[""Chandler puts his arm around Joey's shoulder as they hold a teddy bear and yellow object."", 'Joey and Chandler smile at each other while holding a teddy bear and yellow object.', 'Chandler and Joey hold a teddy bear and yellow object, then run out of the office.', 'Chandler and Joey, holding a teddy bear and yellow object, exit the office together.', 'Joey and Chandler, holding a teddy bear and yellow object, share a smile and a shoulder pat.']","He puts his arm around Joey, and Joey puts his hand on Chandler's with a snile."
866,935.093,tt0583574,933.612,"['Chandler holds a teddy bear and baby carrier.', 'Joey and Chandler look at something together.', 'Chandler holds a teddy bear and baby carrier.', 'Chandler and Joey examine something.', 'They gaze at something in front of them.']",He rubs his head against Chandler's.
867,937.176,tt0583574,935.774,"['Chandler holds a teddy bear.', 'Joey gazes at the teddy bear.', 'Chandler speaks, holding the teddy bear.', 'Joey looks at the teddy bear nearby.', 'Chandler holds a cuddly teddy bear.']",Now they run into a nursery.
868,942.181,tt0583574,939.518,"['Chandler and Joey look at a baby in a crib.', 'Joey and Chandler gaze at the baby in the crib.', 'Chandler and Joey stare at the baby in the crib.', 'The two friends look at each other, then at the baby.', 'Chandler and Joey glance at each other, then at the baby.']","They each go to a different crib, then look at each other."
869,944.182,tt0583574,942.56,"['Chandler holds a baby in his arms.', 'Joey bends over the crib to look at the baby.', 'Chandler and Joey gaze at the baby together.', 'Chandler holds a baby on a colorful blanket.', 'Joey peers into the crib beside Chandler.']",The babies wear similar outfits.
870,640.287,tt0583481,637.28,"['Rachel reaches for a glass of water at the table.', 'Rachel walks towards the man on the phone at the table.', 'Rachel gets up from the table and approaches the man on the phone.', 'Rachel stands up and moves towards the man talking on the phone.', 'Rachel walks over to the man talking on the phone at the table.']",Rachel tries to draw the attention of a man on his cell phone.
871,674.477,tt0583481,672.162,"['Rachel looks at her phone, then at Joey.', ""Joey looks at Rachel's phone, then back at her."", 'Rachel picks up her phone, then puts it down.', 'Rachel looks at her phone, then Joey looks at it.', ""Joey looks at Rachel's phone, then looks back at her.""]",He hangs up and hands the phone over to Rachel.
872,676.469,tt0583481,675.006,"['Rachel takes her phone to her ear.', 'Rachel holds the phone to her ear.', 'Rachel puts her phone to her ear.', 'Rachel answers the phone call.', 'Rachel talks on her phone.']",She raises her brows at Michael.
873,682.463,tt0583481,680.268,"['Rachel holds phone to her ear, talking to him.', 'Rachel talks on phone while gazing at him.', 'Rachel looks at him while speaking on phone.', 'Rachel talks to him on her phone.', 'Rachel has a phone conversation with the man.']",Rachel dials the number and waits for an answer.
874,728.063,tt0583481,725.868,"['Rachel puts down the phone and talks to him.', 'Rachel talks to the man at the table, hands raised.', 'Rachel hangs up and converses with the table man.', 'Rachel talks to him, his hands in the air.', 'Rachel ends the call and chats with the table occupant.']",She dumps the cell phone into the ice bucket.
875,730.501,tt0583481,728.57,"['Rachel laughs and waves her hands.', 'Rachel and the man laugh and gesture.', 'Rachel and the man wave their hands in laughter.', 'Rachel and the man laugh and wave.', 'Rachel and the man laugh, waving hands.']",Michael flags down the waiter for the check.
876,736.016,tt0583481,734.37,"['Chandler sits with wine and food.', 'Chandler holds a glass of wine.', 'Chandler looks at his plate.', 'Chandler sits with a full plate.', 'Chandler sips his wine slowly.']",Monica knocks on Chandler's door.
877,740.001,tt0583481,738.984,"['Chandler walks into room.', 'Chandler looks at Monica.', 'Monica and Chandler stand together.', 'Chandler enters the room.', 'Chandler faces Monica.']",He's in his bathrobe.
878,778.638,tt0583481,777.947,"['Monica dances, eyes on Rachel.', 'Rachel sips water, watching Monica.', 'Monica twirls, apron on.', 'Rachel sits, holding water bottle.', 'Monica glances at Rachel.']",Ross arrives.
879,816.643,tt0583481,814.901,"['Ross walks towards Rachel, holding a cup.', 'Rachel stands up, looking at Ross, holding water.', 'Ross approaches Rachel, cup in hand, as she rises.', ""Rachel looks up at Ross, who's holding a cup."", 'Ross and Rachel interact, he with a cup, she with water.']",Ross crosses the room to the toys.
880,832.739,tt0583481,829.095,"['Rachel walks into the room, turns around, and exits, while Ross talks on the phone.', 'Ross talks on the phone as Rachel enters, glances at him, and leaves the room.', 'Rachel walks into the room, turns around, and exits, while Ross is on the phone.', 'Ross talks on the phone as Rachel enters, looks at him, and exits the room.', 'Rachel enters, looks at Ross, and exits the room as he talks on the phone.']","She heads into her bedroom, drinking water while Ross calls his machine."
881,838.185,tt0583481,835.862,"['Rachel walks into the room, looking at Ross.', 'Rachel enters, her gaze fixed on Ross on the phone.', 'Ross talks on the phone as Rachel enters the room.', 'Rachel walks in, spotting Ross on the phone.', 'Rachel enters, looking surprised at Ross on the phone.']","Rachel bolts back into the room, terrified."
882,851.056,tt0583481,847.832,"['Ross carries Rachel on his back, phone in hand, in the kitchen.', 'Rachel looks at Ross as he talks on the phone, carrying her on his back.', 'Ross holds Rachel on his back, phone in hand, in the kitchen.', 'Ross talks on the phone while carrying Rachel on his back in the kitchen.', 'Ross carries Rachel on his back, phone in hand, as they stand near the kitchen counter.']",Rachel jumps on Ross's back and wrestles the phone away from him.
883,853.959,tt0583481,851.596,"['Ross carries Rachel on his back to the counter.', 'Ross puts Rachel on the counter, where she stands.', 'Rachel stands on the counter, talking to Ross.', 'Ross carries Rachel to the counter, then talks to someone.', 'Ross puts Rachel on the counter, then talks to another person.']","She throws it into the sink, clinging on to him."
884,866.834,tt0583481,864.331,"['Ross looks around the kitchen setting.', 'Ross stands in the kitchen, surveying the space.', 'Ross is seen standing in the kitchen, taking it in.', 'Ross looks around the kitchen, taking note of the appliances.', 'Ross examines the kitchen, cabinets and all.']",Ross watches Rachel lie face down on the couch.
885,877.169,tt0583481,874.186,"['Ross sits on the couch and talks to a woman.', 'Ross lies on the couch, discussing something with a woman.', 'Ross is on the couch, conversing with a woman, with a lamp nearby.', 'Ross talks to a woman while lying on the couch.', 'Ross has a conversation with a woman, reclining on the couch.']","Rachel writhes in anguish on the couch, hiding her face."
886,958.366,tt0583481,955.542,"['Ross points at something with his right hand, as Rachel looks at him.', 'Rachel looks at Ross, who is pointing at something with his right hand.', ""Ross gestures with his right hand, while Rachel's face is turned towards him."", ""Rachel's face is focused on Ross, who is pointing at something with his right hand."", ""Ross points at something with his right hand, as Rachel's eyes are on him.""]","Together, they blink in disbelief at the intercom."
887,999.223,tt0583481,997.219,"['Rachel looks at the television screen.', ""Rachel's eyes are fixed on the TV."", 'Rachel watches the TV with attention.', 'Rachel is absorbed in the TV show.', 'Rachel focuses on the TV program.']",Rachel despondently closes the door.
888,1004.372,tt0583481,1000.245,"['Rachel walks into an apartment, entering through a door.', 'Rachel enters an apartment, stepping through a doorway.', 'Rachel approaches an apartment door and opens it to enter.', 'Rachel walks up to a door and enters an apartment.', 'Rachel walks into an apartment, opening a door and entering.']","Across the hall, Joey watches a Hasidic band playing rock music on TV."
889,1005.374,tt0583481,1004.673,"['Ross looks at Rachel.', 'Rachel watches TV.', 'Ross talks to Rachel.', 'Rachel looks at Ross.', 'TV shows a band.']",Phoebe arrives.
890,602.662,tt0583625,600.505,"['Rachel eats a cookie, while Phoebe talks to her.', 'Phoebe takes a cookie, then chats with Rachel.', 'Phoebe shares a cookie with Rachel, chatting.', 'Rachel and Phoebe munch on cookies together.', 'Phoebe talks and eats a cookie with Rachel.']",Phoebe and Rachel both try one of the cookies.
891,610.336,tt0583625,609.209,"['Monica eats cake, Phoebe wipes mouth.', 'Phoebe eats cake, Monica glances.', 'Monica and Phoebe eat cake.', 'Phoebe wipes her mouth with a napkin.', 'Monica and Phoebe share a snack.']",They spit out the cookies.
892,616.073,tt0583625,614.965,"['Monica walks to the fridge, then back.', 'Phoebe drinks and walks to the fridge.', 'Monica opens and closes the fridge.', 'Phoebe and Monica walk to the fridge.', 'Monica and Phoebe go back and forth.']",Rachel chugs water.
893,619.555,tt0583625,616.726,"['Monica talks on the phone, while Rachel eats a cookie.', 'Phoebe talks to Monica, as Rachel takes a bite of a cookie.', 'Monica chats on the phone, while Phoebe joins the conversation.', 'Rachel savors a cookie, as Monica and Phoebe engage in a discussion.', 'Monica and Phoebe chat, as Rachel indulges in a tasty cookie.']","Meanwhile, Chandler pounds on his printer while on the phone."
894,681.686,tt0583625,677.649,"['Ross stands and talks to Joey, who sits and listens.', 'Ross talks to Rachel as she stands, both near a poster on the wall.', 'Ross discusses something with Joey, who remains seated, near a poster.', 'Ross engages in conversation with Joey, who listens attentively, near a poster.', 'Ross talks to Joey, who sits, while a poster hangs on the wall behind them.']","Joey can't stop smiling and nodding at Rachel, which confuses her even further."
895,683.229,tt0583625,682.181,"['Ross stands and talks to Joey.', 'Joey sits as Ross talks to him.', 'Rachel stands, speaking off-screen.', 'Ross talks to Joey nearby a poster.', 'Joey listens to Ross near a poster.']",He tries to tone it down.
896,709.897,tt0583625,705.754,"['Rachel kisses Ross on the cheek, and he hugs her back.', 'Ross looks at Rachel after she kisses him on the cheek.', 'Ross hugs Rachel, and then looks at her with affection.', 'Rachel kisses Ross, and he reciprocates with a hug.', 'Ross hugs Rachel, followed by a brief gaze at her.']","Ross and Rachel share a long, affectionate hug as Chandler and Joey watch."
897,728.632,tt0583625,727.191,"['Ross hugs Rachel, then walks away.', 'Joey and Chandler watch Ross hug Rachel.', 'Ross gives Rachel a hug, then exits.', 'Rachel smiles as Ross hugs her.', 'Ross and Rachel share a brief hug.']",He faces Rachel.
898,740.907,tt0583625,739.666,"['Ross looks at Chandler as Rachel enters the room.', 'Rachel walks in and joins Ross and Chandler.', 'Ross and Chandler gaze at each other as Rachel enters.', 'Rachel enters the room where Ross and Chandler are seated.', 'Ross and Chandler turn to look at Rachel as she enters.']",Ross goes across the hall.
899,743.929,tt0583625,741.447,"['Rachel walks out, turns, and re-enters the room.', 'Rachel exits, then re-enters the room, looking around.', 'Rachel leaves, turns, and returns to the room.', 'Rachel walks out, turns, and walks back in.', 'Rachel exits, turns, and re-enters the room, looking around.']",Rachel does a celebratory dance with Chandler and Joey.
900,756.879,tt0583625,755.378,"['Rachel sits down on the couch.', 'Joey stands up to talk to Rachel.', 'Rachel and Joey sit together on the couch.', 'Rachel enters the room to talk to Joey.', 'Joey gets up from the couch to chat with Rachel.']",Chandler slams his laptop shut.
901,766.131,tt0583625,765.111,"['Chandler stands in front of Rachel.', 'Chandler talks to Rachel.', 'Rachel stands before Chandler.', 'Chandler and Rachel converse.', 'Rachel faces Chandler.']",He snatches the paper.
902,797.513,tt0583625,797.013,"['Chandler holds paper.', 'Ross and Joey stare.', 'Chandler shows paper.', 'Rachel watches them.', 'Chandler puts paper away.']",And it was hot.
903,855.168,tt0583625,853.086,"['Ross hands a shirt to Chandler, who hands it to Rachel.', 'Chandler hands a shirt to Rachel, who looks at it.', 'Ross hands a shirt to Chandler, who gives it to Rachel.', 'Rachel looks at a shirt handed to her by Chandler.', 'Chandler gives a shirt to Rachel, who examines it.']","He passes it to Ross, who gives it to Joey."
904,867.575,tt0583625,865.634,"['Rachel reads a piece of paper.', 'Rachel holds a paper in her hand.', 'Rachel reads from a sheet of paper.', 'Rachel examines a written document.', 'Rachel looks at a written message.']",She dodges past a couch and reads it.
905,877.581,tt0583625,875.119,"['Ross points at Rachel while talking to her.', 'Rachel holds a piece of paper as Ross talks to her.', 'Ross gestures to Rachel, who holds a paper.', 'Rachel holds a paper as Ross talks to her.', 'Ross talks to Rachel, pointing at a piece of paper she holds.']",Chandler and Joey pat Ross on the back and hurry out.
906,988.173,tt0583625,985.951,"['Chandler holds a box while talking to Monica and Rachel.', 'Monica holds a box as she talks to Chandler and Rachel.', 'Chandler and Monica discuss something with Rachel nearby.', 'Monica talks to Chandler and Rachel while holding a box.', 'Rachel listens as Chandler and Monica converse with a box present.']","At night, Rachel sits alone on the couch."
907,991.595,tt0583625,988.753,"['Monica holds a yellow box while talking to Chandler and Rachel.', 'Chandler talks to Monica and Rachel as she holds a yellow box.', 'Monica holds a yellow box in conversation with Chandler and Rachel.', 'Chandler and Rachel converse with Monica, who holds a yellow box.', 'Monica holds a yellow box while in a conversation with Chandler and Rachel.']","Listening to the pouring rain, she eats a box of cookies."
908,995.417,tt0583625,992.415,"['Rachel Green sips from a yellow cup and then discards it.', 'Rachel Green holds a yellow cup and then sets it aside.', 'Rachel Green takes a sip from a yellow cup, then throws it away.', 'Rachel Green drinks from a yellow cup and then disposes of it.', 'Rachel Green sips from a yellow cup before leaving it behind.']","She shakes the box for the last one, which falls into her lap."
909,1000.601,tt0583625,996.158,"['Rachel sits on the couch, eating a snack from a bowl on the table.', 'Rachel holds a snack and sits on the couch, with a bowl of snacks nearby.', 'Rachel eats a snack from a bowl on the table while sitting on the couch.', 'Rachel sits on the couch, munching on a snack from a nearby bowl.', 'Rachel eats a snack on the couch, with a bowl of snacks in front of her.']","She bites into it, unaware that Ross is climbing her fire escape holding an umbrella."
910,1033.684,tt0583625,1032.963,"['Monica and Joey enter with bags.', 'Chandler holds a paper.', 'Monica and Joey carry bags.', 'Joey and Monica enter with bags.', 'Chandler examines a paper.']",The others arrive.
911,1044.361,tt0583625,1043.221,"['Ross looks out the window.', 'Ross gazes out the window.', 'Ross stares out the window.', 'Ross examines the window.', 'Ross looks at the window.']",Joey opens the curtain.
912,1062.555,tt0583625,1059.933,"['Monica looks at Ross as he wipes his nose with a tissue.', 'Ross wipes his nose with a tissue while Monica talks to him.', 'Monica talks to Ross while he blows his nose with a tissue.', 'Ross blows his nose with a tissue as Monica converses with him.', 'Monica engages Ross in conversation as he wipes his nose with a tissue.']",Ross runs over to Rachel's closed door and knocks.
913,1107.795,tt0583625,1106.094,"['Monica looks at Ross standing together.', 'Ross listens to Monica speaking.', 'Monica and Ross stand in a doorway.', 'Monica addresses Ross in a doorway.', 'Ross faces Monica in the doorway.']",The other stopped creeping toward the door.
914,1127.037,tt0583625,1125.317,"['Ross looks at Rachel, who looks away.', ""Rachel ignores Ross's gaze."", 'Ross gazes at Rachel, who averts her eyes.', ""Ross's eyes are on Rachel, who looks away."", ""Ross's attention is on Rachel, who looks elsewhere.""]",Rachel closes the door in his face.
915,1132.219,tt0583625,1128.058,"['Ross holds a paper, looking at Rachel, who stands in front of him.', 'Rachel stands before Ross, who holds a paper and looks at her.', 'Ross looks at Rachel, holding a piece of paper in his hand.', 'Rachel stands in front of Ross, who examines a paper.', 'Ross holds a paper, gazing at Rachel, who faces him.']","He trudges over to the coffee table and collapses onto it, still soaking wet."
916,1139.202,tt0583625,1133.06,"[""Ross sits down and reads a piece of paper, catching Phoebe's attention."", 'Phoebe looks at Ross as he reads a piece of paper in the living room.', 'Ross sits down and begins to read a piece of paper, his focus held by the words on the page.', 'Phoebe watches as Ross sits down and starts to read a piece of paper in the living room.', 'Ross sits down and becomes engrossed in a piece of paper, his eyes scanning the words.']","He stares into the distance, despondent, and Chandler, Monica, Joey, and Phoebe wait uncertainly behind him."
917,1146.474,tt0583625,1145.414,"['Chandler looks at Phoebe.', 'Joey gazes at Chandler.', 'Ross and Joey stare at Chandler.', 'Phoebe looks at Chandler.', 'The friends look at Chandler.']",Ross glowers at him.
918,1153.177,tt0583625,1148.915,"['Green holds a paper and looks at blue, while red looks at green.', ""Blue is the focus of pink's and green's attention, as they discuss something."", 'Red talks to green, who holds a paper, while pink observes the conversation.', 'Pink and green examine a paper together, with blue also present.', 'Green and pink discuss something, with blue watching, as they both hold papers.']","The next day at the office, Monica pitches her makhlet recipes to Mr. Rastatter."
919,1246.289,tt0583625,1242.648,"['Monica walks towards Rachel, who looks up from the couch.', 'Monica approaches Rachel, who gazes at her as she walks.', 'Monica walks over to Rachel, who looks up at her.', 'Rachel looks up as Monica approaches her on the couch.', 'Monica gets up and walks over to Rachel, who turns to her.']","Monica crosses to the radio, turns it on, and finds the station."
920,1248.929,tt0583625,1247.169,"['Rachel walks towards Ross, who sits on the couch.', 'Monica looks at something in her hand on the couch.', 'Rachel approaches Ross, who sits on the couch.', 'Monica holds something on the couch.', 'Rachel gets up and walks to Ross on the couch.']",She and Rachel wait for a song to end.
921,1281.351,tt0583625,1278.388,"['Rachel takes the phone to her ear.', 'Rachel picks up the phone and holds it.', 'Rachel lifts the phone to her ear.', 'Rachel grasps the phone and puts it to her ear.', 'Rachel holds the phone up to her ear.']","Ross sags into the couch, feeling the lyrics."
922,1283.773,tt0583625,1281.671,"['Rachel puts down a red box, then looks up at Monica.', 'Monica watches Rachel put down a red box.', 'Rachel sets a red box down, then glances at Monica.', 'Monica observes Rachel placing a red box on the couch.', ""Rachel sets the red box down, then meets Monica's gaze.""]",Rachel sits up and reaches for her phone.
923,1303.661,tt0583625,1302.72,"['Monica looks at Ross.', 'Ross looks back at Monica.', 'Monica and Ross sit together.', 'They gaze at each other.', 'Monica and Ross sit on the couch.']",He slumps over.
924,1307.922,tt0583625,1304.461,"['Monica sits on the couch, looking at Rachel standing in the doorway.', 'Rachel enters the room, with Monica gazing at her from the couch.', 'Monica looks up at Rachel, who is standing in the doorway.', ""Rachel stands in the doorway, with Monica's eyes fixed on her from the couch."", ""Monica's gaze meets Rachel's as she enters the room.""]","Monica retreats to her bedroom, leaving Rachel listening to the radio."
925,73.137,tt0583537,71.828,"['Monica picks something up.', 'Ross approaches Monica.', 'Monica and Ross walk towards each other.', 'Monica and Ross exchange glances.', 'They walk in tandem.']",Their newspaper is crumpled up.
926,137.613,tt0583537,135.056,"['Chandler holds a cup of coffee and talks to Joey.', 'Monica reads a book on the floor, while Joey and Chandler chat.', 'Joey and Chandler sit on the couch, sipping coffee and conversing.', 'Chandler and Joey talk as they sit on the couch with coffee.', 'Joey and Chandler discuss something on the couch, both holding coffee cups.']","At Central Perk, Monica, Chandler, and Joey hang out."
927,147.9,tt0583537,146.75,"['Monica reads a magazine.', 'Chandler puts his feet on the table.', ""Monica looks at Chandler's newspaper."", 'Chandler reads the newspaper.', ""Monica observes Chandler's newspaper reading.""]",Chandler reads a magazine.
928,152.955,tt0583537,152.181,"['Monica reads a book.', 'Ross talks to Monica.', 'Ross reads a newspaper.', 'Monica looks at Ross.', 'Ross holds a newspaper.']",Ross walks in.
929,156.938,tt0583537,155.392,"['Ross takes coffee beans from the counter.', 'Ross walks away with a bag of beans.', 'Rachel hands Ross a bag of coffee.', 'Ross gets a bag of coffee beans.', 'Ross receives a bag of coffee from her.']",He sets Macy's bags on the counter.
930,163.281,tt0583537,161.517,"['Ross looks at Rachel, holding a red bag.', 'Rachel holds a red bag and a cup.', 'Ross looks at Rachel, who holds a red bag.', 'Rachel holds a red bag and cup, gazing at Ross.', 'Ross and Rachel interact, holding a red bag.']",He pulls out a gift bag and she glares.
931,175.755,tt0583537,174.348,"['Ross holds a glass while talking to Rachel.', 'Rachel listens as Ross talks with a glass.', 'Ross looks at Rachel while holding a glass.', 'Rachel looks at Ross as he talks with a glass.', 'Ross talks to Rachel, holding a glass.']",She gives back a blank stare.
932,178.511,tt0583537,177.758,"['Ross looks at Rachel.', 'Rachel listens to Ross.', 'Ross gazes at Rachel.', 'Rachel faces Ross.', 'They stare at each other.']",He sets it down.
933,189.712,tt0583537,187.888,"['Rachel stands before Ross, looking at him.', 'Ross talks to Rachel, who listens intently.', 'Rachel and Ross converse near a counter.', 'Ross stands before Rachel, discussing something.', 'Rachel and Ross interact near a counter.']",She picks up a coffee pot and leaves.
934,238.708,tt0583537,237.558,"['Monica looks at Chandler.', 'Chandler listens to Monica.', 'Monica gazes at Chandler.', 'Chandler focuses on Monica.', 'Monica and Chandler face each other.']",He snatches the shirt away.
935,272.928,tt0583537,271.887,"['Monica hands Rachel a sweater.', 'Monica talks to Rachel, holding a sweater.', 'Chandler looks at a tablet screen.', 'Monica gives Rachel a sweater.', 'Monica hands Rachel a sweater.']",Phoebe takes out her wallet.
936,303.893,tt0583537,302.212,"['Rachel walks towards the camera, joining friends.', 'Monica stands next to Chandler, looking at him.', 'Chandler sits on the couch, surrounded by friends.', 'Rachel and friends gather around the Christmas tree.', 'Friends sit on the couch, surrounded by festive decorations.']",The group watches Phoebe hurry out.
937,317.575,tt0583537,315.736,"['Chandler sits, holding a cup, talking to Monica and Ross.', 'Monica stands behind Chandler, listening to his conversation.', 'Rachel sits on the couch, looking at Chandler as he talks.', 'Chandler holds a cup, speaking to Monica and Ross nearby.', 'Monica and Ross listen as Chandler sits with a cup.']",Frances Buffay reads the obituaries.
938,324.937,tt0583537,324.257,"['She reads the paper.', 'He enters the room.', 'She writes in book.', 'He talks to her.', 'She holds the book.']",Phoebe enters.
939,440.317,tt0583537,439.917,"['Phoebe talks to her mother.', ""Phoebe's mother nods back."", 'Phoebe and her mother converse.', 'They sit together.', 'Phoebe chats with her mom.']",That... and this.
940,464.961,tt0583537,463.62,"['Phoebe shows the card to her.', 'Phoebe receives a mysterious card.', 'Phoebe opens a card.', 'Phoebe displays a card.', 'Phoebe holds up a card.']",Phoebe stares at the photo.
941,467.762,tt0583537,466.721,"['Phoebe looks at a card.', 'Chandler decorates the tree.', 'Phoebe watches Chandler decorate.', 'Chandler takes a card.', 'Phoebe examines a card.']",At Monica and Rachel's.
942,489.698,tt0583537,488.458,"['Chandler decorates the tree.', 'Rachel stands beside him.', 'Chandler steps away from tree.', 'Rachel talks to Chandler.', 'Chandler talks to Rachel again.']",Joey and Rachel stare.
943,491.078,tt0583537,489.978,"['Monica enters, Ross hangs an ornament.', 'Ross hangs an ornament, Monica watches.', 'Monica enters, Ross decorates the tree.', 'Ross decorates the tree, Monica observes.', 'Monica enters, Ross adds a decoration.']",Monica and Ross arrive.
944,506.784,tt0583537,504.203,"['Joey holds ornaments and puts them on the tree with Monica.', 'Monica and Joey put ornaments on the Christmas tree together.', 'Joey and Monica decorate the tree with ornaments from the bag.', 'Monica and Joey hang ornaments on the Christmas tree side by side.', 'Joey and Monica put on ornaments on the tree, filling it with festive decorations.']","Monica and Ross blink at him, then unload their groceries."
945,523.141,tt0583537,522.06,"['Chandler looks at Joey.', 'Monica gazes directly.', 'Joey looks at Chandler.', 'Chandler and Joey share a glance.', 'Monica focuses on Joey.']",Monica purses her lips.
946,531.728,tt0583537,529.726,"['Monica holds the bag, looking at friends.', 'Monica examines the bag, friends watching.', 'Monica holds the bag, friends look on.', 'Monica inspects the bag, friends observing.', 'Monica rummages through the bag, friends watching.']",She takes the crumpled package and winces.
947,544.818,tt0583537,540.956,"['Chandler holds a wrapped gift and talks to Monica, who also holds a wrapped gift.', 'Chandler and Monica interact near a table with bags, with Chandler holding a wrapped gift.', 'Monica holds a wrapped gift while speaking to Chandler, who is holding a wrapped gift.', 'Chandler and Monica stand near a table with bags, both holding wrapped gifts.', 'Chandler and Monica converse near a table with bags, with Chandler holding a wrapped gift.']","Chandler and Joey laugh, then see Monica glaring and quickly retreat."
948,547.259,tt0583537,545.578,"['Ross looks at the woman washing dishes.', 'Ross gazes at the woman in red.', 'Monica and Joey stand in the background.', 'Ross watches the woman with interest.', 'Ross looks at the woman while she washes.']",Ross follows Rachel into the kitchen.
949,579.905,tt0583537,577.944,"['Ross looks at Rachel standing before him.', 'Rachel and Ross share a moment of eye contact.', 'Ross gazes at Rachel with interest.', 'Rachel and Ross engage in a silent stare.', ""Ross focuses on Rachel's presence.""]","Staring back at her, he tries to smile."
950,590.783,tt0583537,590.022,"['Rachel looks at Ross.', 'Ross turns to Rachel.', 'Ross looks at Rachel.', 'Rachel and Ross interact.', 'Ross gazes at Rachel.']",She walks off.
951,592.164,tt0583537,591.103,"['Ross touches his hair.', 'Ross talks to Rachel.', 'Rachel looks away.', 'Ross talks, Rachel listens.', 'Ross strokes his hair.']",Ross touches his hair.
952,595.106,tt0583537,592.744,"['Ross holds his head with his hand, seated.', 'Rachel stands before Ross and Phoebe, talking.', 'Ross sits on the couch, holding his head.', 'Phoebe sits on the couch, with Ross nearby.', 'Ross sits on the couch, with Phoebe and Rachel nearby.']","At Frances' house, Phoebe talks on the phone."
953,600.771,tt0583537,599.41,"['Phoebe talks on phone, Ross stands nearby.', 'Rachel walks into the room, approaching Phoebe.', 'Ross stands next to Phoebe on the phone.', 'Phoebe talks on phone, Rachel joins them.', 'Rachel enters, Phoebe talks on phone.']",She has maps and a notepad.
954,615.015,tt0583537,614.394,"['Phoebe hangs up.', 'Phoebe looks up.', 'Older woman enters.', 'Phoebe watches her.', 'Woman approaches table.']",She hangs up.
955,616.316,tt0583537,615.415,"['Phoebe hangs up phone.', 'Phoebe talks on phone.', 'Woman walks in room.', 'Phoebe listens to woman.', 'Woman takes off jacket.']",Frances walks in.
956,618.958,tt0583537,616.836,"['Phoebe looks up at the woman entering the room.', 'Phoebe looks back down at her phone.', 'The woman walks towards Phoebe at the table.', ""Phoebe's eyes flick between the woman and her phone."", 'Phoebe looks up at the woman then back at her phone.']","Phoebe looks over, then returns to her maps."
957,735.072,tt0583537,732.112,"['Chandler gets into a yellow taxi, with Joey looking on.', 'Joey watches as Chandler enters a yellow taxi.', 'Chandler points and then gets into a yellow taxi.', 'Chandler points and Joey looks at the taxi.', 'Chandler gets into a yellow taxi, with Joey by his side.']",Phoebe pulls up in a beat-up cab and parks over the curb.
958,736.187,tt0583537,735.539,"['Chandler waves goodbye.', 'Joey gets in taxi.', 'Chandler says goodbye.', 'Joey leaves with taxi.', 'Taxi drives away.']",They climb in.
959,754.152,tt0583537,751.699,"[""Chandler holds a paper for Joey's view."", ""Phoebe observes Chandler and Joey's interaction."", 'Chandler shows Joey a paper, holding it up.', 'Chandler and Joey examine a piece of paper together.', 'Chandler holds a paper, showing it to Joey.']","She waves a piece of paper at Chandler, and he unfolds it."
960,760.955,tt0583537,759.618,"['Chandler looks at the paper.', 'Phoebe hands Joey the paper.', 'Chandler examines the paper.', 'Chandler glances at Phoebe.', 'Chandler studies the paper.']","She bobs her head, smiling."
961,762.618,tt0583537,761.199,"['Green hands paper to red, then back.', 'Red looks at green, then blue looks too.', 'Blue gazes at red, then paper is passed.', 'Red receives paper, then hands it back.', 'Paper is exchanged between red and green.']",Chandler grasps behind him.
962,770.723,tt0583537,768.413,"['Phoebe Buffay talks to the taxi driver.', 'Phoebe Buffay chats with the taxi driver.', 'Phoebe Buffay converses with the taxi driver.', 'Phoebe Buffay discusses something with the driver.', 'Phoebe Buffay has a conversation with the taxi.']",He gets out and joins Joey in the back seat.
963,779.863,tt0583537,776.296,"['Phoebe gets into the taxi and interacts with the driver.', 'Phoebe enters the taxi and talks to the driver.', 'Phoebe steps into the taxi and chats with the driver.', 'Phoebe gets into the taxi, where she converses with the driver.', 'Phoebe enters the taxi and has a conversation with the driver.']",The car lurches and Joey and Chandler topple over at Monica's.
964,804.201,tt0583537,803.432,"['Monica looks at Ross.', 'Ross stands up.', 'Monica gazes at Ross.', 'Ross rises up.', 'Monica watches Ross.']",At the radiator.
965,814.927,tt0583537,813.752,"['Ross holds water for Rachel.', ""Rachel looks at Ross's water."", 'Ross and Rachel share water.', 'They both hold water bottles.', 'Rachel and Ross face each other.']",Rachel glances at the knob.
966,827.963,tt0583537,824.943,"['Monica talks to Rachel while Rachel looks at the fridge.', 'Rachel examines the fridge contents as Monica converses nearby.', 'Monica chats with Rachel, who is distracted by the fridge.', ""Rachel's gaze lingers on the fridge as Monica discusses something."", 'Monica talks to Rachel, who looks away at the fridge momentarily.']",She goes back to making cookie dough.
967,883.794,tt0583537,883.313,"['Chandler drives with Ross and Monica.', 'Monica looks out the window.', 'Chandler talks to Ross and Monica.', 'Ross and Monica ride in the back seat.', 'Chandler drives with friends.']",She breaks.
968,885.314,tt0583537,883.894,"['Chandler drives the taxi with Joey looking out.', 'Joey gazes out the taxi window.', 'Chandler navigates the taxi through the city.', 'The taxi cruises along the busy street.', 'Chandler steers the taxi with Joey nearby.']",Joey and Chandler hit the partition.
969,888.454,tt0583537,887.574,"['Chandler holds his head.', 'Joey looks at Chandler.', 'Phoebe watches them talk.', 'Chandler looks at Joey.', 'Chandler holds his head.']",They rub their heads.
970,906.338,tt0583537,904.537,"['Phoebe looks at Chandler, then at Joey.', 'Chandler looks at Joey, then back at Phoebe.', 'Joey looks at Phoebe, then back at Chandler.', 'Chandler looks at Joey, then Phoebe looks at him.', 'Phoebe, Chandler, and Joey exchange glances.']","She stares at the house, motionless."
971,908.798,tt0583537,908.078,"['Chandler looks out.', 'Joey talks to Chandler.', 'Phoebe gazes outside.', 'Chandler and Joey chat.', 'Phoebe stares out.']",She doesn't move.
972,911.968,tt0583537,911.127,"['Phoebe looks at someone.', 'Phoebe talks in a car.', 'Phoebe faces someone.', 'Phoebe is in a car.', 'Phoebe gazes at him.']",She stares ahead.
973,913.849,tt0583537,912.388,"['Phoebe looks at Joey and Chandler.', 'Chandler looks at Phoebe and Joey.', 'Phoebe looks at Chandler again.', ""Joey and Chandler receive Phoebe's gaze."", 'Phoebe, Joey, and Chandler exchange glances.']",Chandler and Joey share a look.
974,916.97,tt0583537,914.729,"['Chandler looks at Joey by the Christmas tree.', 'Chandler gazes at the Christmas decorations.', 'Joey stands near the Christmas tree as Chandler looks on.', 'Chandler glances at the Christmas lights.', 'Chandler and Joey are near the Christmas tree together.']","At the Christmas party, guests fan themselves."
975,921.752,tt0583537,920.451,"['Phoebe walks towards Joey and Chandler.', 'Joey and Chandler stand amidst dancing people.', 'Phoebe joins Joey and Chandler in the room.', 'People dance around Phoebe, Joey, and Chandler.', 'Christmas decorations surround Phoebe, Joey, and Chandler.']",Rachel lets in more guests.
976,933.357,tt0583537,931.836,"['Rachel enters, sits down, and talks to Ross.', 'Ross talks to Rachel at the table.', 'Rachel walks in, joins Ross, and sits down.', 'Ross and Rachel sit at the table together.', 'Rachel and Ross sit, discussing something at the table.']",Ross talks to a woman at the table.
977,941.181,tt0583537,939.58,"['Ross looks at Rachel, who fans herself.', 'Rachel fans herself as Ross watches.', 'Ross gazes at Rachel with a fan nearby.', 'Rachel fidgets with a fan while Ross observes.', 'Ross focuses on Rachel, who uses a fan.']","She fans herself, expressionless."
978,947.366,tt0583537,946.785,"['Ross looks at her.', 'She fans herself.', 'Ross gazes at her.', 'He looks at her fan.', 'She fidgets with the fan.']",She nods.
979,948.687,tt0583537,947.526,"['Ross looks at the woman.', 'Ross talks to the woman holding a fan.', 'Ross gazes at the woman holding a fan.', 'Ross converses with the woman holding a fan.', 'Ross talks to the fan-wielding woman.']",Ross grins and heads off.
980,955.591,tt0583537,954.291,"['Ross walks towards the woman holding food.', 'Ross approaches a woman with a plate.', 'Ross takes a plate from the woman.', 'Ross talks to the woman holding food.', 'Ross interacts with a woman offering food.']",Everyone reaches for the ice.
981,969.521,tt0583537,967.799,"['Monica opens the fridge door.', 'Ross talks to Monica by the fridge.', 'Monica pulls open the fridge door.', 'Ross stands near Monica as she opens fridge.', ""Monica opens the fridge's door slightly.""]",She opens the fridge and sits inside.
982,971.522,tt0583537,969.861,"['Monica reaches for the refrigerator.', 'Monica pulls her hand back from the fridge.', 'Monica opens the refrigerator door.', 'Monica pulls her hand back from the fridge.', 'Monica reaches into the refrigerator.']",The super enters in a festive tie.
983,985.375,tt0583537,984.374,"['Rachel and Monica laugh together.', 'Ross talks to Monica closely.', 'Monica wears a yellow dress.', ""Rachel's tank top is visible."", 'Ross stands with Monica nearby.']",They smile politely.
984,988.838,tt0583537,987.918,"['Ross talks to Monica and Treeger.', 'Monica chats with Ross and Treeger.', 'Treeger and Ross discuss with Monica.', 'Monica, Ross, and Treeger converse.', 'Ross, Monica, and Treeger talk.']",He heads into the party.
985,1006.745,tt0583537,1005.425,"['Ross points at Treeger.', 'Ross gestures to Treeger.', 'Ross talks to Treeger.', 'Ross stands next to Treeger.', 'Ross talks and gestures.']",He saunters up to the super.
986,1018.632,tt0583537,1017.851,"['Ross looks at money.', 'Ross talks to Treeger.', 'Treeger holds money.', 'Ross examines money.', 'Treeger stares at cash.']",Ross stares at it.
987,1038.722,tt0583537,1037.202,"['Monica looks at Ross and others.', 'Ross looks at Monica and others.', 'Monica and Ross gaze around the scene.', 'Monica and Ross scan the room.', 'Monica and Ross take in the surroundings.']",She shifts her eyes and shrugs.
988,1074.719,tt0583537,1071.177,"['Monica and Ross look at each other, while Rachel stands with her arms crossed.', 'Monica and Ross engage in a conversation, with Rachel observing them.', 'Ross and Monica interact, as Rachel stands nearby, her arms crossed.', 'Rachel stands with her arms crossed, as Monica and Ross discuss something.', 'Monica, Ross, and Rachel are in a group, with Monica and Ross engaged in conversation.']","Monica turns and gives Ross a smile, then heads back to the party."
989,1080.75,tt0583537,1079.53,"['Ross turns to Treeger.', 'Rachel crosses her arms.', 'Ross talks to Rachel.', 'Rachel smiles at Ross.', 'Ross talks to Treeger.']",He stalks off in a huff.
990,1082.351,tt0583537,1081.01,"['Rachel looks at Treeger.', 'Treeger points at Rachel.', 'Rachel and Treeger interact.', 'Treeger raises his hand.', ""Rachel faces Treeger's gesture.""]",Mr. Trigger turns to Rachel.
991,1093.136,tt0583537,1091.895,"['Rachel looks at him holding beer.', 'Rachel talks to him with beer.', 'Rachel and him share beer.', 'He holds beer to Rachel.', 'Rachel and him converse with beer.']",She smiles and fidgets.
992,1104.173,tt0583537,1103.413,"['Rachel laughs at Treeger.', 'Treeger holds a glass.', 'Rachel looks at Treeger.', 'Treeger looks at Rachel.', 'Rachel gazes at him.']",She walks away.
993,1106.915,tt0583537,1104.834,"['Rachel laughs as she looks at Treeger.', 'Treeger speaks as Rachel looks at him.', 'Rachel and Treeger exchange a glance.', 'Treeger addresses Rachel with a serious tone.', 'Rachel and Treeger engage in a brief conversation.']","In Albany, Phoebe hurries back to the cab."
994,1110.636,tt0583537,1107.475,"['Joey and Chandler look at Treeger in a taxi.', 'Treeger talks to Joey and Chandler in a taxi.', 'Joey and Chandler gaze at Treeger in a taxi ride.', 'Treeger addresses Joey and Chandler in a moving taxi.', 'Joey and Chandler focus on Treeger in a taxi cab.']",Chandler and Joey sleep in the back seat as she climbs inside.
995,1115.518,tt0583537,1113.917,"['Phoebe gets into the car.', 'Chandler and Joey look at Phoebe.', 'Phoebe waves her hands at them.', 'Phoebe enters the car.', 'She waves goodbye to them.']",Chandler and Joey startle awake.
996,1161.533,tt0583537,1159.772,"['Phoebe turns her head to the left.', 'Phoebe looks to her left and right.', 'Phoebe glances at the man in the back.', 'Phoebe turns her head to the right.', 'Phoebe looks at the man beside her.']",She bobs her head and glances off.
997,1174.546,tt0583537,1173.446,"['Phoebe talks to Joey and Chandler.', 'Chandler and Joey stare at Phoebe.', 'Phoebe converses with Chandler and Joey.', 'Joey and Chandler look at Phoebe.', 'Phoebe is the center of attention.']",Their faces soften.
998,1188.57,tt0583537,1186.81,"['Phoebe looks at Joey and Chandler.', 'Joey gazes at Phoebe and Chandler.', 'Phoebe talks to Joey and Chandler.', 'Chandler looks at Phoebe and Joey.', 'Phoebe, Joey, and Chandler engage in conversation.']",She hugs herself and slumps down.
999,1208.34,tt0583537,1205.198,"['Phoebe looks at Chandler as he holds a pen.', 'Chandler holds a pen while Phoebe talks to him.', 'Phoebe talks to Chandler while he holds a pen.', 'Chandler holds a pen, engaged in conversation with Phoebe.', 'Phoebe and Chandler converse, with him holding a pen.']","Smiling, she takes their hands through a hole in the partition."
1000,1215.823,tt0583537,1213.782,"['Phoebe looks at Joey holding a cigarette.', 'Joey holds a cigarette as Phoebe talks to him.', ""Phoebe looks at Joey, who's holding a cigarette."", 'Joey holds a cigarette while Phoebe gazes at him.', 'Phoebe and Joey share a moment with a cigarette.']","Pulling her hand back, she gives them a smile."
1001,708.917,tt0583567,706.655,"['Chandler talks to Phoebe while she sips from a cup.', 'Phoebe listens to Chandler as she takes a sip.', 'Chandler looks at Phoebe as she sips her drink.', 'Phoebe takes a sip while Chandler engages her.', 'Chandler and Phoebe interact while she holds a cup.']",Chandler clamps his lips and wrings his hands.
1002,717.056,tt0583567,714.335,"['Fun Bobby holds a pink cup, listening to Monica.', 'Monica talks to Fun Bobby, who holds a pink cup.', 'Fun Bobby looks at Monica as she speaks.', 'Monica converses with Fun Bobby, who holds a cup.', 'Fun Bobby sits, holding a pink cup, listening to Monica.']","Bobby stares off, then sets his cup aside and heads out."
1003,755.658,tt0583567,754.176,"['Phoebe talks to Chandler standing up.', 'Monica looks at Chandler sitting down.', 'Ross and Chandler stand up together.', 'Chandler stands up and looks around.', 'Phoebe and Ross stand up chatting.']",Russ walks in wearing sunglasses.
1004,759.596,tt0583567,758.594,"['Chandler and Ross look at each other.', 'Monica listens to Chandler.', 'Chandler and Ross stand together.', 'Ross and Chandler glance at Monica.', 'Chandler and Ross face each other.']",Chandler cowers away.
1005,776.776,tt0583567,773.612,"['Phoebe holds a cup and talks to Ross, who nods.', 'Ross listens to Phoebe as she talks, holding a cup.', 'Phoebe holds a cup and converses with Ross, who nods.', 'Ross nods as Phoebe talks to him, holding a cup.', 'Phoebe talks to Ross, who nods, as she holds a cup.']","Russ walks past Phoebe, who shudders and steps over to Rachel."
1006,815.245,tt0583567,813.385,"['Phoebe looks at Ross then another man.', 'Ross walks away from Phoebe towards another man.', 'Phoebe looks at Ross then glances at another man.', 'Ross walks away as Phoebe looks at another man.', 'Phoebe looks back and forth between Ross and another man.']",Ross sits on the couch as Chandler stands.
1007,926.028,tt0583567,924.488,"['Ross reads the newspaper.', 'Ross looks at someone.', 'Ross holds a newspaper.', 'Ross gazes at someone.', 'Ross reads a newspaper.']",Ross grimaces as they leave.
1008,1010.672,tt0583567,1009.651,"['Joey hands Chandler a towel.', 'Chandler wipes his mouth with a towel.', 'Joey walks away with a towel.', 'Chandler takes a towel from Joey.', 'Joey hands Chandler a towel to use.']",Joey hands him a towel.
1009,1025.839,tt0583567,1024.518,"['Chandler holds two towels.', 'Joey sits on the couch.', 'Chandler stands with blue and white towels.', 'Chandler holds a blue towel.', 'Chandler and Joey hold towels.']",Chandler points and nods.
1010,1026.92,tt0583567,1026.099,"['Chandler wipes his face.', 'Joey joins Chandler sitting.', 'Chandler holds a towel.', 'Chandler and Joey enter.', 'Joey sits beside Chandler.']",Joey takes a seat.
1011,1092.631,tt0583567,1090.69,"['Bobby talks to Monica, who turns her head.', 'Monica listens to Bobby, her attention shifting.', 'Bobby speaks to Monica, who focuses on him.', ""Monica's gaze follows Bobby's words."", 'Bobby and Monica engage in a conversation.']",Monica grabs the waiter at the cafe.
1012,1100.656,tt0583567,1098.676,"['Chandler looks at Ross on the couch.', 'Ross listens to Chandler on the couch.', 'Chandler and Ross gaze at each other.', 'Chandler and Ross sit together on the couch.', 'Chandler and Ross sit and look at each other.']",Chandler sits between them with a crossword.
1013,1122.023,tt0583567,1119.862,"['Ross reads a newspaper, Chandler sips coffee nearby.', 'Phoebe chats with Rachel, sipping coffee together.', 'Ross and Chandler discuss something, newspaper nearby.', 'Rachel and Phoebe sit, coffee cups in hand.', 'Chandler holds a coffee cup, Ross nearby, reading.']","From the counter, Phoebe watches them with Rachel."
1014,1160.119,tt0583567,1158.738,"['Chandler reads a newspaper.', ""Ross looks at Chandler's newspaper."", ""Ross gazes at Chandler's newspaper."", 'Chandler reads, Ross observes.', ""Ross focuses on Chandler's reading.""]",Chandler stands and walks off.
1015,1167.583,tt0583567,1165.742,"['Ross looks at someone on the couch.', 'Ross sits on the couch talking.', 'Ross sits and looks at someone.', 'Ross is sitting and engaged in conversation.', 'Ross sits and gazes at someone.']",Ross fights to keep his cool.
1016,928.674,tt0583624,926.677,"['Phoebe walks into the living room to join Sandra.', ""Monica and Rachel stand in the kitchen, awaiting Phoebe's arrival."", 'Phoebe enters the kitchen, where Monica and Rachel are waiting.', 'Sandra walks into the kitchen, joining Phoebe and the others.', 'Phoebe and Sandra move between the kitchen and living room.']",She puts a hand under Mrs. Green's chin.
1017,934.261,tt0583624,931.739,"['Phoebe enters the room and talks to Sandra, who drinks water.', 'Sandra holds a glass of water and talks to Phoebe Buffay.', 'Phoebe Buffay enters and converses with Sandra Green, who sips water.', 'Sandra Green drinks water while Phoebe Buffay talks to her.', 'Phoebe talks to Sandra, who takes a drink from a glass of water.']",Mrs. Green grins as she strolls over with her drink.
1018,1006.417,tt0583624,1003.957,"['Sandra looks at Rachel, who looks down.', 'Sandra and Rachel stand together, Rachel looking down.', ""Sandra gazes at Rachel, who doesn't meet her eyes."", 'Rachel stands before Sandra, looking down at her feet.', ""Sandra focuses on Rachel, who doesn't lift her gaze.""]","Later, Joey, Chandler, and Phoebe help cook."
1019,1018.397,tt0583624,1017.046,"['Chandler looks at Monica.', 'Monica stands behind Chandler.', 'Phoebe looks at Chandler.', 'Chandler sits at the table.', 'Joey stands at the counter.']",Joey makes pigs in a blanket.
1020,1041.324,tt0583624,1038.723,"['Monica holds a bowl while talking to Phoebe.', 'Ross reads a magazine on the couch.', 'Phoebe listens to Monica while she holds a bowl.', 'Monica talks to Phoebe, with Ross watching.', 'Monica holds a bowl, with Ross reading nearby.']","Monica marches over to Ross, who sits on the couch."
1021,1058.17,tt0583624,1057.624,"['Monica looks at Ross.', 'Ross listens to Monica.', 'Monica holds a bowl.', 'Ross gazes at Monica.', 'Monica stands and talks.']",He gets up.
1022,1067.53,tt0583624,1064.443,"['Ross looks at Carol as she holds a bowl of food.', 'Carol carries a bowl of food while Ross observes her.', 'Ross and Carol engage in a moment, with a bowl of food nearby.', ""Carol holds a bowl of food, catching Ross's attention."", 'Ross and Carol share a moment, with a bowl of food present.']",Ross gives him a look as Monica answers the door to Carol.
1023,1090.754,tt0583624,1089.513,"['Ross stands and speaks confidently.', 'Ross stands, speaking clearly.', 'Ross stands and talks.', 'Ross stands, talking steadily.', 'Ross stands and says something.']",Ross shoots her a glare.
1024,1168.21,tt0583624,1166.709,"['Phoebe stands in front of Ross, talking.', 'Ross listens to Phoebe at the table.', 'Phoebe talks to Ross at the table.', 'Ross sits at the table, listening.', 'Phoebe talks to Ross, sitting nearby.']",They run to their cooking stations.
1025,1172.954,tt0583624,1171.813,"['Ross looks at Chandler.', 'Chandler gazes at Joey.', 'Joey faces Ross.', 'Ross sits with a laptop.', 'Chandler stands beside Ross.']",Ross and Carol hug.
1026,1209.292,tt0583624,1208.171,"['Joey looks at Chandler.', 'Chandler looks at Joey.', 'Joey and Chandler gaze at each other.', 'Joey and Chandler face each other.', ""Chandler meets Joey's gaze.""]",A string trio plays.
1027,1214.44,tt0583624,1213.239,"['Phoebe looks at her phone.', 'Phoebe puts phone in pocket.', 'Phoebe takes her phone away.', 'Phoebe holds her phone briefly.', 'Phoebe puts phone away.']",Phoebe unwraps a candy.
1028,1218.181,tt0583624,1217.301,"['Phoebe and Rachel look at phones.', ""Rachel looks at Phoebe's phone."", 'Phoebe and Rachel stare at screens.', ""Rachel glances at Phoebe's phone."", 'They both check their phones.']",Everyone looks at her.
1029,1228.446,tt0583624,1225.725,"['Rachel pushes the baby in a stroller, surrounded by friends.', 'Phoebe and Sandra gaze at Rachel as she tends to the baby.', 'The group gathers around the stroller as someone pushes the baby.', ""Rachel's friends watch as she takes the baby for a stroll."", 'Someone gently propels the baby in a stroller as the group observes.']",Monica pushes Ben down the aisle in a baby carriage.
1030,1233.15,tt0583624,1229.067,"['Sandra pushes a baby carriage with a baby inside, and Ross looks at it.', 'Ross gazes at the baby carriage as Sandra tends to the baby.', 'Sandra interacts with the baby carriage, and Ross observes the scene.', 'Ross watches Sandra push the baby carriage with a baby inside.', 'Sandra wheels the baby carriage past Ross, who glances at the baby.']","The baby wears a miniature dress shirt and pants, and flowers decorate the carriage."
1031,1240.829,tt0583624,1237.606,"['Sandra pushes a baby carriage while Susan walks beside her, holding flowers.', 'Susan carries a bouquet of flowers as she walks alongside Sandra, who pushes a baby carriage.', 'Sandra and Susan walk together, Sandra pushing a baby carriage and Susan holding flowers.', 'Susan walks with a bouquet of flowers, while Sandra pushes a baby carriage by her side.', 'Sandra pushes a baby carriage as Susan strolls alongside, bouquet of flowers in hand.']",Susan steps down the aisle with her father and mother on each arm.
1032,1243.871,tt0583624,1241.709,"['Susan walks down the aisle with flowers, followed by Ross.', 'Ross walks behind Susan, carrying a bouquet of flowers.', 'Susan and Ross walk together down the aisle.', 'Susan holds a bouquet of flowers, accompanied by Ross.', 'Ross and Susan walk hand in hand, flowers in hand.']",Her father wears a military dress uniform.
1033,1248.835,tt0583624,1244.812,"['Ross and Rachel walk down the aisle together, Ross turns to look at Rachel.', 'Rachel walks alongside Ross as he glances at her, their pace steady.', 'Ross turns to Rachel as they stroll down the aisle, his gaze fixed on her.', ""Ross and Rachel's footsteps echo as he looks at her, their bond evident."", ""Ross's eyes meet Rachel's as they walk together, their steps in sync.""]",Ross escorts Carol down the aisle as she wears a long gown and matching hat.
1034,1261.544,tt0583624,1255.66,"['Phoebe and Sandra stand together, while Monica and Ross stand next to each other, the group forming a tight cluster.', ""Rachel stands beside Ross, while Phoebe and Sandra stand together, the group's movements fluid and synchronized."", 'Phoebe and Sandra stand together, with Monica and Ross forming a parallel pair, their positions mirroring each other.', 'Monica and Ross stand together, while Phoebe and Sandra stand in tandem, their movements mirroring each other.', 'Phoebe, Sandra, Monica, and Ross form a tight group, their positions interlocking and their movements synchronized.']","As they reach the altar, Ross kisses Carol's cheek."
1035,1265.828,tt0583624,1263.266,"['Sandra and Rachel look at Ross standing before them.', 'Ross stands before Sandra and Rachel, eyeing them.', 'Sandra and Rachel gaze at Ross, who looks back.', 'Ross looks at Sandra and Rachel, who stand beside each other.', 'Ross stands between Sandra and Rachel, their eyes locked on him.']","Carol moves toward Susan, but Ross doesn't let go."
1036,1271.355,tt0583624,1267.953,"['Monica walks away from Ross, holding a bouquet.', 'Ross talks to Carol, while Sandra stands nearby.', 'Sandra talks to Monica, who holds a bouquet.', 'Monica holds a bouquet as Ross talks to Sandra.', 'Ross and Sandra converse, with Monica walking away holding a bouquet.']",He releases Carol and sits in the audience as the officiant begins.
1037,1290.964,tt0583624,1288.662,"['Phoebe, Rachel, and Ross stand together, surrounded by Carol and Susan.', 'Ross stands with Phoebe and Rachel, while Susan and Carol stand behind them.', 'Phoebe, Rachel, and Ross are engaged in a conversation, with Susan and Carol nearby.', 'Ross, Phoebe, and Rachel are chatting, flanked by Carol and Susan.', 'The group of friends, including Ross, Phoebe, Rachel, Susan, and Carol, stand together.']",Everyone stares at Phoebe and her eyes widen.
1038,1302.168,tt0583624,1298.806,"['Phoebe looks at Sandra as they stand near the wedding cake.', 'Rachel smiles at Carol while Susan looks on, near the cake.', 'Sandra and Phoebe gaze at each other, surrounded by the cake.', 'Phoebe and Sandra stand together, gazing at the wedding cake.', 'Rachel and Carol chat near the wedding cake, with Susan nearby.']","At the reception, two miniature brides sit atop the wedding cake."
1039,1306.431,tt0583624,1302.848,"['Phoebe and Carol hug and gaze at the wedding cake together.', ""Carol and Phoebe hug and admire the wedding cake's beauty."", 'Phoebe and Carol share a tender hug and gaze at the wedding cake.', 'The scene shows Phoebe and Carol embracing and looking at the wedding cake.', 'Carol and Phoebe hug and take in the sight of the wedding cake.']",Carol and Susan dance together and strike poses for the photographer.
1040,1313.975,tt0583624,1311.853,"['Monica wraps her arm around Ross as they gaze at Susan.', 'Ross and Monica stand together, looking at Susan Bunch.', 'Monica and Ross face Susan, their arms relaxed by their sides.', 'The trio stands together, Ross and Monica focused on Susan.', 'Ross and Monica stand close, their attention on Susan Bunch.']","Beaming, the happy couple embraces."
1041,1317.037,tt0583624,1314.555,"['Susan looks at Joey holding a plate of food.', 'Joey holds a plate of food in front of Susan.', 'Susan and Joey gaze at each other with food between them.', 'Joey holds out a plate of food to Susan.', 'Susan and Joey share a moment with a plate of food between them.']",Joey sees Susan's father grab a pig in a blanket.
1042,1324.861,tt0583624,1323.62,"['Monica holds food plate.', 'Phoebe watches the scene.', 'Carol and Susan observe.', 'Monica and Ross converse.', 'Monica serves food.']",Phoebe stands with Chandler.
1043,1354.086,tt0583624,1350.686,"['Chandler speaks to Phoebe as she walks away from him.', 'Phoebe walks away from Chandler as he talks to her.', 'Chandler talks to Phoebe, who looks away from him.', 'Phoebe looks away as Chandler speaks to her while walking.', 'Chandler speaks to Phoebe, who is walking away from him.']","Chandler lifts a finger to stop Phoebe, but she walks off with the woman."
1044,1356.447,tt0583624,1354.787,"['Chandler looks at the woman.', 'Chandler talks to a woman.', 'Chandler and the woman gaze at each other.', 'Chandler engages with the woman.', 'The woman and Chandler share a look.']",He turns to a lady with short hair.
1045,1360.749,tt0583624,1359.949,"['Chandler talks to her.', 'Chandler chats with two women.', 'Chandler faces two women.', 'Chandler talks to one woman.', 'Two women converse with him.']",She stalks off.
1046,1362.99,tt0583624,1361.189,"['Sandra holds a glass of champagne.', 'Monica and Rachel share a champagne toast.', 'Rachel joins Sandra and Monica with a glass.', 'Sandra, Monica, and Rachel clink their glasses.', 'The friends hold glasses of champagne together.']",Mrs. Green grabs a glass of champagne.
1047,1381.575,tt0583624,1379.655,"['Sandra holds a glass of wine.', 'Monica and Chandler sit with wine.', 'Rachel holds a glass of wine.', 'Chandler sips his glass of wine.', 'Sandra and Rachel sit with wine glasses.']",She touches up her makeup and tarries off.
1048,1386.538,tt0583624,1384.817,"['Monica holds a wine glass.', 'Rachel holds a champagne glass.', 'Monica adjusts her necklace.', 'Monica and Rachel stand together.', 'Monica holds her wine and adjusts her necklace.']",Monica nods and leads Rachel off.
1049,516.911,tt0583439,515.404,"['Chandler reads to Monica and Rachel.', 'Monica and Rachel enter, Chandler looks up.', 'Chandler reads, Monica and Rachel join in.', 'Rachel plays guitar, Chandler looks over.', 'Chandler reads, Monica and Rachel nearby.']",He leans in and kisses her.
1050,522.854,tt0583439,521.084,"['Chandler reads a book, standing with friends.', 'Monica and Rachel stand near Chandler as he reads.', 'Chandler holds a book, talking to friends.', 'Rachel and Monica stand with Chandler, reading.', 'Chandler reads a book, surrounded by friends.']",She grabs her guitar and takes a seat.
1051,568.892,tt0583439,566.684,"['Monica smiles at Chandler over a menu.', 'Rachel holds a menu, smiling at Chandler.', 'Chandler looks at Rachel as she holds a menu.', 'Rachel and Chandler sit at a table with wine.', 'They sit at Becco, a restaurant with a green awning.']",The parents trade nervous glances.
1052,572.519,tt0583439,568.935,"['Erika reads a menu, while a suited man looks at her.', 'Erika peruses the menu, her eyes scanning the options.', 'Erika studies the menu, as a man in a suit observes her.', 'A suited man gazes at Erika, who examines the menu.', 'Erika reads the menu, a man in a suit watching her intently.']","At a fancy restaurant, Joey sits across from Erica."
1053,578.199,tt0583439,576.648,"['Erika talks to Joey, smiling.', 'Joey listens to Erika, smiling.', 'A woman walks past Erika and Joey.', 'Erika and Joey sit with wine glasses.', 'Joey looks at Erika, smiling, and she talks.']",His smile fades and he blinks.
1054,626.316,tt0583439,624.59,"['Erika slams her head on the table twice.', 'Erika slams her head on the table, then looks at Joey.', 'Erika slams her head on the table, then looks at Joey again.', 'Erika slams her head on the table twice, then looks at Joey.', 'Erika slams her head on the table, looks at Joey, and slams her head again.']","She throws her head back, cackling."
1055,652.638,tt0583439,649.711,"['Erika covers her mouth with her hand, then looks at Joey.', ""Joey looks around the restaurant, holding Erika's hand."", 'Erika holds her hand up to her mouth, then covers it.', 'Joey looks at Erika, who covers her mouth with her hand.', 'Erika and Joey interact, with her covering her mouth and him holding her hand.']",Joey's eyes widen as she slobbers all over his hand.
1056,657.686,tt0583439,656.288,"['Erika holds a glass of wine.', 'Joey holds a fork at the table.', 'Erika looks off-screen at something.', 'Joey looks at Erika with interest.', 'They sit at a restaurant table.']",A man leaps up from his chair.
1057,673.455,tt0583439,671.62,"['Ross holds a plastic bag, looking at the zookeeper.', 'Ross stands before a cage, holding a bag, watching the zookeeper.', 'Ross holds a bag, gazing at the zookeeper, another man observing.', 'Ross looks at the zookeeper, holding a bag, as another man watches.', 'Ross holds a bag, looking at the zookeeper, while another man observes him.']","Dumbstruck, Joey freezes."
1058,678.697,tt0583439,675.836,"['Ross sweeps the floor while the Zoo Keeper watches him.', 'Ross Geller sweeps the floor, being observed by the Zoo Keeper.', 'The Zoo Keeper observes Ross Geller as he sweeps the floor.', 'Ross Geller is being watched by the Zoo Keeper while sweeping.', ""Ross Geller sweeps the floor, with the Zoo Keeper's gaze on him.""]","At the zoo, Ross mopes by the capuchin cage."
1059,692.47,tt0583439,690.57,"['Ross holds a banana and talks to the Zoo Keeper.', 'The Zoo Keeper holds a stick, conversing with Ross.', 'Ross talks to the Zoo Keeper, holding a plastic bag.', 'The Zoo Keeper talks to Ross, holding a stick.', 'Ross and the Zoo Keeper discuss, each holding an object.']","Ross stares blankly, then turns."
1060,726.882,tt0583439,725.063,"['Ross looks at Erika, sipping wine.', 'Erika listens to Ross, eyes on him.', 'Ross gazes at Erika, wine glasses nearby.', 'Erika focuses on Ross, wine glasses present.', 'Ross and Erika sit together, sipping wine.']",She gazes at him with concern.
1061,728.081,tt0583439,727.396,"['Erika looks at Joey.', 'Joey stares at the table.', 'Erika gazes at Joey.', 'Joey looks down.', 'Erika watches Joey.']",He sighs.
1062,745.219,tt0583439,743.914,"['Erika kisses Joey on the cheek.', 'Joey looks surprised then smiles.', 'Erika stands up and kisses Joey.', 'Joey receives a cheek kiss.', ""Erika kisses Joey's cheek suddenly.""]",She grabs and kisses him.
1063,758.135,tt0583439,756.102,"[""Erika pulls off Joey's jacket."", 'Joey smiles as Erika takes off his jacket.', ""Erika removes Joey's jacket while he chats."", ""Erika pulls off Joey's jacket as they converse."", ""Joey's jacket is pulled off by Erika.""]",She takes his hand and starts nibbling it.
1064,763.463,tt0583439,762.607,"['Joey feeds the woman.', 'Joey hands her food.', 'Joey offers her a bite.', 'He feeds her wine.', 'Joey serves her wine.']",At the library.
1065,797.171,tt0583439,795.781,"['Phoebe plays the guitar next to Chandler.', 'Monica stands behind Chandler, talking to him.', 'Rachel talks to Monica, while Joey stands behind.', 'Chandler stands next to Phoebe, near the guitar.', 'The group stands together, Phoebe playing guitar.']",There are cookies in the back.
1066,1002.587,tt0583634,1001.485,"['Ross reads the newspaper.', 'Chandler looks at Phoebe.', 'Rachel looks at Chandler.', 'Phoebe talks to Chandler.', 'Ross looks at Chandler.']",She pulls him to the door.
1067,1016.462,tt0583634,1012.557,"['Chandler looks around the room, then turns to smile at the camera.', 'Chandler stands amidst a backdrop of bottles, looking around and smiling.', 'Chandler turns his head to the right, then smiles at the camera.', 'Chandler looks around the room, then turns to smile at the camera.', 'Chandler stands with bottles behind him, looking around and smiling.']","Now, Monica walks into Central Perk with Rachel clutching a box."
1068,1215.774,tt0583634,1211.913,"['Janice enters the room carrying a white dog, while Joey leans on the door.', 'Joey walks towards the door and leans on it, as Chandler enters the room.', 'Chandler enters the room and talks to Joey, while Janice walks in with a white dog.', 'Joey leans on the door as Chandler enters the room, and Janice brings in a white dog.', 'Janice enters the room with a white dog, as Joey and Chandler have a conversation.']","She leaves, and Joey pushes the door shut behind her as Chandler walks over."
1069,1257.661,tt0583634,1255.66,"['Chandler walks away from Joey.', 'Joey stands with his hands on his hips.', 'Chandler walks away from Joey.', 'Chandler and Joey face each other.', 'Chandler walks away from Joey.']",He slaps Joey's shoulder and starts off.
1070,1266.503,tt0583634,1263.402,"['Chandler speaks to Joey while looking at him.', 'Joey stands in front of Chandler as he speaks to him.', 'Chandler addresses Joey in the room.', 'Joey faces Chandler, who is speaking to him.', 'Chandler talks to Joey while they stand together.']",Joey nods and puts his hands on his hips with a knowing stare.
1071,1274.806,tt0583634,1272.845,"['Chandler gestures with his hands to Joey.', ""Joey listens to Chandler's words."", 'Chandler talks to Joey, who looks at him.', ""Joey responds to Chandler's gestures."", 'Chandler and Joey engage in a conversation.']",Chandler lifts his brows and smiles.
1072,1300.018,tt0583634,1298.457,"['Monica stands up and walks away.', 'Monica smokes a cigarette and walks.', 'Monica gets up and heads out.', 'Monica takes a step towards the door.', 'Monica walks towards the exit.']",She gets up and hurries to the door.
1073,1307.663,tt0583634,1303.581,"['Monica gets up from the couch and walks to the door, opening it for a man in a purple shirt and brown pants.', 'Monica hugs the man who enters the room, wearing a purple shirt and brown pants, as he steps inside.', 'Monica opens the door and a man in a purple shirt and brown pants enters, and they share a hug.', 'The man in a purple shirt and brown pants enters the room, and Monica gets up from the couch to hug him.', 'Monica walks to the door, opens it, and hugs the man who enters, dressed in a purple shirt and brown pants.']","Still holding the cigar, she opens the door and finds her dad waiting in the hall."
1074,1316.561,tt0583634,1315.52,"['Monica hugs Jack.', 'Jack talks to Monica.', 'Monica wraps around him.', 'Jack is hugged by her.', 'Monica gives him a hug.']",He wraps her in a hug.
1075,1357.356,tt0583634,1356.416,"['Monica looks at Jack.', 'Jack looks at Monica.', 'They gaze at each other.', 'Monica and Jack stare.', 'They lock eyes.']",He sits beside her.
1076,1408.173,tt0583634,1404.391,"['Jack looks at Monica lying on the couch, covered in a blanket.', 'Monica lies on the couch, covered in a blanket, as Jack sits beside her.', 'Jack sits on the couch, looking at Monica, who is wrapped in a blanket.', 'Jack talks to Monica, who is lying on the couch, wearing a watch and wrapped in a blanket.', 'Monica lies on the couch, wrapped in a blanket, as Jack sits beside her, wearing a watch.']",He looks over and sees that Monica is sound asleep on the couch.
1077,675.744,tt0583464,673.421,"['Joey walks towards the door, carrying the chair.', ""Chandler turns around, looking at Joey, who's holding the chair."", 'Chandler and Joey walk towards the door, both carrying the chair.', 'Joey takes the chair from Chandler, who turns to look at him.', 'Chandler and Joey carry the chair together, heading towards the door.']",He carries them under his arm as he heads toward the door.
1078,709.849,tt0583464,707.606,"['Ross stands, looking at Chandler seated.', 'Ross stands, Chandler listens attentively.', 'Ross and Chandler engage in a conversation.', 'Ross and Chandler sit, facing each other.', 'Ross and Chandler share a moment, both suited.']",Ross glances at Chandler as Phoebe walks out.
1079,785.844,tt0583464,784.14,"['Joey walks away from the conversation.', 'Joey is talking to someone before walking away.', 'Joey has a conversation before leaving.', 'Joey talks and then exits.', 'Joey walks away after chatting.']",He stalks out and slams the door.
1080,794.72,tt0583464,790.432,"[""Phoebe enters the room wearing a yellow dress and holds a bouquet of flowers, greeted by Ross and Chandler's gaze."", 'Phoebe, dressed in yellow, enters the room with flowers, drawing the attention of Ross and Chandler.', 'Ross and Chandler stare at Phoebe, who enters the room wearing a bright yellow dress and carrying flowers.', 'Phoebe, in a yellow dress, holds flowers and enters the room, where Ross and Chandler are focused on her.', 'Phoebe, wearing a yellow dress and carrying flowers, enters the room, with Ross and Chandler looking at her.']",Phoebe walks out of Rachel's room wearing a huge Christmas gift bow over the stain.
1081,812.95,tt0583464,812.089,"['Ross checks his watch.', ""Chandler checks Ross's watch."", 'Ross and Chandler check watches.', 'Chandler checks his watch.', 'Ross and Chandler glance at watches.']",He checks his watch.
1082,863.256,tt0583464,861.415,"['Rachel walks away from Ross.', 'Ross talks to Rachel, then she leaves.', 'Rachel exits the conversation with Ross.', 'Ross and Rachel have a brief interaction.', 'Rachel turns and walks away from Ross.']",Rachel slowly turns back to her room.
1083,898.839,tt0583464,897.696,"['Phoebe gets up from the couch.', 'Chandler walks into the room.', 'Phoebe talks to Chandler.', 'Chandler walks out of the room.', 'Phoebe stands up and talks to him.']",Phoebe answers the phone.
1084,913.124,tt0583464,911.742,"['Monica takes the phone from Phoebe.', 'Chandler walks away with the phone.', 'Phoebe hands Monica the phone.', 'Monica puts the phone to her ear.', 'Chandler holds the phone as they walk.']",She hands the phone to Monica.
1085,923.422,tt0583464,922.521,"['Monica talks on phone, Ross stands.', 'Ross stands next to Monica.', 'Monica chats, Ross looks on.', ""Ross watches Monica's call."", 'Monica talks, Ross nearby.']",She pinches Ross.
1086,940.462,tt0583464,939.721,"['Chandler looks at Phoebe.', 'Phoebe stares down.', 'Chandler faces Phoebe.', 'Phoebe gazes down.', 'Chandler eyes Phoebe.']",Phoebe nods.
1087,947.434,tt0583464,945.511,"['Chandler speaks and gestures to Phoebe.', ""Phoebe listens intently to Chandler's words."", ""Chandler's hands move as he talks to Phoebe."", 'Chandler and Phoebe engage in a conversation.', 'Chandler gestures while Phoebe watches him.']","She nods again, deep in thought."
1088,951.401,tt0583464,950.379,"['Chandler gestures to Phoebe.', 'Phoebe holds water and chips.', 'Chandler looks at Phoebe.', 'Chandler gestures with hands.', 'Phoebe holds water bottle.']",Ross follows Monica.
1089,978.219,tt0583464,977.278,"['Ross sits with Chandler.', 'Chandler listens to Ross.', 'Ross talks to Chandler.', 'They sit on a couch.', 'Ross and Chandler chat.']",She runs into her room.
1090,983.656,tt0583464,981.872,"['Ross walks to the table and hands a card.', 'Chandler sits down and hands Rachel a card.', 'Ross gives a card to Chandler, who then gives one to Rachel.', 'Rachel enters and takes a card from Chandler.', 'Ross walks over, hands Chandler a card, and exits.']",Chandler and Phoebe dash after her.
1091,987.823,tt0583464,984.397,"['Rachel enters the room carrying a tray, Ross sits down on the couch.', 'Ross stands up from the couch as Rachel enters with food.', 'Rachel brings food into the room, Ross sits back down on the couch.', 'Ross gets up from the couch as Rachel enters with a tray of food.', 'Ross sits down on the couch as Rachel enters the room with a tray.']",Rachel walks out of her room in a Knicks sweatshirt and pajama pants.
1092,1022.977,tt0583464,1021.272,"['Ross stands up, talking to Rachel.', ""Rachel sits, wearing a 'Knicks Basketball' sweater."", 'Ross, in a tuxedo, stands before Rachel.', 'Rachel sits, while Ross stands, talking.', 'Ross stands, addressing Rachel, in a white sweater.']",Ross sits at the kitchen table with her.
1093,1072.244,tt0583464,1069.841,"['Rachel walks in, holding flowers, as Ross approaches the door.', 'Ross walks towards the door, as Rachel enters the room, holding flowers.', 'Rachel enters, holding flowers, as Ross stands near the door.', 'Ross heads towards the door, as Rachel walks in with a bouquet.', 'Rachel walks in with flowers, as Ross moves towards the door.']","Ross stands, then puts a finger to his lips."
1094,1076.25,tt0583464,1074.927,"['Ross looks at Rachel writing.', 'Rachel writes as Ross watches.', 'Ross observes Rachel writing.', 'Rachel writes, Ross looks on.', ""Ross gazes at Rachel's writing.""]",She turns away from his kiss.
1095,1125.619,tt0583464,1123.174,"['Chandler yells at Ross, who looks at him.', 'Ross looks at Chandler as he yells at him again.', 'Chandler continues yelling at Ross, who remains focused on him.', 'Ross and Chandler engage in a heated exchange, their eyes locked.', 'The argument between Chandler and Ross continues, with neither looking away.']",Chandler's jaw drops as he points at Joey.
1096,1133.209,tt0583464,1131.166,"['Joey runs away from Chandler, wearing colorful clothes.', 'Chandler stands still, watching Joey leave in a tuxedo.', 'Joey quickly exits, with Ross observing in a suit.', 'Ross stands still, watching Joey walk away in colorful attire.', 'Joey rapidly departs, with Ross and Chandler remaining stationary.']",He does lunges as Ross strides over.
1097,1170.886,tt0583464,1169.385,"['Chandler and Joey sit at the table.', 'Joey and Chandler look at each other.', 'Chandler and Joey sit and chat.', 'The two friends sit at a table.', 'Joey and Chandler talk while seated.']",Ross looks up at Joey.
1098,1189.214,tt0583464,1186.25,"['Ross looks at Rachel holding a pen and a box.', 'Rachel holds a pen and a box as Ross looks at her.', 'Ross and Rachel engage in a conversation, with a pen and box nearby.', 'Rachel holds a pen and box as Ross gazes at her.', 'Ross and Rachel interact, with a pen and box present.']","Ross stares at the glass of fat, then looks back at Rachel."
1099,1212.582,tt0583464,1209.838,"['Chandler looks at Ross as he drinks from a glass.', 'Rachel looks at Chandler as he drinks from a glass.', 'Chandler and Rachel both drink from glasses.', 'Ross and Chandler take turns drinking from glasses.', 'Chandler and Rachel engage in a drink-sharing moment.']",Joey grins excitedly as Ross raises the glass.
1100,1227.853,tt0583464,1225.77,"['Ross and Rachel move closer together.', 'Rachel lowers her hand, then they step closer.', 'Ross and Rachel draw near each other.', 'Rachel puts down her hand, and they approach.', 'Ross and Rachel move in, hands down.']","Rachel covers her mouth, then hugs him."
1101,1246.263,tt0583464,1243.999,"['Phoebe hugs Chandler, then he walks away.', 'Monica looks at Phoebe as Chandler walks away.', 'Phoebe and Chandler share a hug before he departs.', 'Chandler walks off after embracing Phoebe.', 'Phoebe is watched by Monica as Chandler exits.']",Joey does lunges as Chandler follows him.
1102,1247.706,tt0583464,1246.684,"['Chandler hugs Ross, then leaves.', 'Monica sits on the couch.', 'Chandler and Joey exit the apartment.', 'Ross and Monica enter the apartment.', 'Chandler hugs Ross, then exits.']",Ross heads downstairs.
1103,1341.998,tt0583464,1340.515,"['Monica and Phoebe walk away together.', 'Ross watches Monica and Phoebe depart.', 'Phoebe and Monica hold handbags and flowers.', 'Monica and Phoebe stroll hand in hand.', ""Ross observes Monica and Phoebe's exit.""]",Monica walks out in a daze.
1104,1347.184,tt0583464,1344.24,"['Monica enters the room, followed by Phoebe and Rachel.', 'Rachel enters the room, with Phoebe already there, and Monica joins them.', 'Monica and Rachel enter the room, with Phoebe briefly leaving and returning.', 'Phoebe and Rachel look at each other as Monica enters the room.', 'Rachel and Phoebe briefly leave the room, and Monica enters, joining them.']",She steps out in a slinky dress and Ross's jaw drops.
1105,1362.385,tt0583464,1359.401,"['Ross and Rachel share a romantic hug and kiss.', 'Rachel leans in to kiss Ross as he wraps his arms around her.', 'Ross pulls Rachel close for a passionate hug and kiss.', ""Rachel's dress shines as Ross holds her tight for a kiss."", ""Ross and Rachel's lips meet in a tender kiss, his jacket nearby.""]",She puts her arms around his neck as they share a deep kiss.
1106,85.412,tt0583619,83.09,"['Rachel stands with hands on hips.', 'Rachel stands with hands on hips, looking ahead.', 'Rachel stands in the living room.', 'Rachel stands with her hands on her hips.', 'Rachel stands in the room, hands on her hips.']",Joey has his arm in a sling as he and Chandler walk in.
1107,134.241,tt0583619,132.181,"['Ross talks to Rachel while Monica stands nearby.', 'Joey stands at the table with Monica and Rachel.', 'Monica stands at the table with Joey and Rachel.', 'Ross, Monica, and Joey gather around the table.', 'Rachel and Monica stand near Joey at the table.']",She stirs a bowl as Joey tastes the jam.
1108,140.623,tt0583619,138.922,"['Monica holds a box of tomatoes.', 'Joey holds a box of tomatoes.', 'Monica and Joey hold boxes of tomatoes.', 'Monica repeatedly holds a box of tomatoes.', 'Monica holds multiple boxes of tomatoes.']",He spits the jam back into the pot.
1109,153.866,tt0583619,149.505,"['Phoebe looks at Malcolm as he walks towards the flower shop.', 'Malcolm walks towards the flower shop, with Phoebe standing in front of it.', 'Phoebe stands in front of the flower shop as Malcolm approaches her.', 'Malcolm is walking towards Phoebe, who is standing in front of the flower shop.', 'Phoebe looks at Malcolm as he approaches her near the flower shop.']",Phoebe walks down the street past a flower shop with a man dressed all in black on her tail.
1110,157.207,tt0583619,154.526,"['Phoebe walks past a flower shop, then Malcolm enters and buys flowers.', 'Malcolm enters a flower shop, buys flowers, and gives them to Phoebe.', 'Phoebe receives flowers from Malcolm after he buys them in the shop.', 'Malcolm takes flowers from the shop and gives them to Phoebe.', 'Phoebe gets flowers from Malcolm, who bought them at the shop.']","She turns around and looks at him, and he browses bouquets."
1111,162.368,tt0583619,158.027,"['Malcolm walks out of the flower shop, giving Phoebe a bouquet of flowers.', 'Phoebe takes the flowers from Malcolm as he hands them to her outside the flower shop.', 'Malcolm exits the flower shop, holding a bouquet, and offers it to Phoebe, who accepts.', 'Phoebe walks out of the flower shop, and Malcolm hands her a bouquet of flowers.', 'Malcolm gives Phoebe a bouquet of flowers as they both exit the flower shop together.']","He grabs one and pays the florist, then follows Phoebe as she starts walking again."
1112,217.675,tt0583619,216.213,"['Phoebe stands before Malcolm on the stairs.', 'Malcolm holds a flower for Phoebe.', 'Phoebe faces Malcolm on the stairs.', 'Malcolm is about to give Phoebe a flower.', 'Phoebe and Malcolm converse on the stairs.']",She sits beside him on the steps.
1113,222.46,tt0583619,221.579,"['Phoebe sits with Malcolm.', 'Malcolm stands up slowly.', 'Phoebe talks to Malcolm.', 'Malcolm sits down beside her.', 'Phoebe and Malcolm sit together.']",She grabs his sleeve.
1114,236.038,tt0583619,235.238,"['Phoebe gestures to Malcolm.', 'Phoebe talks to Malcolm.', 'Malcolm nods at Phoebe.', 'Phoebe looks at Malcolm.', 'Phoebe and Malcolm converse.']",The man nods.
1115,243.443,tt0583619,242.523,"['Phoebe gestures to Malcolm.', 'Malcolm nods at Phoebe.', 'Phoebe talks to Malcolm.', 'Malcolm listens to Phoebe.', 'Phoebe and Malcolm converse.']",They smile at each other.
1116,257.556,tt0583619,257.036,"['Phoebe walks out, hands Malcolm flowers.', 'Malcolm joins Phoebe outside.', 'Phoebe gives Malcolm a bouquet.', 'They step out together.', 'Phoebe hands Malcolm flowers.']",The bouquet.
1117,266.962,tt0583619,265.061,"['Phoebe walks with Ross, holding flowers.', 'Phoebe enters a house with Ross, holding paper.', 'Phoebe holds flowers and paper in the kitchen.', 'Ross and Phoebe walk into a house together.', 'Phoebe and Ross enter a kitchen with flowers.']",They walk off with the man following her.
1118,271.785,tt0583619,270.704,"['Malcolm and Ross enter the apartment.', 'Rachel follows Malcolm and Ross inside.', 'Malcolm and Ross walk in, followed by Rachel.', 'Rachel holds flowers, entering the apartment.', 'Malcolm, Ross, and Rachel enter the apartment.']",At Rachel and Monica's.
1119,275.967,tt0583619,273.886,"['Ross enters and hugs Rachel, holding a paper.', 'Rachel holds a paper, and Ross puts his hand on his hips.', 'Ross and Rachel hug, with Ross holding a piece of paper.', 'Ross puts his hand on his hips, and they hug.', 'Ross and Rachel hug, with Rachel holding a piece of paper.']",Rachel finds a note sitting on stacks of jars.
1120,294.849,tt0583619,294.088,"['Ross spins Rachel around.', 'Rachel is lifted and kissed.', 'Ross lifts and kisses Rachel.', 'Rachel is spun and kissed.', 'Ross spins and kisses Rachel.']",He kisses her neck.
1121,301.831,tt0583619,299.51,"['Ross lifts Rachel up and kisses her passionately.', 'Rachel and Ross fall onto the couch together.', 'Ross holds Rachel as they fall onto the couch.', 'Ross lifts Rachel up for a passionate kiss.', 'Rachel and Ross kiss on the couch together.']",They fall back on the couch as Chandler barges in.
1122,304.011,tt0583619,302.231,"['Ross jumps on the couch with Rachel.', 'Rachel jumps off the couch as Ross joins her.', 'Ross and Rachel jump on the couch together.', 'Rachel jumps off as Ross lands on the couch.', 'Ross and Rachel jump in tandem on the couch.']",They pretend to search the couch cushions.
1123,310.173,tt0583619,309.153,"['Rachel sits on the couch.', 'Chandler stands next to her.', 'Ross observes the scene.', 'Rachel and Chandler laugh together.', 'Ross watches them closely.']",They smooth the cushions.
1124,354.583,tt0583619,352.402,"['Ross stands up and walks to a chair, sitting down next to Rachel.', 'Ross walks away from Rachel, sitting down on a chair across the room.', 'Rachel talks to Ross as he gets up and moves to a chair.', 'Ross moves from the couch to a chair, staying seated near Rachel.', 'Rachel remains on the couch while Ross walks over and sits in a chair.']",Chandler pulls out a chair and sits.
1125,426.68,tt0583619,425.0,"['Rachel walks away as Ross waves at her.', 'Ross waves at Rachel as she exits.', 'Ross waves at Rachel as she walks away.', 'Rachel exits as Ross waves at her.', ""Ross waves at Rachel, who's leaving.""]","She heads out, and he blows her a kiss."
1126,498.894,tt0583619,496.333,"['Ross stands in front of Chandler, while Rachel and Joey sit nearby.', 'Rachel stands before Ross as he talks to Chandler, with Joey sitting at the table.', 'Joey sits at the table, while Ross talks to Chandler with Rachel nearby.', 'Chandler listens to Ross, with Rachel standing behind him and Joey sitting at the table.', 'Ross engages in conversation with Chandler, with Rachel and Joey present.']","At Central Park, Joey piles jam on a pastry."
1127,508.738,tt0583619,506.477,"['Rachel looks at Joey eating cake with a spoon.', 'Joey eats cake with a spoon as Rachel watches.', 'Rachel stands before Joey eating a piece of cake.', 'Joey eats cake with a spoon as Rachel observes.', 'Rachel looks at Joey eating cake with a spoon.']",Rachel smiles as Joey licks the spoon.
1128,515.521,tt0583619,511.299,"['Rachel serves Chandler a cup of coffee as he looks at her.', 'Chandler looks at Rachel as she hands him a cup of coffee.', 'Joey and Chandler both look at Rachel as she serves coffee.', 'Rachel serves coffee to Chandler, who glances at her.', 'Rachel hands Chandler a cup of coffee, and he briefly looks at her.']","Joey's face falls, and Rachel joins Ross and Chandler on the couch as Phoebe arrives."
1129,527.273,tt0583619,526.173,"['Phoebe hands Ross a burger.', 'Ross hands Phoebe back the burger.', 'Phoebe hands Joey the burger.', 'Joey takes the burger and walks away.', 'Phoebe looks at Rachel on the couch.']",She brushes off her shirt.
1130,686.991,tt0583619,686.064,"['Ross and Rachel sit together.', 'Monica lies in bed nearby.', 'Ross and Rachel share coffee.', 'Rachel and Ross face each other.', 'They sit on the couch.']",Night-night bing-a-ling.
1131,687.938,tt0583619,687.032,"['Ross and Rachel sit together.', 'Rachel and Ross gaze at each other.', 'They sip coffee on the couch.', 'Ross and Rachel share a moment.', 'Coffee cups surround them.']",Night-night... Janice.
1132,690.358,tt0583619,687.959,"['Monica holds a cup while talking to Chandler.', 'Chandler listens to Monica as she sits on the couch.', 'Monica looks at Chandler while holding her cup.', 'Chandler sits next to Monica, focused on her words.', 'Monica talks to Chandler, cradling her cup.']",Look at all that room on her side.
1133,748.679,tt0583619,745.232,"['Chandler sits up in bed, looking around.', 'Chandler sits up straight, interacting with someone in bed.', 'Chandler sits up, looks around, and then sits up straight.', 'Chandler sits up, looks around, and interacts with someone in bed.', 'Chandler sits up, looks around, and sits up straight in bed.']",Chandler yanks his arm out from under Janice and she rolls off the bed.
1134,826.281,tt0583619,825.838,"['Malcolm kisses Phoebe.', 'Phoebe is kissed.', 'Malcolm leans in.', 'They share a kiss.', 'He kisses her.']",They kiss.
1135,829.627,tt0583619,826.825,"['Malcolm and Phoebe share a romantic kiss.', 'Phoebe leans in to kiss Malcolm tenderly.', 'Malcolm and Phoebe lock lips in a passionate kiss.', 'Phoebe and Malcolm exchange a romantic smooch.', 'The couple shares a loving kiss, their lips touching.']","At Monica and Rachel's, Chandler watches Joey eat jam."
1136,831.139,tt0583619,829.909,"['Phoebe kisses Joey while drinking.', 'Joey drinks while being kissed by Phoebe.', 'Phoebe kisses Joey as he sips.', 'Joey takes a sip during a kiss.', 'Phoebe and Joey share a kiss and a drink.']",Joey offers him a spoonful.
1137,835.13,tt0583619,834.383,"['Chandler points at Joey.', 'Joey looks at the paper.', 'Chandler holds a paper.', 'Joey sips beer.', ""Chandler points at Joey's beer.""]",Joey nods.
1138,887.745,tt0583619,885.043,"['Rachel looks at Monica while she reads a paper.', 'Ross eats a sandwich while looking at Monica.', 'Monica reads a paper as Rachel observes her.', 'Rachel watches Monica read a paper.', 'Ross and Rachel both look at Monica reading a paper.']","Joey holds up a jam-covered cracker, then eats it."
1139,907.902,tt0583619,904.559,"['Chandler eats a piece of meat while Ross looks at something.', 'Ross sits and gazes at something as Joey and Chandler interact.', 'Joey and Ross look at Chandler as he enjoys his meat.', 'Chandler and Ross engage in a silent conversation as Joey sits nearby.', 'Chandler munches on meat while Ross and Joey exchange glances.']",The group slowly turns to the oblivious Joey eating jam crackers.
1140,922.995,tt0583619,921.055,"['Ross holds a paper, walking towards Monica and Rachel.', 'Ross approaches Monica and Rachel, holding a paper.', 'Ross walks towards Monica and Rachel, paper in hand.', 'Ross holds a paper, walking towards them.', 'Ross approaches, holding a piece of paper.']",He examines the bio and smiles.
1141,1033.533,tt0583619,1031.072,"['Janice stands in front of the bar counter.', 'Rachel Green stands in front of the bar counter.', 'Janice looks at Rachel Green.', 'Rachel Green looks at Janice.', 'Janice and Rachel Green face each other at the bar counter.']","Rachel stares off, then turns to Janice."
1142,1049.855,tt0583619,1047.034,"['Janice talks to Rachel, who looks at her.', 'Rachel faces Janice, who is speaking to her.', 'Janice converses with Rachel, who listens intently.', 'Janice addresses Rachel, who focuses on her.', 'Rachel listens to Janice, who is speaking to her.']",A subway rumbles by as Malcolm arrives at the station.
1143,1051.274,tt0583619,1050.395,"['He walks down stairs.', 'Train passes by him.', 'He descends stairs slowly.', 'Train rushes by station.', 'He takes the stairs.']",Phoebe tails him.
1144,1060.897,tt0583619,1058.037,"['Phoebe walks down the stairs, reading a newspaper.', 'Phoebe walks past a man reading a newspaper, looking at him.', 'Phoebe reads a newspaper and glances at a man doing the same.', 'Phoebe walks down the stairs, reading a newspaper, and notices a man.', 'Phoebe reads a newspaper, passing by a man reading his own.']",He buys a newspaper at a stand and reads as he walks.
1145,1063.738,tt0583619,1061.497,"['Phoebe Buffay walks in the subway station, reading a newspaper.', 'Phoebe Buffay reads a newspaper while walking in the subway station.', 'Phoebe Buffay walks and reads a newspaper in the subway station.', 'Phoebe Buffay reads a newspaper while walking in the subway station, surrounded by people.', 'Phoebe Buffay walks and reads a newspaper in the subway station, surrounded by people.']",Phoebe hides behind pillars as she follows.
1146,1073.201,tt0583619,1070.0,"['Malcolm walks and reads the newspaper, while Phoebe throws trash away.', 'Phoebe tosses trash in the can as Malcolm reads the newspaper nearby.', 'Malcolm looks at Phoebe as she throws away trash while reading the newspaper.', 'Phoebe walks and throws away trash, with Malcolm reading the newspaper in the background.', 'Malcolm reads the newspaper as Phoebe walks by, throwing trash in the can.']","One pillar has a trash can beside it, so she dodges around it."
1147,1077.502,tt0583619,1073.94,"['Malcolm walks past a trash can, followed by Phoebe Buffay, who looks at him.', 'Phoebe Buffay looks at Malcolm as he walks by a trash can.', 'Malcolm and Phoebe Buffay pass a trash can, with Phoebe giving him a glance.', 'Phoebe Buffay glances at Malcolm as he walks past a trash can.', ""Malcolm walks by a trash can, catching Phoebe Buffay's attention.""]","Malcolm switches directions, and Phoebe ducks behind the trash can."
1148,1083.302,tt0583619,1082.102,"['Phoebe falls into a trash can.', 'Malcolm looks at Phoebe in shock.', 'Phoebe tumbles into a trash can.', 'Malcolm sees Phoebe in the trash.', 'Phoebe lands in a trash can.']",She leans on the trash can.
1149,1092.524,tt0583619,1090.384,"['Phoebe hands trash to Malcolm, a gesture of goodwill.', ""Malcolm receives trash from Phoebe's outstretched hand."", 'Phoebe picks up trash, then hands it to Malcolm.', 'Malcolm takes trash from Phoebe, a brief exchange.', 'Phoebe hands trash to Malcolm, a small act of kindness.']",She grabs a half-eaten sandwich from the trash.
1150,1113.376,tt0583619,1109.094,"['Malcolm reads a paper, then looks at Phoebe before tossing it in the trash.', 'Phoebe walks away as Malcolm reads a paper and then discards it.', 'Malcolm reads a paper, looks at Phoebe, and then throws it away.', 'Malcolm reads a paper, glances at Phoebe, and then disposes of it in the trash.', 'Malcolm reads a paper, looks at Phoebe, and then throws it in the trash can.']",He spots Ursula walking through the station in a black dress and ducks behind a pillar.
1151,1257.012,tt0583619,1255.951,"['Joey smiles at Monica.', 'Monica speaks to Joey.', ""Joey's arm in a cast is shown."", 'Monica and Joey chat.', 'Joey holds a glass of water.']",Joey smiles at her.
1152,1259.735,tt0583619,1257.613,"['Monica looks at Joey as they converse.', 'Joey listens to Monica as she speaks.', 'Monica talks to Joey, who faces her.', 'Monica and Joey engage in a conversation.', 'Monica and Joey sit together, discussing something.']",Monica drops her gaze as her face falls.
1153,1269.803,tt0583619,1268.382,"[""Monica looks at Joey's neck brace."", 'Joey holds a plate and napkin.', ""Monica examines Joey's injury."", 'Joey stares at the table.', ""Monica focuses on Joey's neck brace.""]",She pushes the papers aside.
1154,1275.948,tt0583619,1272.845,"['Joey hugs Monica as she sits at the table.', 'Monica sits at the table as Joey wraps his arms around her.', 'Joey gives Monica a hug as she sits down.', 'Monica sits at the table, and Joey approaches her for a hug.', 'Joey hugs Monica as she takes a seat at the table.']",Joey stands behind her and gives her a hug with his good arm.
1155,1279.49,tt0583619,1276.608,"['Monica sits at the table as Joey walks away with a paper.', 'Joey picks up a paper and walks away from Monica.', 'Monica looks at Joey as he holds a piece of paper.', 'Joey walks away with a paper, leaving Monica at the table.', 'Joey takes a paper and exits, leaving Monica sitting alone.']","He kisses her head, then glances at the papers on the table."
1156,1289.317,tt0583619,1288.437,"['Joey kisses Monica repeatedly.', 'Monica turns away from Joey.', 'Joey leans over Monica.', ""Joey kisses Monica's cheek."", 'Joey persists in kissing Monica.']",He hugs her again.
1157,1293.3,tt0583619,1289.797,"['Joey hugs Monica from behind while she sits at a table with a glass of water.', 'Monica sits at a table with a glass of water as Joey stands behind her, hugging her.', 'Joey stands up and hugs Monica from behind as she sits at a table with a glass of water.', 'Joey hugs Monica from behind while she sits at a table with a glass of water nearby.', 'Monica sits at a table with a glass of water as Joey approaches her, hugging her from behind.']","Executive Producers Kevin S. Bright, Marta Kaufman, and David Crane."
1158,547.962,tt0583629,547.381,"['Phoebe strums guitar.', 'Phoebe plays guitar.', 'Phoebe gives thumbs up.', 'Phoebe looks at Rachel.', 'Phoebe plays and smiles.']",Joey nods.
1159,552.025,tt0583629,548.462,"['Phoebe plays the guitar, then gives it to Rachel, who puts it on the table.', 'Rachel takes the guitar Phoebe hands her and places it on the table.', 'Phoebe hands Rachel the guitar, which she then sets down.', 'Rachel receives the guitar from Phoebe and sets it on the table.', 'Phoebe passes the guitar to Rachel, who puts it on the table.']","At Central Perk, Phoebe checks her beeper and turns to Joey and Rachel."
1160,562.554,tt0583629,561.432,"['Rachel stands up, walks away.', 'Joey sits on the couch.', 'Rachel looks at Joey, walks away.', 'Rachel gets up, leaves the snack.', 'Rachel walks away from the couch.']",They follow her to the phone.
1161,587.683,tt0583629,586.681,"['Rachel hugs Joey tightly.', 'Joey wraps his arms around Rachel.', 'Phoebe talks on the phone.', 'Rachel and Joey hold hands.', 'Joey hugs Rachel warmly.']",Joey and Rachel hug.
1162,594.75,tt0583629,594.169,"['Phoebe talks on phone.', 'Joey watches Phoebe.', 'Rachel and Joey stare.', 'Phoebe holds phone.', 'They watch her.']",Joey nods.
1163,605.316,tt0583629,604.836,"['Phoebe talks to them.', 'Rachel and Joey laugh.', 'Phoebe holds the microphone.', 'They share a laugh.', 'Rachel laughs loudly.']",She hangs up.
1164,643.052,tt0583629,640.089,"['Phoebe gestures with her hands as she talks to Rachel at a counter.', 'Rachel listens attentively as Phoebe speaks, standing in front of a counter.', 'Phoebe talks to Rachel, who looks at her, near a counter.', 'Rachel stands at a counter as Phoebe converses with her.', 'Phoebe and Rachel engage in a conversation near a counter.']","At Chandler's, he and Janice eat dinner at the foosball table."
1165,658.935,tt0583629,654.55,"['Janice opens a gift box, taking out a piece of cake and eating it as Chandler watches.', 'Chandler observes Janice open a gift box and indulge in a piece of cake.', 'Janice enjoys a slice of cake from a gift box as Chandler sits across from her.', 'Janice eats a piece of cake from a gift box while Chandler looks on.', 'Chandler watches as Janice opens a gift box and takes a bite of cake.']",He hands her a gift box and she opens it to find a roll of decorative paper.
1166,676.297,tt0583629,674.655,"['Chandler reaches for a gift box.', 'Janice opens the gift box.', ""Chandler looks at Janice's gift."", 'Janice examines the gift box contents.', 'Chandler and Janice focus on the gift box.']",He puts a wooden drawer on the table.
1167,793.244,tt0583520,790.483,"['Phoebe looks at Frank Jr. while on the phone.', 'Frank Jr. sits on the couch listening to Phoebe talk.', 'Phoebe talks on the phone with Frank Jr. nearby.', 'Frank Jr. sits on the couch as Phoebe chats on the phone.', 'Phoebe converses on the phone with Frank Jr. present.']","She looks to Frank, who stares off with his mouth open."
1168,880.663,tt0583520,878.662,"[""Chandler holds a paper for Rachel's view."", 'Rachel holds up her hand to Chandler.', 'Chandler stands before Rachel, holding a paper.', 'Chandler shows Rachel something on the paper.', ""Rachel raises her hand to Chandler's offered paper.""]",She blocks Chandler and leads him away.
1169,881.844,tt0583520,881.203,"[""Ross looks at Rachel's book."", 'Rachel reads on quietly.', 'Ross walks away slowly.', 'Rachel stays focused.', 'Ross glances at book.']",Ross enters.
1170,892.428,tt0583520,890.807,"[""Ross holds a paper for Joey's view."", ""Joey listens to Ross's words."", 'Ross shows Joey a piece of paper.', 'Ross talks to Joey, holding paper.', 'Joey stands near Ross, looking at paper.']",His list is on a laminated card.
1171,920.578,tt0583520,917.856,"['Rachel looks at her phone, while Monica talks to her.', 'Joey talks to Ross, as Monica chats with Rachel.', 'Ross and Joey converse, while Rachel checks her phone.', 'Monica and Rachel discuss something, while Ross talks to Joey.', 'Rachel examines her phone, as Ross and Joey engage in conversation.']","Rachel, Joey, and Monica turn to him, confused."
1172,933.528,tt0583520,927.924,"['Rachel holds hands with Monica, standing beside a table with a glass of water, as Ross talks to her.', 'Monica stands next to a table with a glass of water, as Ross talks to Rachel, who holds hands with her.', 'Ross talks to Rachel, who holds hands with Monica, as they stand near a table with a glass of water.', 'Monica and Rachel, holding hands, stand beside a table with a glass of water, as Ross converses.', 'Rachel and Monica, holding hands, stand near a table with a glass of water, as Ross engages in conversation.']","Wrapped in a towel, Frank winces as a masseuse twists his arm behind his back and leads him to Phoebe."
1173,973.161,tt0583520,972.28,"['Phoebe points at Frank Jr.', 'Frank Jr. covers his chest.', 'Phoebe points at Frank Jr.', 'Phoebe points at Frank Jr.', 'Phoebe points at Frank Jr.']",She smacks him.
1174,216.255,tt0583606,214.894,"['Monica enters with a laundry basket.', ""Chandler looks at Monica's laundry basket."", 'Monica walks into the room with laundry.', 'Chandler sees Monica with a laundry basket.', 'Monica carries a laundry basket in.']",Monica returns with laundry.
1175,255.688,tt0583606,253.846,"['Monica holds a towel and bag while looking at Ross.', 'Ross talks to Monica while she holds a towel and bag.', 'Monica and Ross interact, with her holding a towel and bag.', 'Monica holds a towel and bag, gazing at Ross.', 'Ross engages with Monica, who holds a towel and bag.']",Gemma interviews a long-haired man.
1176,335.332,tt0583606,331.952,"['Joey speaks to Chandler, who holds a cup and listens attentively.', 'Chandler holds a cup while Joey converses with him.', 'Joey engages in a conversation with Chandler, who holds a cup.', 'Joey talks to Chandler, who is focused on him with a cup nearby.', 'Chandler listens to Joey as he speaks, holding a cup in his hand.']",Chandler tilts his head.
1177,352.997,tt0583606,351.397,"['Monica walks down the stairs.', 'Joey stands in the hallway.', 'Monica looks at Joey.', 'Monica descends the stairs.', 'Monica approaches Joey in the hall.']",Monica eyes Joey with a grin.
1178,359.939,tt0583606,357.578,"['Chandler points at Joey as they walk together.', 'Joey wears a black vest as he walks with Chandler.', 'Chandler holds a pen and notebook as they stroll.', 'Monica walks alongside Chandler and Joey, wearing a red tank top.', 'Chandler and Joey glance at each other as they move forward.']","He checks her out, then heads down the stairs."
1179,363.359,tt0583606,360.639,"['Monica holds a black handbag while talking to Chandler.', 'Chandler stands and talks to Monica, who holds a handbag.', 'Monica and Chandler face each other, discussing something.', 'Monica holds a black handbag as she converses with Chandler.', 'Chandler and Monica stand together, engaged in a conversation.']","Monica mouths, oh my God, at Chandler."
1180,368.22,tt0583606,364.379,"['Monica sits at a table, looking at Chandler as he stands beside her, while a man approaches.', 'Chandler stands next to Monica at a table, looking at her, as a man in a blue shirt walks towards them.', 'Monica and Chandler sit at a table, with Monica looking at him, as a man in a blue shirt approaches.', 'A man in a blue shirt walks towards Monica and Chandler, who sit at a table with Monica looking at Chandler.', 'Monica and Chandler sit at a table, with Chandler looking at Monica, as a man in a blue shirt approaches them.']","At night, Chandler arrives at a bar and finds Monica sitting at the counter."
1181,433.504,tt0583606,432.423,"['Rachel takes a sip of her drink.', 'Betsy looks at her phone, then puts it down.', 'Rachel takes another sip of her drink.', 'Rachel looks at Betsy, then takes a sip.', 'Rachel and Betsy sit, sipping drinks.']",Her two friends smirk.
1182,452.067,tt0583606,449.205,"['Rachel looks at Chandler, who looks at Betsy, near a wine glass.', 'Chandler and Rachel glance at each other, with a pool table nearby.', 'Rachel talks to Chandler, who also talks to Betsy, with a wine glass present.', 'Rachel and Chandler engage in conversation, near a pool table and wine glass.', 'Chandler and Rachel converse, with Betsy involved, near a wine glass and pool table.']",She flings out her left hand and Chandler glances over.
1183,433.54,tt0583637,432.439,"['Joey turns to the class again.', 'Joey addresses the class repeatedly.', 'Joey speaks to the students.', 'Joey turns to the students again.', 'Joey faces the class once more.']",He widens his eyes.
1184,453.789,tt0583637,450.707,"['Joey walks towards the door and opens it to talk to someone.', 'Joey stands in front of a blackboard before walking towards the door.', 'Joey walks in and opens the door to have a conversation.', 'Joey walks to the door, opens it, and steps inside.', 'Joey opens the door and steps in to talk to someone.']","Now, Joey finds Phoebe in Rachel and Monica's kitchen."
1185,485.034,tt0583637,483.152,"['Joey holds a beer bottle with Phoebe.', 'Phoebe holds a beer bottle as others enter.', 'Joey and Phoebe sit with a beer bottle.', 'A couple enters the room with Joey and Phoebe.', 'Joey and Phoebe chat with a new couple.']",Phoebe opens the door to a delivery man.
1186,508.388,tt0583637,507.408,"['Phoebe holds a notebook.', 'Joey crosses his arms.', 'Phoebe and Joey hold beers.', 'Phoebe talks to Joey.', 'They both hold beers.']",The man steps out.
1187,537.833,tt0583637,535.071,"['Phoebe punches Joey, who retaliates with a punch back.', 'Joey and Phoebe exchange punches, their faces inches apart.', 'Phoebe and Joey engage in a brief, intense physical altercation.', ""Joey and Phoebe's faces lock in a fierce stare before they punch each other."", 'The two friends exchange blows, their eyes locked in a fierce stare.']","He playfully swipes her arm, and she punches his nose."
1188,547.307,tt0583637,546.386,"['Joey holds a microphone.', 'Joey speaks to her.', 'Joey stands with a microphone.', 'She holds a microphone too.', 'They both speak on mics.']",He holds his nose.
1189,555.615,tt0583637,554.434,"['Joey dances with Ross behind him.', ""Ross joins Joey's dance party."", 'Joey and Ross boogie in the living room.', 'Ross dances alongside Joey in the living room.', 'Joey and Ross dance together in the room.']",She leads him to the fridge.
1190,568.15,tt0583637,562.946,"['Ross and Leonard converse while Rachel observes, standing next to them.', 'Rachel watches Ross and Leonard chat, her eyes fixed on them.', 'Leonard and Ross discuss something, with Rachel standing nearby, looking at them.', 'Ross and Leonard have a conversation, with Rachel standing close by, observing.', 'Rachel stands beside Ross and Leonard, watching as they talk to each other.']","While she and Joey are occupied in the kitchen, two guys bring in the race car bed."
1191,570.752,tt0583637,569.111,"['Ross and Leonard dance together.', 'Rachel dances alone in the living room.', 'Ross and Leonard dance in unison.', 'The trio dances in the living room.', 'Rachel and the guys dance together.']",Rachel and Ross wait in a restaurant.
1192,589.929,tt0583637,586.607,"['Ross, Rachel, and Leonard sit down at a table together.', 'Rachel joins Ross and Leonard at the table, where they sit down.', 'Leonard sits down at the table with Ross and Rachel.', 'Ross, Rachel, and Leonard all sit down at a table.', 'The three of them sit down at a table, including Ross, Rachel, and Leonard.']","Ross tries to return to his seat, but Dr. Green takes it."
1193,605.456,tt0583637,602.835,"['Ross looks at Leonard, who wipes his mouth with a napkin.', 'Leonard holds a napkin, wiping his mouth as Ross observes him.', 'Ross examines Leonard, who is holding a napkin to his mouth.', ""Leonard wipes his mouth with a napkin, drawing Ross's attention."", 'Ross and Leonard interact, with Leonard wiping his mouth with a napkin.']",Dr. Green eyes him and shakes out his napkin.
1194,617.602,tt0583637,613.899,"['Rachel looks at Ross as he talks to Leonard at the table.', 'Ross and Leonard engage in conversation at the table, with Rachel observing.', 'Ross and Leonard sit at a table, with Rachel watching them.', ""Leonard and Ross converse at a table, with Rachel's attention on them."", 'Ross, Leonard, and Rachel are seated at a table, with the glasses and food nearby.']",Rachel hides an uncomfortable smile as her dad glares at Ross.
1195,641.643,tt0583637,639.701,"['Ross talks to Leonard while Rachel looks on.', 'Leonard writes as Ross speaks to Rachel.', 'Rachel watches Ross and Leonard at the table.', 'Ross converses with Leonard, with Rachel nearby.', 'Leonard takes notes as Ross and Rachel sit.']",He throws his hands up apologetically.
1196,655.435,tt0583637,652.913,"['Ross looks at Leonard as he writes on paper.', 'Leonard writes on paper while Ross holds a cup.', 'Ross observes Leonard writing on a piece of paper.', 'Leonard writes as Ross holds a cup nearby.', 'Ross watches Leonard scribble on a piece of paper.']",Dr. Green pauses to look up from his checkbook.
1197,669.722,tt0583637,665.481,"['Rachel covers her mouth with her hand as Ross looks at her.', 'Ross looks at Rachel as she covers her mouth with her hand again.', ""Ross's gaze follows Rachel as she covers her mouth with her hand."", 'Rachel and Ross share a moment as she covers her mouth with her hand.', 'Ross observes Rachel, who covers her mouth with her hand, sitting amidst a table with flowers.']","He and Rachel share a chuckle, and Dr. Green takes off his glasses and stands up."
1198,678.965,tt0583637,676.664,"['Ross looks at the woman across from him, fork in hand.', 'Ross eats with a fork, gazing at the woman.', 'Ross sits with a plate and cup, eyeing the woman.', ""Ross holds a fork, his attention on the woman's face."", ""Ross eats, his gaze lingering on the woman's across from him.""]",Ross pretends to stab himself with a butter knife.
1199,724.005,tt0583637,720.263,"['Ross helps Leonard put on his jacket, clapping his hands in the process.', 'Leonard receives assistance from Ross, who helps him into his jacket.', 'Ross assists Leonard in putting on his jacket, clapping his hands as he does so.', ""Leonard's jacket is put on with the help of Ross, who claps his hands afterwards."", 'Ross claps his hands as he helps Leonard put on his jacket.']","As Dr. Green and Rachel start off, Ross slips cash onto the table."
1200,737.752,tt0583637,735.751,"['Ross talks to Leonard, who checks his watch.', 'Leonard looks at his watch as Ross speaks.', 'Ross chats with Leonard, who glances at his watch.', 'Leonard checks his watch while Ross continues talking.', 'Leonard looks at his watch as Ross discusses with him.']",Dr. Green steps back over to the table.
1201,780.303,tt0583637,778.101,"['Rachel looks at Ross as he speaks to Leonard.', 'Ross talks to Rachel and Leonard, who looks at him.', 'Ross addresses Rachel and Leonard, who gaze at him.', 'Leonard looks at Ross as he speaks to Rachel.', 'Ross speaks to Rachel and Leonard, who watch him.']",He rips up the check and throws it at Ross.
1202,785.128,tt0583637,783.746,"['Ross looks at Rachel.', 'Rachel stands beside Ross.', 'Ross gazes at Rachel.', 'Ross wears a suit.', 'Rachel wears a white coat.']",In Joey's class...
1203,801.727,tt0583637,800.33,"['Joey turns to the right.', 'Joey interacts with the class.', 'Joey speaks to the class.', 'Joey faces the class.', 'Joey addresses the class.']",A guy scribbles down notes.
1204,816.195,tt0583637,813.961,"['Joey moves his hands as he speaks.', 'Joey gestures while looking directly at the viewer.', ""Joey's hands are in motion as he addresses the camera."", ""Joey's hands wave as he talks to the audience."", ""Joey's hands move in sync with his words.""]",He lifts one eyebrow with a slight smirk.
1205,829.186,tt0583637,826.652,"['Joey gestures with his hands while talking to others.', 'Joey talks and gestures with his hands to the people.', ""Joey's hands move as he talks to the group."", 'Joey talks and uses hand movements with the crowd.', ""Joey's hands gesticulate as he converses with the group.""]",He furrows his brow with his lips slightly parted.
1206,842.337,tt0583637,841.279,"['Joey stands up talking to him.', 'Joey talks to him standing.', 'He walks up to Joey.', 'Joey stands up to him.', 'He approaches Joey standing.']",The note-taking student
1207,913.724,tt0583637,912.366,"['Phoebe Buffay talks to someone.', 'Phoebe Buffay engages in conversation.', 'Phoebe Buffay chats with another.', 'Phoebe Buffay discusses with someone.', 'Phoebe Buffay converses with another person.']",She runs into Monica's room.
1208,971.558,tt0583637,967.348,"['Rachel enters the room, and Ross hugs her, standing near the red car bed.', 'Ross hugs Rachel, and she talks to Monica, standing near the red car bed.', 'Ross hugs Rachel, and she enters the room, with Monica nearby.', 'Rachel enters the room, and Ross hugs her, with Monica present.', 'Ross hugs Rachel, who enters the room, with Monica in the background.']","Now, Phoebe positions a screen in front of the race car bed as Monica returns."
1209,1003.089,tt0583637,1001.89,"['Phoebe gestures to Monica.', 'Monica listens to Phoebe.', 'Phoebe talks to Monica.', 'Phoebe looks at Monica.', 'Phoebe talks with hands.']",Monica narrows her eyes.
1210,1043.134,tt0583637,1042.196,"['Chandler and Monica look at Phoebe.', 'Phoebe sits on the red car bed.', 'Chandler and Monica gaze at Phoebe.', 'Phoebe sits on the red car bed.', 'Chandler and Monica stare at Phoebe.']",Monica cringes.
1211,1047.689,tt0583637,1046.65,"['Monica and Chandler stand near.', 'Phoebe sits on the bed.', 'Monica and Chandler face her.', 'Phoebe laughs with them.', 'They stand by the car bed.']",She pretends to cry.
1212,1049.267,tt0583637,1048.268,"['Phoebe sits on a red bed.', 'Chandler stands next to Phoebe.', 'Monica stands behind Phoebe and friends.', 'Phoebe and friends sit together.', 'Three friends sit on a red bed.']",Joey with his student.
1213,1082.605,tt0583637,1078.349,"['Joey holds his hand to his mouth and looks to his left.', ""Joey's hand covers his mouth as he glances to his left."", 'Joey holds his hand over his mouth and turns his head.', ""Joey's hand is pressed to his mouth as he looks to his left."", 'Joey covers his mouth with his hand and looks in a certain direction.']","Joey considers, then does his evil smirk at the cafe."
1214,133.569,tt0583609,131.76,"['Ross looks at Rachel as she talks.', 'Rachel talks to Ross as he sips coffee.', 'Ross gazes at Rachel over a cup.', 'Rachel and Ross converse with cups nearby.', 'Ross focuses on Rachel as she speaks.']","At Central Perk, Ross gets a snack."
1215,142.177,tt0583609,140.785,"['Ross looks at the other person.', 'Ross faces another person with cups.', 'Ross gazes at the other person.', 'Ross sits with the other characters.', 'Ross talks with cups nearby.']",Phoebe bites an apple.
1216,145.017,tt0583609,143.865,"['Phoebe puts down the apple.', 'Phoebe holds an apple briefly.', 'Phoebe talks to someone.', 'Phoebe takes a bite.', 'Phoebe sets down the apple.']",She resignedly gives up.
1217,161.347,tt0583609,159.916,"['Rachel holds an apple, talking to friends.', 'Joey gestures, chatting with Rachel and others.', 'Phoebe sits, discussing with Rachel, Joey, and Monica.', 'Dr. Ross stands, conversing with the group.', 'Friends chat, surrounded by coffee table and bookshelf.']",Monica and Joey step inside.
1218,165.32,tt0583609,164.246,"['Phoebe sits on the couch.', 'Ross stands behind Phoebe.', 'Monica joins Phoebe on the couch.', 'Rachel sits with Phoebe and Monica.', 'Phoebe, Monica, and Rachel chat.']",Ross checks his pockets.
1219,228.119,tt0583609,226.351,"['Phoebe walks away from the camera.', 'Phoebe walks away.', 'Phoebe exits.', 'Phoebe leaves.', 'Phoebe steps away.']",She rushes out as Ross sends a call.
1220,258.354,tt0583609,255.969,"['Monica and Rachel point at something on the couch.', 'Monica and Rachel look at each other and point.', 'Ross stands and talks as Monica and Rachel point.', 'Monica and Rachel sit on the couch, pointing up.', 'Ross talks while Monica and Rachel point at something.']","Behind Rachel's back, Monica shakes her head."
1221,267.809,tt0583609,265.607,"['Monica and Rachel sit on the couch together.', 'Monica and Rachel gaze at each other on the couch.', 'Monica and Rachel sit side by side on the couch.', 'Rachel and Monica share a glance on the couch.', 'Monica and Rachel sit together on the green couch.']",Monica gives him an exaggerated thumbs up.
1222,318.087,tt0583609,316.626,"['Monica throws baby to Rachel.', 'Rachel catches and holds the baby.', 'Monica tosses, Rachel catches baby.', 'Rachel holds baby in her arms.', 'Monica throws, Rachel catches baby.']",She whacks his head on a post.
1223,397.22,tt0583609,394.62,"['Monica looks at the street, while Rachel gazes at her.', 'Rachel focuses on Monica, standing in front of the building.', 'Monica and Rachel stand before the building, both looking.', 'Monica takes in the street view, as Rachel watches her.', ""Rachel's eyes are fixed on Monica, near the building's entrance.""]",Joey and Chandler walk down a city sidewalk.
1224,399.341,tt0583609,397.901,"['Monica and Rachel gaze at the window display.', 'Monica and Rachel share a look.', 'Rachel and Monica examine the window display.', 'Monica and Rachel admire the window display.', 'Monica and Rachel stand outside a building.']",Chandler looks into a shop window.
1225,403.914,tt0583609,402.434,"['Joey points at jewelry store window.', 'Chandler looks at jewelry display.', 'Joey and Chandler gaze at window.', 'They stroll by jewelry store.', 'Joey and Chandler window shop.']",He points to a jewelry display.
1226,485.682,tt0583609,483.132,"['Chandler looks at Joey.', 'Joey and Chandler stand and talk to each other.', 'Chandler and Joey converse.', 'Joey and Chandler stand together.', 'Chandler and Joey stand facing each other.']","Chandler steps back, his lips trembling."
1227,503.528,tt0583609,501.223,"['Joey and Chandler stand, looking at each other.', 'Chandler and Joey face each other, speaking.', 'Joey and Chandler stand, having a conversation.', 'Chandler and Joey stand, engaged in a discussion.', 'Joey and Chandler stand, talking together.']","Shifting his weight, Chandler looks away."
1228,510.056,tt0583609,507.873,"['Joey looks at Chandler with a smile.', 'Chandler gazes at Joey with a glance.', 'Joey and Chandler stare at each other.', 'Chandler looks at Joey with a glance.', 'Joey and Chandler look at each other.']","Now, Ben wears the bear's hat and coat."
1229,535.481,tt0583609,534.146,"['Phoebe walks away from the phone.', 'Phoebe talks on the phone then walks.', 'Phoebe hangs up and leaves.', 'Phoebe answers the phone and steps.', 'Phoebe ends the call and goes.']",She walks off with the phone.
1230,572.363,tt0583609,571.089,"['Monica stands up and points at the table.', 'Monica walks away from the table and Rachel.', 'Monica points at the table to Rachel.', 'Monica stands and gestures to the table.', 'Monica walks away, pointing at the table.']",She hits her head on the wall.
1231,581.546,tt0583609,580.96,"['Monica bends, laughing.', 'Rachel stands, laughing with Monica.', 'Monica and Rachel laugh near the fridge.', 'Monica leans, Rachel beside her.', 'Rachel and Monica laugh together.']",She joins her.
1232,597.195,tt0583609,593.476,"['Rachel walks into the room, her yellow raincoat standing out, while Chandler reads a book.', 'Chandler sits reading a book, while Rachel enters the room, her bright yellow raincoat visible.', 'Rachel enters the room, wearing a yellow raincoat, as Chandler sits reading a book.', 'Rachel walks into the room, wearing a yellow raincoat, while Chandler sits with a book.', 'Rachel, wearing a bright yellow raincoat, enters the room, where Chandler sits reading a book.']","Across the hall, Chandler sits in a recliner and stares at the door."
1233,600.875,tt0583609,597.782,"['Monica walks into the room, followed by Rachel and Janice, as Chandler reads a book.', 'Chandler looks up from his book as Monica and Rachel enter the room, followed by Janice.', 'Monica, Rachel, and Janice enter the room, while Chandler remains seated, reading a book.', 'Rachel and Janice enter the room, followed by Monica, as Chandler reads a book.', 'Chandler reads a book as Monica, Rachel, and Janice enter the room, greeting him.']",He violently pages through a book until Janice arrives.
1234,607.262,tt0583609,606.413,"['Chandler turns around.', 'Janice enters the room.', 'Janice looks at Chandler.', 'Chandler turns around to her.', 'Janice approaches him.']",He stands.
1235,685.134,tt0583609,684.245,"['Janice holds a bag.', 'Chandler stands before her.', 'Janice looks at Chandler.', 'Chandler gazes at Janice.', 'Janice holds a paper bag.']",She shakes her head.
1236,689.493,tt0583609,688.403,"['He looks at her.', 'She holds a paper bag.', 'He stands before her.', 'She holds a paper bag up.', 'He faces her with a bag.']",She shakes her head again.
1237,697.021,tt0583609,694.438,"['Chandler looks at the woman holding a paper bag.', 'Chandler observes the woman with a paper bag in front of her mouth.', 'The woman holds a paper bag, and Chandler watches.', 'Chandler stares at the woman holding a paper bag.', 'The woman holds a paper bag, with Chandler looking on.']","Still holding the bag to her mouth, she nods."
1238,700.19,tt0583609,699.584,"['Chandler takes bag.', 'Chandler looks at her.', 'Chandler removes bag.', 'He takes away bag.', 'Chandler gets bag.']",She nods.
1239,703.278,tt0583609,702.43,"['Chandler speaks to her.', 'She holds paper bag.', 'Chandler talks to her.', 'She muffles her voice.', 'Chandler addresses her.']",He grabs the bag.
1240,718.988,tt0583609,716.0,"['Janice holds a brown bag, looking at Chandler, as Phoebe enters with a drink.', 'Chandler stands next to Janice, who covers her mouth, as Phoebe enters the room.', 'Phoebe enters the room, holding a drink, as Janice looks at Chandler, who stands beside her.', 'Janice covers her mouth, looking at Chandler, as Phoebe enters with a drink in hand.', 'Phoebe enters the room, while Janice holds a brown bag, gazing at Chandler.']",Chandler and Janice gape as she storms out.
1241,772.183,tt0583609,770.83,"['Ross sits down with Monica.', 'Monica laughs with Ross.', 'Ross talks to Monica.', 'Ross joins Monica in the room.', 'Ross sits with Monica laughing.']",He crouches beside his son.
1242,787.707,tt0583609,786.314,"['Monica holds a cup, laughing at Ross.', 'Ross looks at Monica, talking to her.', 'Monica laughs, looking at Ross.', 'Ross talks to Monica, holding her gaze.', 'Monica and Ross engage in a lively conversation.']",Phoebe runs over with the phone.
1243,795.529,tt0583609,793.45,"['Ross looks at Phoebe on the couch.', 'Phoebe stands up, talking to Ross on the couch.', 'Joey stands up, near Phoebe and Ross on the couch.', 'Phoebe talks to Ross, who looks at her.', 'Ross and Phoebe sit on the couch, Joey nearby.']",She dances as Joey peers out the window.
1244,803.222,tt0583609,801.041,"['Phoebe looks at Joey holding a cup outside.', 'Joey holds a cup while looking outside.', 'Phoebe looks at Joey holding a cup.', 'Joey gazes out the window with a cup.', 'Phoebe and Joey share a moment outside.']",Phoebe rushes over to Joey.
1245,806.754,tt0583609,805.039,"['Joey looks at Phoebe by the window.', 'Phoebe and Joey gaze at each other.', 'Phoebe looks out the window, Joey nearby.', 'Joey stares at Phoebe near the window.', 'Phoebe and Joey share a quiet moment.']",Now they all look out the window.
1246,838.176,tt0583609,835.532,"['Monica looks on as Joey throws a dart at a dartboard.', 'Joey holds a dart and throws it at a dartboard.', 'Monica watches as Joey walks away after throwing a dart.', 'Joey walks away after throwing a dart at a dartboard.', 'Monica observes Joey as he throws a dart and then leaves.']","Across the hall, Chandler throws darts at a board."
1247,850.602,tt0583609,849.842,"['Joey throws a dart.', 'Chandler walks to the dartboard.', 'Chandler picks up the dart.', 'Chandler looks at Joey.', 'Joey throws, Chandler picks.']",He gathers them.
1248,860.267,tt0583609,858.826,"['Chandler throws a dart and takes it off.', 'Joey watches as Chandler throws a dart.', 'Chandler walks to the dartboard and takes the dart.', ""Joey observes Chandler's dart-throwing action."", 'Chandler walks and takes the dart from the board.']",He yanks the darts from the board.
1249,887.174,tt0583609,885.994,"['Chandler gestures to Joey.', 'Chandler speaks with hand gestures.', 'Chandler talks to Joey.', 'Joey watches Chandler gesture.', 'Chandler speaks animatedly with hands.']",Joey lifts his brows.
1250,893.398,tt0583609,891.977,"['Joey throws a dart at the board.', 'Chandler examines the dartboard closely.', 'Joey and Chandler look at the dartboard.', 'Joey throws a dart, then looks.', ""Chandler inspects the dartboard's target.""]",He flings the final darts.
1251,906.146,tt0583609,905.046,"['Joey stands by the dartboard.', 'Chandler points at the dartboard.', 'Chandler walks away from Joey.', 'Joey faces the dartboard.', 'Chandler gestures at the dartboard.']",He gathers the darts again.
1252,912.448,tt0583609,911.108,"['Joey stands in front of a couch.', 'Chandler sits on the couch.', 'Joey looks at Chandler.', 'Chandler is standing in front of a couch.', 'Joey and Chandler face each other.']",Joey picks up the chopsticks.
1253,929.614,tt0583609,927.833,"['Joey throws a pillow at Chandler, who falls.', 'Chandler falls to the floor after a pillow attack.', ""Joey's pillow sends Chandler tumbling to the floor."", 'Chandler gets up after a pillow fight with Joey.', ""Joey's pillow sends Chandler crashing to the floor.""]",Joey hits the floor to avoid the dart.
1254,934.311,tt0583609,932.81,"['Joey stands, facing Chandler on the couch.', 'Chandler sits on the couch, looking at Joey.', 'Joey talks to Chandler, who sits on the couch.', 'Joey looks at Chandler, who sits on the couch.', 'Chandler sits on the couch, with Joey nearby.']",Joey slowly gets to his feet.
1255,954.717,tt0583609,951.656,"['Joey holds a pack of cigarettes and looks at Chandler.', 'Chandler stands in front of Joey, who holds a pack of cigarettes.', 'Joey holds a pack of cigarettes as he gazes at Chandler.', 'Joey and Chandler face each other, Joey holding a pack of cigarettes.', 'Joey holds a pack of cigarettes, his eyes fixed on Chandler.']","With his hands on his hips, Chandler reluctantly nods."
1256,957.918,tt0583609,957.398,"['Joey walks towards Chandler.', 'Chandler turns to Joey.', 'Chandler and Joey face each other.', 'Joey approaches Chandler.', 'Chandler looks at Joey.']",He nods.
1257,965.73,tt0583609,963.448,"['Chandler looks at Joey while sitting.', 'Joey listens to Chandler standing.', 'Chandler stands, looking at Joey sitting.', 'Joey gazes at Chandler standing.', 'Chandler and Joey look at each other.']","Across the hall, Ross leaves Rachel's room."
1258,1026.893,tt0583609,1024.471,"['Ross and Rachel look at each other.', 'Rachel and Monica stand together, looking at Ross.', 'Ross and Monica gaze at each other.', 'Rachel and Monica chat near Ross.', 'Ross and Rachel share a moment, eye to eye.']",Rachel hides a smug.
1259,1049.496,tt0583609,1047.995,"['Monica holds a paper, discussing with Ross.', 'Ross listens as Monica speaks, holding a paper.', 'Monica stands, holding a paper, talking to Ross.', 'Ross listens intently as Monica holds a paper.', 'Monica talks, holding a paper, near Ross.']",She dashes into Rachel's room.
1260,1054.04,tt0583609,1053.119,"['Rachel bends to pick up a bag.', 'Ross looks at Rachel Green.', 'Rachel picks up a bag.', 'Ross observes Rachel.', 'Rachel gets a bag.']",Monica storms out.
1261,1061.186,tt0583609,1060.165,"['Monica slams Rachel onto the couch.', 'Monica and Rachel run into the kitchen.', 'Monica and Rachel exit the apartment.', 'Monica and Rachel rush out.', 'Monica slams Rachel onto the couch.']",He runs into a post.
1262,1069.994,tt0583609,1064.492,"['Ross and Janice look at each other, their faces inches apart.', ""Janice and Ross gaze into each other's eyes, their faces locked in a silent understanding."", ""Ross and Janice's eyes meet, their expressions unreadable as they stand face to face."", ""Janice and Ross's eyes hold each other's, their faces inches apart in a tense moment."", 'Ross and Janice stare at each other, their faces frozen in a silent, intense moment.']","At night, Chandler and Janice sit on the couch at Central Perk."
1263,1113.685,tt0583609,1110.884,"['Janice looks at Chandler as they converse.', ""Chandler listens to Janice's words."", 'Janice addresses Chandler with a gaze.', 'Janice speaks to Chandler with a direct look.', 'Janice and Chandler engage in a quiet conversation.']",Janice presses her lips together and shakes her head.
1264,1179.801,tt0583609,1178.921,"['Chandler speaks to Janice.', 'Janice responds to Chandler.', 'They converse with each other.', 'Chandler and Janice talk.', 'They engage in dialogue.']",Janice stands up.
1265,611.911,tt0583607,608.769,"['Green holds the ball and runs, with blue in pursuit.', 'Blue runs after green as they chase each other.', 'Green runs with the ball, and blue is hot on their heels.', 'Green holds the ball and sprints, with blue giving chase.', 'Blue dashes after green as they play a game of tag.']","He slaps the ball into Joey's stomach, and Joey doesn't flinch."
1266,630.338,tt0583607,627.677,"['Rachel hands the ball to Chandler, who runs with it.', 'Chandler runs with the ball, caught by Ross.', 'Rachel gives the ball to Chandler, who then hands it to Ross.', 'Chandler receives the ball from Rachel and hands it to Ross.', ""Ross catches the ball thrown by Chandler after Rachel's pass.""]","She bounces the ball off his head, and Chandler catches it."
1267,639.856,tt0583607,638.055,"['Ross throws a ball to Rachel, who catches it and throws it back.', 'Ross and Rachel engage in a back-and-forth ball toss.', 'Rachel and Ross play a game of catch, exchanging the ball several times.', 'Rachel and Ross continue to throw the ball to each other.', 'Ross and Rachel playfully exchange passes with the ball.']",Joey grabs the ball.
1268,644.557,tt0583607,640.336,"['Joey Tribbiani catches a ball and runs with it, then throws it to another player.', 'Joey Tribbiani takes the ball and runs with it before throwing it to a teammate.', 'Joey Tribbiani grabs the ball and runs with it, then throws it to another player.', 'Joey Tribbiani runs with the ball and throws it to a teammate after catching it.', 'Joey Tribbiani catches the ball and runs with it, before tossing it to another player.']","Chasing after him, Chandler grabs hold of Joey's jersey and tears it right off his back."
1269,651.438,tt0583607,650.338,"['Chandler holds football, Joey assists.', 'Ross holds football, Joey stands by.', 'Joey holds red cloth, they converse.', 'Ross holds football, Chandler nearby.', 'Chandler and Ross examine football.']",He holds up the ripped half.
1270,676.029,tt0583607,674.989,"['She throws the ball.', 'He catches the ball.', 'He throws to her.', 'She catches the pass.', 'They play catch.']",Phoebe catches it.
1271,717.885,tt0583607,717.304,"['Monica talks, Joey walks away.', 'Phoebe stands beside Monica.', 'Ross stands near Joey.', 'Rachel stands beside Phoebe.', 'Joey walks off.']",She kicks him.
1272,757.537,tt0583607,754.774,"['Ross holds a stuffed animal and looks at Monica.', 'Monica stands with her arms crossed as Ross holds a toy.', 'Ross gazes at Monica while holding a stuffed animal.', 'Ross holds a stuffed animal, focusing on Monica.', 'Ross looks at Monica, clutching a stuffed animal tightly.']","Back inside, she sets down a trophy and Ross picks it up."
1273,766.766,tt0583607,764.524,"['Phoebe talks to Chandler, who holds a bottle.', 'Monica approaches Chandler, who holds a bottle.', 'Rachel walks towards Chandler, who holds a bottle.', 'Joey stands next to Rachel, near a bottle.', 'Chandler holds a bottle, approached by friends.']",Ross gapes longingly at the troll doll trophy.
1274,198.205,tt0583474,196.864,"['Joey looks at Chandler.', 'Chandler looks at Joey.', 'Joey talks to Chandler.', 'Chandler listens to Joey.', 'Joey and Chandler face each other.']",He crouches down to Phoebe.
1275,320.68,tt0583474,319.26,"['Ross sits on the bed with Sarah.', 'Ross talks to Sarah on the bed.', 'Ross looks at Sarah on the bed.', 'Sarah sits up on the bed listening.', 'Ross and Sarah sit on the bed.']",She sighs down at her past.
1276,372.961,tt0583474,371.239,"['Ross looks directly at the camera.', 'Ross is talking to someone.', 'Ross looks straight at the audience.', 'Ross addresses the viewer directly.', 'Ross gazes directly into the lens.']",Ross stares off guiltily.
1277,381.007,tt0583474,377.945,"['Ross enters the apartment, puts a box on the floor, and knocks on the door.', 'Ross enters, sets a box down, and knocks on the door.', 'Ross puts a box on the floor and knocks on the door.', 'Ross enters, sets a box down, then knocks on the door.', 'Ross enters, puts a box on the floor, and knocks the door.']",He sets the box down outside a door and summons his courage.
1278,383.329,tt0583474,382.668,"['Ross carries a box.', 'Ross walks down the hallway.', 'Ross enters the building.', 'Ross walks down hallway.', 'Ross carries box in.']","Through a peephole,"
1279,410.592,tt0583474,407.81,"['Ross turns his head to the left, looking at something.', 'Ross Geller turns his head, focusing on something.', 'Ross Geller looks to his left, shifting his gaze.', ""Ross's eyes move to the left, his attention drawn."", ""Ross Geller's head turns to the side, scanning the area.""]","Grinning, he leans toward the fisheye view of the peephole."
1280,432.448,tt0583474,429.527,"['Ross walks down the hallway, holding a box.', 'Ross picks up a box and continues down the hallway.', 'Ross walks down the hallway with a box in hand.', 'Ross walks and looks around the hallway, holding a box.', 'Ross carries a box as he walks down the hallway.']",He grabs his box and steps to the door across the hall.
1281,434.069,tt0583474,432.809,"['Ross enters and exits the elevator.', 'Ross holds a box in the hallway.', 'Ross looks around the hallway.', 'Ross takes and exits the elevator.', 'Ross presses the elevator button.']",He raises his hand to knock.
1282,439.992,tt0583474,437.931,"['Ross walks down the hallway, carrying a box.', 'Ross enters an elevator, then steps outside to a Christmas tree lot.', 'Ross looks around the elevator, then talks to a woman by the XMAS TREES sign.', 'Ross walks down the hallway, then enters an elevator, and finally talks to a woman.', 'Ross carries a box down the hallway, enters an elevator, and steps outside to a Christmas tree lot.']","At the tree lot, Phoebe walks up to Joey."
1283,488.993,tt0583474,487.29,"['Phoebe talks to Joey as he cuts a Christmas tree.', 'Joey cuts a Christmas tree while Phoebe chats beside him.', 'Phoebe converses with Joey while a man cuts a nearby tree.', 'Joey cuts a tree as Phoebe discusses with him.', 'Phoebe and Joey stand by as a man cuts a Christmas tree.']",A guy shoves a tree into the chipper.
1284,494.742,tt0583474,489.013,"['Joey Tribbiani pulls a tree out of a machine, while Phoebe Buffay covers her nose and mouth.', 'Phoebe Buffay covers her nose and mouth as Joey Tribbiani pulls a tree out of a machine.', 'Joey Tribbiani pulls a tree out of a machine, looking at it with Phoebe Buffay nearby.', 'Phoebe Buffay reacts with surprise as Joey Tribbiani pulls a tree out of a machine.', 'Joey Tribbiani pulls a tree out of a machine, with Phoebe Buffay watching in surprise.']",Phoebe waves her hands as sawdust sprays out.
1285,497.828,tt0583474,495.163,"['Phoebe covers her nose and mouth, Joey looks at her.', 'Joey talks to Phoebe, who looks down.', 'Phoebe covers her face, Joey stands nearby.', 'Joey approaches Phoebe, who is covering her face.', 'Phoebe covers her nose, Joey is nearby.']",She covers her eyes and buries her face in Joey's chest.
1286,503.501,tt0583474,499.716,"['Phoebe covers her mouth, while Joey speaks to her, looking at each other.', 'Joey speaks to Phoebe, who covers her mouth, gazing at him.', 'Phoebe looks at Joey as he speaks to her, her hands covering her mouth.', 'Joey talks to Phoebe, who has her hands over her mouth, looking at him.', ""Phoebe's hands cover her mouth as Joey speaks to her, their eyes locked.""]",Joey motions for the guy to turn off the wood chipper at Central Perk.
1287,581.794,tt0583474,580.151,"['Ross holds a box, talking to Monica.', 'Monica points at Ross, walking away.', 'Ross holds a box, talking to Monica.', 'Ross talks, holding a box for Monica.', 'Monica walks away, pointing at Ross.']","She reaches for it, then runs."
1288,906.423,tt0583474,905.443,"['Joey holds shaving cream.', 'Joey points at shaving cream.', 'Joey talks with shaving cream.', 'Joey holds cream can.', 'Joey points at cream.']",He points excitedly.
1289,918.307,tt0583474,915.684,"['Ross stands and talks to Joey and Monica on the couch.', 'Joey holds a cup and talks to Ross, while Monica holds a paper.', 'Ross talks to Joey and Monica, who sit on the couch.', 'Ross, Joey, and Monica interact in the living room.', 'The scene shifts from the living room to a cityscape at night.']",Joey shows an older man a tall green fir tree.
1290,956.792,tt0583474,955.912,"['Joey walks.', 'Joey moves.', 'Joey goes.', 'Joey walks alone.', 'Joey walks by.']",The man moves off.
1291,997.193,tt0583474,994.612,"['Monica holds a branch, Joey holds a bucket, and Phoebe looks on.', 'Phoebe gazes at the Christmas tree as Monica and Joey stand beside.', 'Monica and Joey examine the Christmas tree, while Phoebe watches.', 'Joey holds a bucket, Monica holds a branch, and Phoebe observes.', 'Monica, Joey, and Phoebe gather around the Christmas tree.']",Joey flashes Monica a way-to-go thumbs up.
1292,1070.891,tt0583474,1070.27,"['Ross walks away.', 'Ross leaves her.', 'He stands up.', 'Ross walks off.', 'He exits slowly.']",Good going.
1293,1072.772,tt0583474,1071.311,"['Ross looks at the girl in brown.', 'Ross talks to the girl in brown.', 'Ross converses with the girl in brown.', 'Ross engages with the girl in brown.', 'Ross chats with the girl in brown.']",He gives the brown bird salute.
1294,1077.555,tt0583474,1075.694,"['Monica stands up, looking at Ross.', 'Ross sits, gazing at Monica.', 'Monica addresses the girl scouts, while Ross observes.', 'Monica talks to the girl scouts, as Ross listens.', 'Monica and Ross converse, surrounded by girl scouts.']",Ross scribbles on his brown bird form.
1295,1079.916,tt0583474,1079.396,"['Ross talks to the girl scout troop.', 'Ross speaks to the girl scouts.', 'Ross addresses the girl scout troop.', 'Ross talks to the girl scouts.', 'Ross converses with the girl scouts.']",He sets up.
1296,1083.018,tt0583474,1082.138,"['Ross talks to Charla.', 'Charla examines the globe.', ""Charla looks at Ross's paper."", 'Charla gazes at the girl.', 'Ross and Charla discuss.']",She takes his form.
1297,1126.307,tt0583474,1125.227,"['Ross looks at Chandler.', 'Chandler listens to Ross.', 'Ross gazes at Chandler.', 'Chandler faces Ross.', 'Ross focuses on Chandler.']",Rachel storms in.
1298,1144.272,tt0583474,1143.172,"['Ross looks at Rachel.', 'Rachel sits beside Ross.', 'Ross holds a coffee cup.', 'Ross gazes at Rachel.', 'Rachel looks at Ross.']",She gives Ross a look.
1299,1180.193,tt0583474,1176.35,"['Ross and Phoebe walk through a darkened hallway, entering an apartment building together.', 'Phoebe covers her face with her hands as Ross talks to her, then they enter a building.', 'Ross and Phoebe walk through a dimly lit hallway, entering an apartment building at night.', ""Phoebe's face is obscured as Ross and she walk into an apartment building, illuminated only by night."", 'Ross and Phoebe enter a darkened apartment building, their figures barely visible in the dim light.']","At night, Chandler, Phoebe, Ross, and Rachel arrive at Rachel's place."
1300,1187.559,tt0583474,1185.037,"['Ross points to something as Chandler looks on.', 'Chandler and Ross walk down the hallway together.', 'Phoebe follows Ross and Chandler as they walk.', 'Ross gestures to something as Chandler observes.', 'Ross and Chandler stroll down the hallway with Phoebe nearby.']",Chandler glances back at Phoebe and opens the door.
1301,1192.002,tt0583474,1188.139,"['Phoebe enters the apartment, followed by Chandler and Ross, and they all look at the Christmas tree.', 'Rachel enters the apartment and joins Phoebe, Chandler, and Ross, who are admiring the Christmas tree.', 'Phoebe, Chandler, and Ross enter the apartment and immediately focus on the Christmas tree, with Rachel joining them shortly.', 'The group enters the apartment, and Phoebe, Chandler, and Ross take a look at the festive Christmas tree.', 'Phoebe, Chandler, Ross, and Rachel enter the apartment, and they all gaze at the beautifully decorated Christmas tree.']","She looks around at old, dying Christmas trees crowding the corners of the room."
1302,1270.603,tt0583474,1268.361,"['Ross reaches for something behind the counter.', 'Rachel stands in front of Ross, looking at him.', ""Ross looks at Rachel, who's standing in front of him."", 'Ross and Rachel interact behind the coffee pot.', 'Ross and Rachel gaze at each other, near the coffee pot.']","Crying, Gunther hurries off to be alone."
1303,354.417,tt0583443,352.276,"['Monica and Rachel chat, Joey and Ross nearby.', 'Monica and Rachel converse, Joey and Ross stand.', 'Rachel looks at Monica, Joey and Ross face each other.', 'Monica and Rachel talk, Joey and Ross engage.', 'Monica and Rachel chat, Joey and Ross stand together.']","Rachel looks at Monica, then stares at the man."
1304,357.478,tt0583443,356.558,"['Rachel looks at him.', 'He smiles at her.', 'He wears a grey sweater.', 'Rachel gazes at him.', 'He wears a black shirt.']",He smiles at her.
1305,362.9,tt0583443,358.218,"['Ross looks at Joey, who is standing in front of a counter in a bar with a city skyline behind him.', 'Joey smiles as Ross talks to him in a bar with a city skyline visible in the background.', 'Ross and Joey stand in a bar, with Ross looking at Joey who is in front of a counter.', 'In a bar, Ross and Joey interact, with Joey standing in front of a counter and a city skyline visible.', 'Ross and Joey converse in a bar, with Joey standing in front of a counter and a city skyline visible behind him.']","At the party, Joey and Ross stand at the drinks table as Gunther strolls by Phoebe and Monica."
1306,387.3,tt0583443,384.838,"['Monica and Phoebe converse, while Chandler holds food and talks to Joey.', 'Chandler and Joey discuss something, as Monica holds a cup nearby.', 'Monica, holding a red cup, chats with the group, including Chandler and Joey.', 'Joey and Chandler engage in conversation, with Monica occasionally interjecting, cup in hand.', 'Monica, holding a red cup, participates in a lively discussion with Phoebe and the others.']",Chandler feeds jello shots to the dog statue.
1307,397.628,tt0583443,396.247,"['Chandler holds cup and points.', 'Ross talks to Chandler nearby.', 'Monica and Joey observe the duo.', 'Chandler points with his cup.', 'Ross and Chandler converse nearby.']",She gives him an expectant look.
1308,399.21,tt0583443,398.069,"['Monica holds a cup.', 'Monica and Joey face each other.', 'Monica looks at Ross.', 'Ross and Chandler talk.', 'Monica and Joey converse.']",He shows off a green tongue.
1309,407.453,tt0583443,406.491,"['Ross looks at Chandler.', 'Ross holds a red cup.', 'Ross and Chandler gaze at each other.', 'Chandler looks at Ross.', 'Ross and Chandler face each other.']",Rachel runs up to them.
1310,458.514,tt0583443,457.253,"['Joey and Monica look at each other.', 'Ross and Rachel watch Joey and Monica.', 'Joey and Monica gaze at each other.', 'Ross and Rachel observe the red cups.', 'Monica and Joey share a glance.']",She puts her hands on her hips.
1311,478.28,tt0583443,469.877,"['Ross looks at Joey as they converse, while Phoebe talks to someone else nearby.', 'Joey is engaged in a conversation with Ross, who looks at him, as Phoebe chats with someone else.', 'Ross and Joey are in a conversation, with Phoebe interacting with someone else in the scene.', 'Phoebe is talking to someone else, while Ross and Joey engage in a conversation, with Ross looking at Joey.', 'Joey and Ross are having a conversation, with Ross looking at him, as Phoebe talks to someone else in the background.']",Joey runs up and hugs them.
1312,526.08,tt0583443,524.615,"['Chandler looks at Monica.', 'Joey watches Chandler and Monica.', 'Chandler and Monica face each other.', 'Monica and Chandler engage each other.', 'The three friends stand together.']",One sister smiles uneasily.
1313,548.442,tt0583443,547.57,"['Monica talks to Ross.', 'Joey holds a red cup.', 'Monica speaks to Ross.', 'Ross and Monica converse.', 'Joey watches them.']",Monica walks off.
1314,553.453,tt0583443,551.591,"['Ross holds a red cup and looks at Joey.', 'Ross talks while holding a red cup.', 'Ross looks at Joey, holding a red cup.', 'Joey listens as Ross holds a red cup.', 'Ross holds a red cup, focusing on Joey.']","Ross, Rachel, and Monica eat breakfast."
1315,567.792,tt0583443,566.861,"['Ross looks at Rachel.', 'Ross eats while watching Rachel.', 'Ross gazes at Rachel eating.', 'Ross observes Rachel with food.', ""Ross stares at Rachel's food.""]",Chandler wanders in.
1316,637.148,tt0583443,636.376,"['Chandler speaks to Monica.', 'Chandler talks to Phoebe and Monica.', 'Chandler talks to Monica again.', 'Chandler chats with Monica three times.', 'Chandler converses with Monica.']",He points at them.
1317,643.447,tt0583443,640.06,"['Phoebe and Monica look at each other as Chandler joins their conversation.', 'Chandler looks at Phoebe and Monica as they chat.', 'Phoebe and Monica talk while Chandler observes them.', 'Monica and Phoebe exchange glances as Chandler participates in their discussion.', ""Chandler joins Phoebe and Monica's conversation, looking at them both.""]","He rubs his forehead, then snaps and looks up."
1318,653.907,tt0583443,652.759,"['Monica looks at Chandler.', 'Chandler talks to Monica and Rachel.', 'Rachel looks at Chandler.', 'Chandler is talked to by Monica and Rachel.', 'Monica, Rachel gaze at Chandler.']",Chandler's eyes widen.
1319,665.018,tt0583443,662.542,"['Monica and Rachel stand in the kitchen, while Joey relaxes in the living room.', 'Chandler talks to Monica and Rachel in the kitchen, while Ross stands nearby.', 'Joey sits in the living room, as Monica and Rachel chat in the kitchen.', 'Ross and Chandler engage in a conversation, while Monica and Rachel are in the kitchen.', 'Monica, Rachel, and Chandler gather in the kitchen, while Joey is in the living room.']",They stare at Ross as Chandler raises his brows.
1320,666.503,tt0583443,665.652,"['Chandler points at Monica.', 'Joey looks at Chandler.', 'Chandler looks at Monica.', 'Monica is being pointed at.', 'Chandler gestures at her.']",Joey bursts in.
1321,669.871,tt0583443,668.919,"['Joey points at the door.', 'Phoebe and Rachel rush out.', 'Chandler points at the door.', 'Joey and Chandler point at the door.', 'They all look at the door.']",He points at Chandler.
1322,673.712,tt0583443,672.703,"['Phoebe and Rachel leave quickly.', 'Chandler points at the door.', 'Chandler gestures at the exit.', 'Rachel and Phoebe rush out.', 'Chandler directs attention to the door.']",The friends disperse.
1323,680.552,tt0583443,679.64,"['Chandler holds the remote.', 'Joey stands with his hands up.', 'Monica and Ross look at him.', 'Chandler gestures to Joey.', 'Joey listens to Chandler.']",Joey marches in.
1324,700.817,tt0583443,699.371,"['Joey talks to Ross, who listens.', 'Ross receives attention from everyone.', 'Monica and Phoebe look at Ross.', 'Rachel and Chandler gaze at Ross.', ""The group focuses on Ross's presence.""]",Chandler raises his eyebrows.
1325,903.772,tt0583443,901.631,"['Rachel talks on phone, Ross looks at her.', 'Ross stands beside Rachel on the phone.', 'Monica sits on the couch, watching Rachel.', 'Rachel chats on the phone with Ross nearby.', 'Ross stands next to Rachel on the phone call.']",Rachel picks up the cafe's phone and dials.
1326,1040.592,tt0583443,1036.989,"[""Chandler looks at Joey, who's eating, as they sit together."", 'Joey eats as Chandler looks at him, wine glasses nearby.', 'Chandler and Joey sit together, plates of food in front of them.', ""Joey eats, gazing at Chandler, who's looking back at him."", 'Chandler and Joey sit, engaged in a conversation, with wine glasses and food nearby.']","So, um, hmm."
1327,1084.419,tt0583443,1080.997,"['Chandler walks to the door and back to the table, talking to a woman in red.', 'Chandler walks into the room, turns around, and walks back to the table.', 'Chandler Bing enters, turns, and walks back to the table, conversing with a woman.', 'Chandler walks in, turns, and returns to the table, speaking with a woman in red.', 'Chandler walks to the door, turns, and talks to a woman in red before returning to the table.']","She sneaks up behind him and grabs his butt, then pins him against a wall."
1328,1095.271,tt0583443,1094.631,"['Joey holds Chandler tight.', 'Chandler pushes away.', 'Joey pulls him close.', 'Chandler tries to escape.', 'Joey grabs his face.']",She kisses him.
1329,1100.972,tt0583443,1099.051,"['Chandler is pushed against the wall by the woman.', 'The woman pushes Chandler away from the wall.', 'Chandler is pushed against the wall and then pushed away.', ""The woman's red suit is prominent as she pushes Chandler."", 'Chandler is forced against the wall by the woman in red.']","She leans in, and he ducks under her arm."
1330,81.982,tt0583506,80.653,"['Rachel walks away with a basket.', 'Phoebe speaks to Rachel holding a basket.', 'Rachel leaves with a basket in hand.', 'Phoebe talks to Rachel while she holds a basket.', 'Rachel walks off with the basket.']",Rachel returns to her room.
1331,96.555,tt0583506,95.529,"['Ross throws the newspaper.', 'Chandler looks at the newspaper.', 'Ross reads the newspaper.', 'Chandler examines the newspaper.', 'Ross and Chandler discuss the paper.']",Phoebe pours coffee.
1332,177.02,tt0583506,176.235,"['Chandler looks at Ross.', 'Ross and Chandler gaze at each other.', 'They face each other.', 'Chandler and Ross stare.', 'Ross and Chandler look.']",Joey hangs up.
1333,220.01,tt0583506,219.407,"['Ross looks at Joey.', 'Joey laughs at Ross.', 'Ross gazes at Joey.', 'Joey wears gray shirt.', 'Ross wears blue tie.']",To Ross.
1334,225.826,tt0583506,222.365,"['Ross points at something in the distance as Joey looks on.', 'Joey stands before Ross, who gestures towards a distant point.', ""Ross gestures at something in the distance, Joey's attention focused on him."", ""Ross points to a point in the distance, Joey's eyes following his gesture."", 'Joey looks at Ross, who is pointing at something in the distance.']","At the Moondales, Mark leans over Rachel's shoulder as she types."
1335,266.935,tt0583506,265.474,"['Ross stands up and walks away.', 'Rachel looks at Ross, then away.', 'Ross looks at Rachel, then exits.', 'Rachel watches Ross walk away.', 'Ross leaves the room, phone in hand.']",Mark hands the phone off.
1336,299.957,tt0583506,298.937,"['Ross and Rachel smile together.', 'Ross smiles at Monica and Rachel.', 'Ross and Monica smile simultaneously.', 'Rachel and Monica share a smile.', 'Ross, Rachel, and Monica smile.']",He slams the phone.
1337,310.318,tt0583506,307.997,"['Ross looks at Rachel as she works on her laptop.', 'Rachel types away on her laptop while Ross watches.', ""Ross's eyes are on Rachel as she works."", 'Ross glances at Rachel typing on her laptop.', ""Rachel works on her laptop with Ross's gaze on her.""]",Ross hangs up and slumps in his office chair.
1338,316.759,tt0583506,311.058,"['Ross holds a pen as he talks to someone, while Monica talks to another person nearby.', 'Ross is holding a pen as he converses with someone, with Julio standing behind him.', 'Monica chats with someone, while Ross, holding a pen, talks to another person nearby.', 'Ross holds a pen as he discusses something with someone, with Monica in a separate conversation.', 'Julio stands behind Ross, who holds a pen and talks to someone, while Monica engages in a separate conversation.']","After hours at the Moondance Diner, a waiter clears tables as Monica removes fake breasts from her uniform."
1339,319.0,tt0583506,317.399,"['Julio holds a paper, looking at Monica.', 'Monica sits, holding a towel, as Julio stands.', 'Julio stands, holding a paper, with Monica watching.', 'Monica sits, gazing at Julio, with a paper nearby.', 'Julio holds a paper, with Monica seated nearby, towel in hand.']",A coworker hurries out from the back.
1340,334.964,tt0583506,334.004,"['Monica walks towards Julio.', 'Julio walks away from Monica.', 'Monica turns around to Julio.', 'Monica and Julio walk towards each other.', 'Monica and Julio keep walking away.']",The waitress heads out.
1341,341.531,tt0583506,338.309,"['Julio hands Monica a book, and she smiles at it.', 'Monica turns around and smiles at Julio as he gives her a book.', 'Julio walks towards Monica, who smiles at the book he hands her.', 'Monica looks at the book Julio gives her and smiles.', 'Julio hands Monica a book, and she looks at it with a smile.']","Monica glances at Julio over her shoulder, and he smiles."
1342,375.973,tt0583506,373.992,"['Monica holds a book and talks to Julio.', 'Julio holds a remote control and discusses with Monica.', 'Monica and Julio examine a book together.', 'Monica holds a book while Julio holds a remote control.', 'Monica and Julio converse while book and remote control are present.']",She looks away and grimaces to herself.
1343,388.755,tt0583506,386.655,"['Monica holds a menu, studying options.', 'Julio stands beside Monica, gazing at the menu.', 'Monica examines the menu, Julio nearby.', 'Monica ponders menu choices with Julio present.', 'Julio stands alongside Monica, menu in hand.']",Julio gazes deeply into her eyes.
1344,417.239,tt0583506,414.136,"[""Monica applies lipstick to Julio's lips, then they share a kiss."", ""Julio's lips are kissed by Monica, a romantic moment unfolds."", 'Monica and Julio share a romantic kiss after applying lipstick.', 'Monica kisses Julio, her lipstick now on his lips.', 'Monica kisses Julio after applying lipstick, their lips touching.']",He touches her lower lip with his thumb and lets it linger.
1345,425.091,tt0583506,421.95,"[""Monica applies lipstick to Julio's lips, then they share a kiss."", ""Julio's lips are painted with Monica's lipstick before they smooch."", ""Monica puts lipstick on Julio's lips, and they seal their affection with a kiss."", ""Monica's lipstick adorns Julio's lips, leading to a romantic kiss."", ""Monica applies lipstick to Julio's lips, and they share a passionate kiss.""]","Julio draws her close, and she leans in and kisses him."
1346,427.711,tt0583506,425.951,"['Julio kisses Monica, then she kisses him back.', 'Monica and Julio share a romantic kiss.', 'Julio and Monica kiss each other at the table.', 'They take a kiss at the soda fountain.', 'Julio and Monica share a sweet kiss.']",She pulls away with a soft smile.
1347,454.397,tt0583506,452.957,"['Joey stands, speaking to the group.', 'Joey interacts with the group around piano.', 'Joey talks, piano plays in background.', 'Joey addresses the group near piano.', 'Joey speaks, piano music accompanies him.']",He picks the pianist's pocket.
1348,472.532,tt0583506,470.231,"['Joey points at a photo of himself.', 'The Director examines a photo of Joey Tribbiani.', 'Joey holds a paper, and the Director looks at it.', 'The Director shows Joey a photo, and he points.', 'Joey and the Director review a piece of paper together.']",Joey freezes in the doorway and turns back.
1349,488.693,tt0583506,487.192,"['Joey holds a photo, then walks away.', 'Joey and Chandler examine a photo together.', 'Chandler nods at a photo with Joey.', 'Joey shows Chandler a photo, then leaves.', 'Joey holds a photo, Chandler nods in agreement.']",Chandler reads Joey's résumé.
1350,510.332,tt0583506,505.432,"['Joey and Chandler point at the wall repeatedly, their gestures mirroring each other.', 'Chandler points at the wall as Joey follows suit, their synchronized actions filling the scene.', 'Joey and Chandler engage in a game of mirroring, pointing at the wall in unison.', 'The scene is filled with the repetitive motion of Joey and Chandler pointing at the wall, their actions harmonious.', ""Joey and Chandler's synchronized pointing at the wall dominates the scene, their gestures a symphony of motion.""]","He bites his lip and bobs his head, then waves his arms in front of him while stepping side to side."
1351,512.793,tt0583506,511.112,"['Chandler kicks the TV, watched by Joey.', 'Joey observes Chandler kicking the TV.', 'Chandler looks at Joey after kicking TV.', 'Chandler kicks the TV, then looks at Joey.', 'Chandler kicks the TV, with Joey watching.']",Phoebe covers her mouth in horror.
1352,537.521,tt0583506,536.94,"['Chandler laughs loudly.', 'Joey talks on phone.', 'Phoebe talks to Monica.', 'Chandler holds phone.', 'Chandler laughs with Phoebe.']",He grins.
1353,545.086,tt0583506,544.046,"['Chandler looks at Monica.', 'Monica stands beside him.', 'Chandler puts down phone.', 'Chandler gazes at Monica.', 'Chandler hangs up phone.']",He lifts his brows.
1354,570.615,tt0583506,568.015,"['Monica looks at Chandler as he listens.', 'Monica talks to Chandler as he gazes at her.', 'Chandler looks at Monica as she speaks.', 'Monica and Chandler stare at each other.', 'Monica and Chandler engage in a silent conversation.']",Chandler ends the call.
1355,579.799,tt0583506,578.959,"['Phoebe points at Joey.', 'Phoebe looks at Joey.', 'Joey is pointed at.', 'Phoebe looks at Chandler.', 'Phoebe points at Joey again.']",They all stare at him.
1356,592.025,tt0583506,591.265,"['Joey hands paper to Chandler.', 'Chandler holds paper tightly.', 'Monica stands beside Chandler.', 'Phoebe joins the group.', 'Joey hands paper.']",They gather round.
1357,600.189,tt0583506,597.167,"['Phoebe talks to Chandler as he reads a paper.', 'Joey looks at Chandler as Monica claps her hands.', 'Phoebe chats with Chandler as he reads a paper.', 'Monica claps her hands as Joey watches Chandler read.', 'Chandler reads a paper as Phoebe and Joey observe.']",They silently read the poem as Monica waits nervously.
1358,387.256,tt0583461,386.495,"['Ross talks to Chandler.', 'Chandler reads on couch.', 'Ross stands talking.', 'Chandler nods agreement.', 'Ross talks standing up.']",Rachel smiles.
1359,391.039,tt0583461,388.116,"['Ross reads a book on the couch, while Chandler looks at him.', 'Chandler talks to Ross, who is engrossed in his book.', 'Ross looks at Chandler, who sits beside him on the couch.', 'Chandler and Ross sit together on the couch, surrounded by a book.', 'Ross reads a book on the couch, with Chandler seated beside him.']",A man in shorts and a sweatshirt follows Phoebe into the cafe.
1360,415.854,tt0583461,411.752,"['Ross reads a book on the couch, while Chandler puts his feet on the table.', ""Chandler stands up from the couch, interrupting Ross's reading."", 'Phoebe sits on the couch, as Ross reads a book and Chandler puts his feet on the table.', 'Chandler moves from sitting to standing on the couch, while Ross remains seated with a book.', 'Ross reads a book on the couch, and Chandler briefly stands up nearby.']","Robert stares at him, then puts a foot on the coffee table and leans back toward Phoebe."
1361,419.096,tt0583461,416.534,"['Chandler stands up from the couch and walks away.', 'Chandler looks at Ross, then Phoebe, and then Robert on the couch.', 'Chandler walks away from the couch, looking at the floor.', 'Chandler glances at Phoebe, then Ross, and finally Robert on the couch.', 'Chandler stands up, looks at the couch, and walks away.']","Chandler stares at Robert's crotch, then looks away."
1362,421.517,tt0583461,419.716,"['Chandler sits on the couch, looking at Ross standing up.', 'Ross stands up while Chandler remains seated on the couch.', 'Chandler looks at Ross, who remains standing up.', 'Ross stands while Chandler sits on the couch.', 'Chandler and Ross are in the same room, with Ross standing and Chandler sitting.']",He glances back and jumps to his feet.
1363,435.304,tt0583461,433.063,"['Ross walks to the bar, joined by Joey.', 'Joey stands up and walks to the bar with Ross.', 'Ross and Joey walk to the bar together.', 'Joey gets up and walks over to join Ross.', 'Ross and Joey approach the bar simultaneously.']",Chandler examines the counter as Ross stands.
1364,450.739,tt0583461,448.518,"['Ross and Chandler look at each other.', 'Chandler and Ross gaze at each other.', 'Ross and Chandler stare at each other.', 'Chandler and Ross exchange a glance.', 'Ross and Chandler have an eye-lock.']",Chandler bites his lip as he grasps for words.
1365,455.02,tt0583461,453.54,"['Ross and Chandler look at each other.', 'Chandler and Ross gaze at each other.', 'Ross and Chandler share a glance.', 'Chandler and Ross lock eyes.', 'They exchange a silent look.']",Ross makes a face at his friend.
1366,463.264,tt0583461,461.643,"['Ross looks at Chandler laughing.', ""Chandler laughs at Ross's words."", 'Ross and Chandler gaze at each other.', ""Chandler's laughter echoes as Ross smiles."", 'Ross and Chandler share a moment.']",Chandler blinks as he stares off.
1367,468.944,tt0583461,467.503,"['Ross points at something to Chandler.', ""Chandler looks at Ross's pointing hand."", 'Ross gestures to something nearby.', ""Chandler watches Ross's demonstration."", 'Ross shows Chandler something nearby.']",Ross walks over to the couple.
1368,480.133,tt0583461,477.01,"['Ross and Chandler look at something on the bar together.', 'Chandler stands beside Ross, both gazing at the bar surface.', 'Ross and Chandler examine something on the bar, their attention focused.', 'The two friends stand at the bar, studying something together.', 'Ross and Chandler look at the bar, their conversation animated.']","Ross looks at Robert's crotch, then doubles over and hangs his head."
1369,481.794,tt0583461,480.573,"['Ross holds a cup and napkin.', 'Chandler sits on the couch with a cup.', 'Ross stands near Chandler with a drink.', 'Chandler and Ross share a cup and napkin.', 'Ross and Chandler sit with refreshments.']",He goes back over to Chandler.
1370,494.244,tt0583461,493.283,"['Chandler holds a book.', 'Ross looks at Chandler.', 'Chandler looks at Ross.', 'Ross and Chandler stare.', 'Chandler holds a book at Ross.']",He grabs a coffee mug.
1371,497.404,tt0583461,496.763,"['Ross looks at Chandler.', 'Chandler holds a book.', 'Ross and Chandler stare.', 'Chandler holds a cup.', 'Ross looks at book.']",Ross nods.
1372,500.825,tt0583461,498.004,"['Ross looks at Chandler holding a book.', 'Chandler holds a book while Ross talks to him.', 'Ross and Chandler sit together, Ross looking at Chandler.', 'Chandler holds a book as Ross engages him in conversation.', 'Ross and Chandler sit together, Chandler holding a book.']","Now, Monica washes tomatoes as Richard preps noodles."
1373,530.312,tt0583461,527.791,"['Monica mixes salad as Richard watches her.', 'Richard stands behind Monica, observing her salad-making.', 'Monica works on the salad while Richard stands nearby.', 'Richard observes Monica preparing the salad.', 'Monica mixes salad with Richard looking on.']",Monica smiles as they squish tomatoes with their hands.
1374,531.453,tt0583461,530.893,"['Monica holds the bowl.', 'Richard looks at the bowl.', 'Monica stirs the bowl.', 'Monica talks to Richard.', 'Richard looks down at the bowl.']",They freeze.
1375,536.698,tt0583461,535.817,"['Monica stirs food.', 'Monica and Richard look.', 'Richard stands beside her.', 'Monica and Richard gaze.', 'They examine the bowl.']",They gaze at each other.
1376,559.985,tt0583461,556.783,"[""Monica wipes Richard's mouth with her hand towel."", 'Monica looks at Richard after wiping his mouth.', 'Richard looks at Monica after his mouth is wiped.', 'Monica and Richard exchange glances after the mouth wiping.', ""Monica wipes Richard's mouth, then looks at him.""]",She dabs at the spot with a towel as Richard gazes down at her.
1377,565.489,tt0583461,563.788,"['Monica stands beside Richard with a book.', 'Richard sits on a couch with a book.', 'Monica stands next to Richard on the couch.', 'Richard reads a book on the couch.', 'Monica stands beside Richard holding a book.']",She steps back and drops her gaze.
1378,572.916,tt0583461,570.494,"['Monica holds a book and spoon, listening to Richard.', 'Richard talks to Monica, holding a book and spoon.', 'Monica looks at Richard as he talks, holding a book and spoon.', 'Richard holds a book and spoon, speaking to Monica.', 'Monica and Richard sit together, both holding books and spoons.']","He glances down at his pants, then smiles at her."
1379,576.859,tt0583461,575.538,"['Monica holds a bowl near Richard.', ""Richard listens to Monica's words."", 'Monica talks to Richard by the bowl.', 'Monica and Richard face each other.', 'Monica stands beside Richard with a bowl.']",She jerks a thumb toward the door.
1380,580.698,tt0583461,577.556,"['Monica stands, looking at Richard as he sits.', 'Monica stands, wearing an apron, while Richard sits.', 'Richard sits, looking at Monica, who stands nearby.', 'Monica and Richard interact, with Monica standing and Richard sitting.', 'Monica, apron-clad, stands, while Richard sits and observes her.']","Now, Joey and Ross read at the cafe as Chandler watches."
1381,605.047,tt0583461,603.306,"['Joey holds a book, talking to Chandler.', 'Ross sits on the couch, listening to Joey.', 'Joey talks to Chandler, while Ross listens.', 'Joey holds a book, discussing with Chandler.', ""Ross sits, listening to Joey's conversation.""]","They stare at Joey, and he nods."
1382,615.933,tt0583461,614.632,"['Joey flips book pages.', 'Chandler talks to Joey repeatedly.', 'Joey reads book steadily.', 'Chandler converses with Joey constantly.', 'Joey turns book pages continuously.']",Ross and Jamie share a look.
1383,651.578,tt0583461,647.935,"['Chandler holds a basketball while talking to Ross, who reads a book on the couch.', 'Ross reads a book on the couch as Chandler sits nearby, holding a basketball.', 'Chandler talks to Ross, who reads a book, while holding a basketball on the couch.', 'Ross reads a book on the couch as Chandler, holding a basketball, engages him in conversation.', 'Chandler holds a basketball and chats with Ross, who sits on the couch with a book.']",He puts his leg up on the arm of the couch beside Chandler and digs in his sock.
1384,655.0,tt0583461,652.218,"['Robert stands up, while Joey reads a book on the couch.', 'Chandler sits on the couch, looking at Robert, as Joey reads.', 'Robert talks to Chandler, who listens, while Joey reads a book.', 'Robert addresses Chandler, who gazes at him, as Joey reads.', 'Chandler listens to Robert, who stands, while Joey reads a book on the couch.']","Chandler looks away, and Ross buries his nose in his book."
1385,657.94,tt0583461,655.8,"['Chandler looks at Joey holding a basketball.', 'Joey holds a basketball while looking at Chandler.', 'Chandler reads a book as Joey looks on.', 'Joey stares at Chandler holding a book.', 'Chandler reads a book, Joey holds a basketball.']",Chandler leans away from Robert toward Joey.
1386,667.326,tt0583461,664.344,"['Joey reads a book while Chandler sits on the couch with a basketball.', 'Chandler holds a basketball as Joey talks to him on the couch.', 'Joey reads a book while Chandler looks at him on the couch.', 'Chandler sits on the couch with a basketball as Joey talks to him.', 'Joey and Chandler sit together on the couch, Joey with a book and Chandler with a basketball.']","Joey gets an eyeful of Robert's crotch, and his eyes go wide."
1387,674.57,tt0583461,673.809,"['Joey holds a basketball.', 'Chandler stands near Joey.', 'Phoebe sits with Chandler.', 'Joey sits with a ball.', 'They sit together.']",Robert jumps off.
1388,603.707,tt0583538,601.67,"['Chandler smiles at the woman, then she smiles back.', 'Chandler and the woman share a brief smile.', 'The woman turns away, smiling at the man.', 'Chandler smiles, and the woman reciprocates.', 'The woman smiles at Chandler, then turns to the man.']","She smiles, and Chandler studies her."
1389,606.762,tt0583538,604.586,"['Chandler looks at a building with a woman.', 'Chandler and a woman gaze at a building.', 'Chandler and a woman examine the building.', 'Chandler and a woman glance at a building.', 'Chandler and a woman look at a building together.']",Rachel hops into bed with Ross as he reads a book.
1390,689.994,tt0583538,688.337,"[""Ross looks at Rachel's response."", ""Rachel looks at Ross's words."", ""Ross gazes at Rachel's face."", ""Rachel listens to Ross's speech."", ""Ross focuses on Rachel's reaction.""]",Rachel tries not to crack up.
1391,704.315,tt0583538,699.744,"[""Ross looks at Rachel, who's looking away, in a quiet conversation."", 'Rachel listens intently as Ross speaks to her, her gaze averted.', ""Ross talks to Rachel, who's not looking at him, in a calm moment."", ""Ross gazes at Rachel, who's looking away, in a subtle interaction."", ""Rachel doesn't meet Ross's eyes as he talks to her, maintaining a distance.""]",Phoebe stares at the pan with her beeper in it as she sits at Monica's table.
1392,708.787,tt0583538,704.895,"['Phoebe eats from a pot as Monica claps her hands nearby.', 'Monica claps her hands while Phoebe eats from a pot.', 'Phoebe looks at Monica as she claps her hands and eats.', 'Monica claps her hands, and Phoebe gazes at her.', 'Phoebe eats from a pot as Monica claps and Phoebe looks at her.']","She checks the beeper as Monica walks out of the bathroom, then puts it back in the pan."
1393,763.046,tt0583538,761.668,"[""Phoebe talks to Monica's back."", 'Phoebe speaks to Monica facing away.', 'Monica stands with her back to Phoebe.', ""Phoebe converses with Monica's profile."", ""Phoebe chats with Monica's turned back.""]",Leslie plays at Central Park.
1394,782.718,tt0583538,781.785,"['Leslie strums guitar strings.', 'Leslie sings into the mic.', 'Leslie gazes at the camera.', 'Leslie plays the guitar.', 'Leslie sings loudly.']",Phoebe bursts in.
1395,812.347,tt0583538,808.302,"['Phoebe plays the guitar as Leslie sings, gazing at each other.', 'Leslie sings into the microphone as Phoebe accompanies her on guitar.', 'Phoebe strums the guitar, her eyes locked on Leslie as she sings.', ""Leslie's voice fills the air as Phoebe plays the guitar, their eyes meeting."", ""Phoebe and Leslie harmonize, Phoebe's fingers moving deftly over the guitar strings.""]",Leslie and Phoebe hug.
1396,813.517,tt0583538,812.367,"['Ross looks at Rachel.', 'Rachel looks at Ross.', 'Ross and Rachel gaze at each other.', 'Rachel and Ross lock eyes.', 'Ross and Rachel stare at each other.']","At the lecture, Ross slumps."
1397,888.303,tt0583538,885.665,"['Phoebe stops playing guitar, looking at the audience.', 'Leslie plays guitar, then looks at the audience.', 'Phoebe and Leslie play guitars, then Phoebe stops.', 'Leslie looks at the audience while playing guitar.', 'Phoebe and Leslie play guitars together, then Phoebe stops.']",Phoebe flips her guitar to play chords with her other hand.
1398,890.902,tt0583538,889.454,"['Phoebe plays guitar for Rachel.', 'Rachel watches Phoebe play guitar.', 'Phoebe looks at Rachel playing guitar.', 'Rachel looks at Phoebe playing guitar.', 'Phoebe strums guitar, Rachel observes.']",Ross sleeps at the lecture.
1399,900.521,tt0583538,899.768,"['Phoebe plays guitar.', 'Rachel looks at phone.', 'Ross watches Phoebe play.', 'Phoebe looks at Rachel.', 'Ross looks at Phoebe.']",He sits upright.
1400,901.989,tt0583538,900.978,"['Rachel looks at phone.', 'Ross looks at phone too.', 'Rachel and Ross gaze phones.', 'They stare at phones.', 'Rachel and Ross examine phones.']",People around him laugh.
1401,906.294,tt0583538,905.242,"['Rachel looks at her phone.', 'Ross looks at his phone too.', 'They both check their phones.', 'Rachel and Ross gaze at phones.', 'They stare at their phones.']",Rachel shoots him a look.
1402,918.831,tt0583538,917.106,"['Chandler walks towards Monica.', 'Chandler looks at Monica, smiling.', 'Chandler gets up, walking to Monica.', 'Monica smiles as Chandler approaches.', 'Chandler steps closer to Monica.']",He smirks as he reads the paper.
1403,408.127,tt0583487,407.287,"['Phoebe looks at Monica.', 'Monica gestures to Phoebe.', 'Phoebe holds a spoon.', 'Monica talks with hands.', 'Phoebe eats yogurt.']",Monica makes a face.
1404,423.636,tt0583487,420.514,"['Monica eats yogurt at a table, while Phoebe sits beside her.,.', 'Joey and Chandler enter the coffee shop, taking a seat on the couch.,.', 'Monica and Phoebe sit together, as Joey and Chandler sit on the couch nearby.,.', 'Phoebe talks to Monica, who eats yogurt at the table, as Joey and Chandler sit on the couch.,.', 'Joey and Chandler enter the coffee shop, while Monica and Phoebe sit at a table eating and talking.']","At Central Perk, Chandler stands and claps Joey on the shoulder."
1405,438.425,tt0583487,436.744,"['Chandler looks at his watch, then at Joey.', 'Joey sits down on the couch beside Chandler.', 'Chandler glances at his watch, then at Joey.', 'Joey joins Chandler on the couch.', 'Chandler and Joey sit together on the couch.']",They slowly sit back down on the couch.
1406,451.739,tt0583487,450.098,"['He looks at the man in black shirt.', 'The man in blue shirt faces the man in black shirt.', 'He sits with a yellow cup nearby.', 'The man in blue shirt looks at him.', 'He sits with the yellow cup in view.']","They both stare off, thinking."
1407,468.167,tt0583487,467.346,"['Chandler gestures with hands.', 'Joey nods at Chandler.', 'Chandler looks at Joey.', 'Joey watches Chandler talk.', 'Chandler talks with hands.']",He crosses his legs.
1408,513.545,tt0583487,511.943,"['Chandler speaks animatedly to Joey.', 'Joey listens intently to Chandler.', 'Chandler gesticulates as he talks.', 'Chandler and Joey maintain eye contact.', ""Chandler's hands move as he speaks.""]",Chandler nods and stares off.
1409,523.834,tt0583487,522.412,"['Joey looks at someone off-camera.', 'Joey moves his hands on the couch.', 'Joey talks with his hands moving.', 'Joey sits on the couch.', 'Joey gestures with his hands.']",He gestures with both hands.
1410,533.243,tt0583487,531.582,"['Joey gestures with his hands to Chandler.', ""Chandler looks at Joey's animated gestures."", 'Joey talks and gestures to Chandler.', 'Joey looks at Chandler with enthusiasm.', ""Chandler watches Joey's animated discussion.""]",Joey shrugs as Chandler stares.
1411,539.529,tt0583487,536.466,"['Chandler gestures with his hands as he talks to Joey on the couch.', 'Joey looks at Chandler as he speaks, his hands moving animatedly.', 'Chandler and Joey sit on the couch, engaged in conversation.', ""Joey's hands move expressively as he listens to Chandler on the couch."", 'The friends sit on the couch, Chandler speaking animatedly to Joey.']","At the office, Rachel talks on the phone as Sophie goes over paperwork."
1412,638.637,tt0583487,636.577,"['Ross holds a ring, talking to Rachel.', 'Rachel listens to Ross, holding her head.', 'Ross holds a ring, speaking to Rachel.', 'Rachel and Ross face each other, holding.', 'Ross holds a ring, speaking to Rachel Green.']",She hangs up and runs her hands through her hair.
1413,672.96,tt0583487,671.08,"['Ross looks at Rachel holding a basket and bag.', 'Rachel holds a basket and bag as Ross observes her.', 'Ross and Rachel share a moment, basket nearby.', 'Rachel holds a basket and bag, Ross looking on.', 'Ross examines Rachel, basket and bag in sight.']",Rachel storms out of the room with a binder.
1414,676.341,tt0583487,673.46,"['Ross holds a basket and puts something on the table.', 'Rachel sits at a table, holding a cup and conversing with Ross.', 'Ross puts something on the table, as Rachel holds a cup nearby.', 'Rachel holds a cup and talks to Ross, who is holding a basket.', 'Ross places something on the table, with Rachel seated nearby, holding a cup.']",Ross hangs his head and forcefully packs up the picnic basket.
1415,683.445,tt0583487,681.585,"['Rachel enters, carrying a stack of books, and looks at Ross.', 'Ross looks up as Rachel enters with a stack of books.', ""Rachel walks in, carrying books, and catches Ross's attention."", 'Ross gazes at Rachel as she enters with a stack of books.', ""Rachel enters, books in hand, and meets Ross's gaze.""]",Ross glares at Sophie.
1416,698.572,tt0583487,696.491,"['Rachel enters and waves at Ross, removing her coat.', 'Ross waves back as Rachel removes her coat.', 'Rachel waves at Ross, then takes off her coat.', 'Ross and Rachel exchange waves, Rachel removing her coat.', 'Rachel enters, waves at Ross, and takes off her coat.']",She tosses her things down and turns to him.
1417,716.998,tt0583487,715.158,"['Rachel gestures while Ross stands up.', 'Ross stands up from the couch.', 'Rachel looks at Ross, who gets up.', 'Ross gets up from the couch, looking at Rachel.', 'Rachel talks while Ross stands up from the couch.']",She stalks to the kitchen as he stands.
1418,792.767,tt0583487,791.191,"['Ross walks into the room, eyes on Rachel.', 'Rachel approaches Ross, who enters the room.', 'Ross opens the door, then looks at Rachel.', 'Ross enters, Rachel follows, door opens.', 'Ross walks in, Rachel joins him inside.']",Ross walks to the door with his coat.
1419,796.123,tt0583487,794.844,"['Rachel stands, Ross enters the room.', 'Ross looks at Rachel standing.', 'Ross enters, Rachel stands still.', 'Ross approaches Rachel, standing.', 'Ross enters, Rachel stays put.']",He turns back and looks at her.
1420,803.118,tt0583487,799.624,"['Rachel looks at Ross while wearing a black dress and necklace.', 'Ross listens to Rachel as she talks, looking at him.', 'Rachel wears a black dress and necklace while talking to Ross.', ""Ross listens intently to Rachel, who's dressed in a black dress and necklace."", 'Rachel, in a black dress and necklace, engages Ross in conversation.']",Ross's mouth falls open as he fixes Rachel with a gutted stare.
1421,805.654,tt0583487,803.437,"['Ross walks out of the apartment.', 'Ross exits the apartment, heading out.', 'Ross steps out of the apartment.', 'Ross leaves the apartment, closing in.', 'Ross opens the door and walks out.']",Then he steps out and slams the door behind him.
1422,808.129,tt0583487,806.393,"['Rachel stands at the window, gazing out.', 'Rachel looks out at the street scene.', 'Rachel stands, lost in thought, by the window.', 'Rachel gazes out at the passing cars.', 'Rachel stands, staring out at the street.']",She stares sadly at the closed door.
1423,812.103,tt0583487,809.986,"['Rachel walks down the street, passing Joey and Chandler.', 'Joey and Chandler sit at a bar, sipping drinks.', 'Rachel looks at Joey and Chandler at the bar.', 'Joey and Chandler sit at a bar, noticed by Rachel.', 'Rachel passes by Joey and Chandler at the bar.']","At the bar, Chandler and Joey sit with Chloe."
1424,834.217,tt0583487,832.06,"['Ross and Chandler shake hands and look at each other.', 'Chandler and Ross exchange a glance and a handshake.', 'Ross and Chandler shake hands, their faces meeting.', 'Chandler and Ross shake hands, their eyes locking.', 'Ross and Chandler shake hands, their faces inches apart.']","She leads him to Chandler and Joey, and they shake."
1425,857.536,tt0583487,855.719,"['Chandler and Joey sit at a table with Ross joining them.', 'Ross sits down at the table with Chandler and Joey.', 'Chandler, Joey, and Ross gather around the table.', 'Ross takes a seat at the table with his friends.', 'Chandler, Joey, and Ross sit together at a table.']",Chloe marches off.
1426,875.443,tt0583487,874.124,"['Monica looks at Chandler.', 'Chandler looks at Monica.', 'Monica and Chandler look at each other.', 'They hold wine glasses.', 'Monica and Chandler stare at menus.']",Misha smiles politely.
1427,946.473,tt0583487,944.936,"['Monica and Phoebe sit together.', 'Phoebe looks at Monica.', 'Monica and Phoebe gaze at each other.', 'They sit with wine glasses and plates.', 'Monica and Phoebe engage in a conversation.']",He turns pointedly to Monica.
1428,971.429,tt0583487,969.468,"['Phoebe examines the menu repeatedly.', 'Phoebe and Monica sit together, Phoebe looks at menu.', 'Phoebe focuses on the menu, repeatedly glancing at it.', 'Phoebe scrutinizes the menu, her attention unwavering.', 'Phoebe intensely studies the menu, her gaze steady.']",Phoebe smiles at Sergei.
1429,1014.174,tt0583487,1013.594,"['Rachel puts down phone.', 'Rachel hangs up.', 'Rachel sets down.', 'Phone is put down.', 'Rachel drops phone.']",She hangs up.
1430,1017.016,tt0583487,1014.995,"['Rachel talks on the phone, Joey eats food.', 'Ross and Chandler chat, Rachel holds a phone.', 'Joey eats, Rachel talks on the phone nearby.', 'Rachel chats on the phone, Joey enjoys food.', 'Joey munches on food, Rachel talks on phone.']","At the bar, Chandler and Joey sit with Ross."
1431,1035.529,tt0583487,1033.208,"['Chandler looks at Ross, holding a beer bottle.', 'Ross holds a beer bottle while talking to Chandler.', ""Joey looks at Chandler, who's with Ross and a beer."", 'Ross and Chandler sit together with a bottle of beer.', 'Chandler, Ross, and Joey hang out with a beer.']","Ross looks at his friends, and Joey waves him away."
1432,1037.27,tt0583487,1036.01,"['Ross and Chandler look at each other.', 'Chandler and Ross face each other.', 'Ross and Chandler gaze at each other.', 'Chandler and Ross stare at each other.', 'They exchange a glance.']",Ross stands and walks off.
1433,1050.262,tt0583487,1047.96,"['Chandler reaches for something on the table.', 'Joey looks up at Chandler as he reaches.', ""Chandler's hand extends towards the table."", 'Chandler takes something from the table.', 'He leans in to grab something beside Joey.']","At Rachel's, Mark opens takeout containers."
1434,1073.302,tt0583487,1072.642,"['Rachel takes the box.', 'He puts noodles before her.', 'Rachel gets the noodles.', 'He hands her noodles.', 'She receives noodles.']",She takes one.
1435,1086.084,tt0583487,1084.084,"['Rachel stands and talks on the phone.', 'Rachel is on the phone, standing up.', 'Rachel is standing and speaking on the phone.', 'Rachel talks on the phone while standing.', 'Rachel stands and has a phone conversation.']",Rachel jumps up and runs over to the phone.
1436,85.618,tt0583501,83.522,"['Monica pours into the blender, Rachel looks up.', ""Monica pours, Rachel's gaze follows the blender."", 'Rachel watches as Monica adds to the blender.', ""Monica blends, Rachel's eyes are on the blender."", 'Monica adds to the blender, Rachel looks up.']",The lidless blender sprays food everywhere.
1437,126.044,tt0583501,121.95,"['Monica moves her head around in bed as Rachel looks at her.', ""Rachel stands beside Monica's bed, looking at her friend."", ""Monica's head turns while Rachel gazes at her."", 'Rachel focuses on Monica lying in bed.', ""Monica's head moves as Rachel looks at her in the bedroom.""]","He lifts his head and looks around at his empty bed, then hides under his comforter."
1438,129.199,tt0583501,126.943,"['Ross sleeps as Rachel stands beside the bed.', 'Rachel looks at Ross sleeping on the bed.', 'Ross sleeps while Rachel stands at the door.', 'Rachel stands at the door, gazing at Ross.', 'Ross rests on the bed as Rachel observes him.']",Chloe steps out of his bathroom wearing a towel.
1439,262.403,tt0583501,259.309,"['Rachel Green enters the room, taking a box from Ross Geller.', 'Ross Geller holds a box, giving it to Rachel Green.', 'Chloe stands before Ross Geller, while Rachel Green enters and receives a box.', 'Ross Geller hands Rachel Green a box, as Chloe looks on.', 'Rachel Green takes a box from Ross Geller, as Chloe remains nearby.']","He opens the door to find Rachel, and Chloe hides behind the door."
1440,266.816,tt0583501,265.295,"['Rachel hugs Ross, holding a box.', 'Ross holds a box, Rachel enters and hugs him.', 'Ross talks, Rachel hugs him, holding a box.', 'Rachel enters, hugs Ross, and holds a box.', 'Ross holds a box, Rachel hugs him, and enters.']",They hug as Ross holds the clock.
1441,279.636,tt0583501,275.953,"['Ross hugs Rachel, then they both laugh together.', 'Rachel and Ross share a warm hug, followed by laughter.', 'Ross wraps his arms around Rachel, and they both chuckle.', 'Rachel and Ross come together, embracing each other and laughing.', 'Ross gives Rachel a hug, and they both share a hearty laugh.']","Chloe gives a thumbs up, and Ross pulls Rachel closer so she doesn't see."
1442,444.781,tt0583501,442.799,"['Ross sits on a couch talking.', 'Ross sits on a couch.', 'Ross is sitting on a couch.', 'Ross sits on the couch.', 'Ross is on the couch.']","In her room, Monica sits with Phoebe."
1443,485.655,tt0583501,484.174,"['Phoebe holds a book, Monica holds a remote.', 'Phoebe and Monica sit together, looking at each other.', 'Phoebe crosses her legs, Monica does the same.', 'Phoebe holds a book, Monica holds a remote control.', 'Phoebe and Monica sit, looking at each other.']",Phoebe yanks a strip off her leg.
1444,494.185,tt0583501,491.583,"['Phoebe holds a doll on a bed, talking to Monica.', 'Monica looks at Phoebe as she holds a doll on the bed.', 'Phoebe talks to Monica, who sits beside her on the bed.', 'Monica gazes at Phoebe, who cradles a doll on the bed.', 'Phoebe holds a doll, conversing with Monica on the bed.']",They stare hopelessly at the strips left on their legs.
1445,496.766,tt0583501,494.985,"['Ross enters and talks to the receptionist.', 'Ross walks in and chats with the receptionist.', 'Ross approaches the reception desk.', 'Ross visits the reception desk.', 'Ross talks to the receptionist and leaves.']",Ross storms into Chloe's workplace.
1446,522.099,tt0583501,521.298,"['Chloe speaks to Ross.', 'Ross walks away.', 'Ross talks to him.', 'Chloe holds a cup.', 'Ross walks away from her.']",Isaac walks by.
1447,530.624,tt0583501,528.523,"['Ross looks at someone while talking.', 'Ross talks to someone and looks at them.', 'Ross has a conversation with someone.', 'Ross looks and talks to someone.', 'Ross engages in conversation with someone.']",His puffy hair bounces as he grins at Ross.
1448,586.064,tt0583501,584.443,"['Ross enters a room where a woman lies on a bed.', 'Ross walks into a room with a woman on the bed.', 'Ross approaches a woman on a bed in the room.', 'Ross enters a room with a woman on the bed.', 'Ross enters a room where a woman lies on a bed.']",Ross turns away.
1449,588.145,tt0583501,586.624,"['Ross looks at the woman pulling the blanket.', 'Ross stands beside her as she pulls the blanket.', 'The woman pulls off the bed blanket beside Ross.', 'Ross watches as the blanket is pulled off the bed.', 'Ross observes the woman pulling the bed blanket.']",He hurries into a massage parlor.
1450,737.262,tt0583495,734.26,"['Phoebe dances in the living room, Rachel standing nearby.', 'Rachel stands still as Phoebe dances beside her.', 'Phoebe moves to Rachel, looking at her.', 'Phoebe dances, with Rachel watching her from the side.', ""Rachel observes Phoebe's dancing in the living room.""]",She puts champagne in an ice bucket and rushes over to the door.
1451,773.096,tt0583495,772.696,"['Carol approaches Ross.', 'Ross talks to Carol.', 'Carol looks at Ross.', 'Ross and Carol face each other.', 'They stand at a table.']","So, anyway..."
1452,811.545,tt0583495,810.964,"['Ross looks at Carol.', 'Carol stands tall.', 'Ross gazes at her.', 'Carol stands firm.', 'Ross focuses on her.']",Ross sits.
1453,813.85,tt0583495,812.026,"['Carol stands in front of Ross, holding a bottle.', 'Ross sits at a table with Carol nearby.', 'Carol talks to Ross, with champagne nearby.', 'Ross sits at a table with Carol standing, a candle lit.', 'Carol and Ross converse, surrounded by wine and a candle.']","At the rest stop, Phoebe uses a payphone."
1454,854.455,tt0583495,853.035,"['Phoebe hangs up and walks away.', 'Monica turns around and walks away.', 'Phoebe walks away from Rachel and Monica.', 'Rachel and Monica watch Phoebe hang up.', 'Phoebe hangs up the phone and exits.']",TV hangs up.
1455,881.733,tt0583495,879.692,"['Joey turns to look at the camera as Chandler holds his shoulder.', ""Chandler puts his arm around Joey's shoulder as they walk."", 'Joey turns to look at the camera with Chandler by his side.', ""Chandler wraps his arm around Joey's shoulder as they stroll."", ""Joey turns to the camera with Chandler's arm around his shoulder.""]",Joey supports Chandler as they hobble over.
1456,898.389,tt0583495,895.847,"['Phoebe and Ross eat food, exchanging glances.', 'Ross and Phoebe share a meal, their eyes meeting.', 'Phoebe smiles as she looks at Ross, who frowns.', 'Ross and Phoebe sit together, eating and gazing.', 'Phoebe and Ross enjoy their food, their faces a picture.']","At Carol's, Ross drinks wine and eats hors d'oeuvres."
1457,915.514,tt0583495,914.533,"['Carol smiles at the man.', 'Carol talks to him across.', 'They engage in conversation.', 'Carol looks at the man.', 'They sit together.']",Ross checks his beeper.
1458,921.359,tt0583495,919.117,"['Ross looks down at the plate, then at Carol.', 'Carol hands Ross a plate of food.', 'Ross receives a plate of food from Carol.', 'Carol walks away, then returns with a plate.', 'Carol gives Ross a plate of food, then walks away.']","Grabbing a phone, Ross finishes the hors d'oeuvres."
1459,939.514,tt0583495,938.753,"['Phoebe talks on phone.', 'Monica stands beside her.', 'Woman in red jacket walks by.', 'Phoebe talks on phone nearby.', 'Monica stands near phone.']",Rachel walks up.
1460,945.272,tt0583495,944.252,"['Monica talks on the phone.', 'Phoebe waits by the booth.', 'Monica stands by the phone.', 'Phoebe stands next to Monica.', 'Monica holds the phone.']",Monica leads her off.
1461,1015.464,tt0583495,1012.501,"['Carol stands with hands on hips, looking at Ross.', 'Ross talks to Carol, who stands with her hands on her hips.', 'Carol looks at Ross as he speaks to her.', 'Ross addresses Carol, who stands firm with her hands on her hips.', 'Carol and Ross engage in a conversation, Carol standing with her hands on her hips.']","At the rest stop, Joey finishes writing letters in the snow."
1462,1063.271,tt0583495,1059.629,"['Ross gets out of the car, while Chandler and Joey walk towards it.', 'Phoebe and Monica chat as they stand near the car, while Ross exits it.', 'Joey and Chandler approach the car, where Ross is already standing.', 'Ross steps out of the car, joined by his friends Chandler and Joey.', 'Monica and Phoebe talk near the car, as Ross and his friends arrive.']","Carrying a tank of gas, Ross plows through Joey's pla sign."
1463,1068.834,tt0583495,1067.533,"['Chandler and Joey look at each other.', 'Phoebe and Monica gaze at them.', 'Chandler and Joey face each other.', 'Joey and Chandler stare at each other.', 'The friends look at each other.']",Phoebe huddles with the others.
1464,1164.478,tt0583495,1163.397,"['Rachel stands with her hands on her hips.', 'Ross stands with his arms crossed.', 'Ross approaches her with crossed arms.', 'Rachel stands with her hands on her hips, near a tree.', 'Ross stands with his arms crossed, near a payphone.']",Joey lifts his brows.
1465,1176.309,tt0583495,1175.408,"['Rachel walks towards them.', 'Ross and Chandler stand together.', 'Phoebe and Joey stand nearby.', 'Rachel approaches the group.', 'The friends gather together.']",They all turn to him.
1466,1182.535,tt0583495,1180.034,"['Ross and Phoebe interact while Chandler looks on.', 'Phoebe talks to Ross and Chandler simultaneously.', 'Ross, Phoebe, and Chandler converse together.', 'Phoebe chats with Ross and Chandler nearby.', 'The trio discusses something near a car.']",Chandler distracts them with a ridiculous dance.
1467,1183.155,tt0583495,1182.575,"['Ross talks to Phoebe.', 'Chandler joins Phoebe.', 'Phoebe talks to Ross and Chandler.', 'Phoebe is surrounded by friends.', 'They stand near a car.']",He stops dancing.
1468,1249.371,tt0583495,1246.99,"['Phoebe and Rachel stand together, looking at each other.', 'Ross stands between Phoebe and Rachel, looking at them.', 'Joey stands nearby, watching Ross and the girls.', 'Phoebe and Rachel stand, while Ross and Joey stand nearby.', 'The friends stand together, with a car in the background.']",Rachel gives Ross a look and he shakes his head.
1469,1274.074,tt0583495,1272.773,"['Ross gestures while talking to Joey.', 'Joey stands with arms crossed, listening to Ross.', 'Ross talks with animated hand gestures.', 'Ross and Joey have a conversation.', 'Ross speaks with expressive hand movements.']",Rachel looks over at Ross.
1470,1278.077,tt0583495,1276.075,"['Phoebe talks to Ross while Rachel approaches.', 'Monica chats with Joey as Rachel walks over.', 'Rachel walks towards the group, near a car.', 'Phoebe and Ross converse, with Rachel nearby.', 'Monica and Joey talk, with Rachel walking by.']",She climbs in the cab while the others say goodbye.
1471,1295.688,tt0583495,1293.987,"['Chandler walks towards a car.', 'Ross walks away from Chandler.', ""Chandler follows Ross's departure."", 'Ross leaves, and Chandler heads to a car.', 'Chandler walks towards a car as Ross departs.']","Ross shifts his eyes, then nods."
1472,186.512,tt0583615,182.7,"['Monica stands and talks to the group, holding a coffee cup.', 'Rachel sits and chats with the group, sipping from a cup.', 'Phoebe sits and joins the conversation, surrounded by chairs and a table.', 'Ross stands and participates in the group discussion, near the couch.', 'The group gathers around the table, with coffee cups and chairs nearby.']",Ross scoops the cinnamon off of Rachel's drink with his hand and flicks it aside.
1473,228.464,tt0583615,227.541,"['Frank hugs Phoebe and Rachel.', 'Phoebe and Rachel hug Frank.', 'Frank hugs Rachel and Phoebe.', 'Rachel and Phoebe hug each other.', 'Phoebe and Rachel hug Frank.']",Oh my god.
1474,251.892,tt0583615,250.728,"['Chandler sits down next to Phoebe.', 'Phoebe sits down beside Chandler.', 'Chandler shakes hands with Frank Jr.', 'Frank Jr. hands shake with Chandler.', 'Chandler and Phoebe sit down.']",Frank heads back outside.
1475,274.266,tt0583615,272.942,"['Phoebe walks towards a couple.', 'Rachel sits on the couch nearby.', 'Chandler sits with a cup.', 'Phoebe gets up and approaches.', 'Phoebe steps towards the couple.']",Frank leads a woman inside.
1476,282.792,tt0583615,280.504,"['Frank Jr. and Alice walk together, hand in hand.', 'Chandler looks at Frank Jr. and Alice sitting at the table.', 'Frank Jr. and Alice stroll, holding hands, as Chandler watches.', 'Alice and Frank Jr. walk, hand in hand, as Chandler observes.', 'Chandler stares at Frank Jr. and Alice, sitting and holding hands.']",The middle-aged woman grins at Phoebe.
1477,293.945,tt0583615,292.039,"['Phoebe and Chandler walk into a coffee shop.', 'Chandler and Phoebe sit down at a table.', 'Phoebe and Chandler stand up to leave the coffee shop.', 'Phoebe and Chandler sit and stand at a table.', 'Chandler and Phoebe enter and exit a coffee shop.']",Ross offers his chair.
1478,322.405,tt0583615,315.582,"['Chandler and Monica hug, while Alice walks away and Frank Jr. looks at Chandler.', 'Alice and Frank Jr. hug, followed by Chandler looking at Monica and the two hugging.', 'Chandler looks at Frank Jr., who hugs Alice, before Alice walks away, and Chandler and Monica hug.', 'Frank Jr. hugs Alice, who then walks away, as Chandler looks at Monica, and the two friends hug.', 'Alice walks away after hugging Frank Jr., as Chandler looks at Monica, and the two friends share a tender moment.']",Alice gives him a deep kiss and the couple falls back in the chair as the friends shoot them uncomfortable and disgusted looks.
1479,328.141,tt0583615,326.52,"['Phoebe walks in, and Chandler looks at her.', ""Chandler and Joey gaze at Phoebe's arrival."", ""Phoebe enters, and Joey joins Chandler's stare."", ""Joey and Chandler focus on Phoebe's entrance."", 'Phoebe walks in, and the friends glance at her.']",Frank wraps his arm around Alice.
1480,368.712,tt0583615,365.83,"['Frank Jr. and Alice look at each other.', 'Frank Jr. and Alice have a conversation.', 'Frank Jr. and Alice continue talking.', 'Frank Jr. and Alice talk again.', 'Frank Jr. and Alice engage in a conversation.']",Frank gives Alice a hug as Phoebe drops her gaze.
1481,383.542,tt0583615,378.899,"['Alice and Frank Jr. share a romantic kiss.', 'Frank Jr. and Alice lock lips in a passionate moment.', 'Alice and Frank Jr. smooch in a tender moment.', 'The couple shares a sweet kiss.', 'Frank Jr. and Alice indulge in a romantic kiss.']",They kiss.
1482,386.203,tt0583615,383.982,"[""Frank Jr. kisses Alice's lips."", 'Alice looks at Frank Jr. with affection.', 'Frank Jr. leans in to kiss Alice.', 'Alice gazes at Frank Jr. with interest.', ""Frank Jr. tenderly kisses Alice's face.""]","As Chandler sleeps, he listens to the cassette."
1483,480.482,tt0583615,478.901,"['Ross looks at Pete and Rachel.', 'Rachel stands, while Ross and Pete sit.', 'Ross and Phoebe look at each other.', 'Pete and Ross sit on the couch.', 'Rachel and Phoebe stand up together.']",They swivel their chairs to face her.
1484,516.605,tt0583615,514.384,"['Ross looks at Joey, who gazes back at him.', 'Ross focuses on Joey, who maintains eye contact.', 'Joey and Ross engage in an intense stare-down.', 'Ross and Joey lock eyes in a silent conversation.', 'The two friends share a prolonged, unbroken gaze.']","Joey glances at Ross, then leans forward."
1485,544.768,tt0583615,543.37,"['Phoebe stands near Ross on the couch.', 'Joey sits next to Ross on the couch.', 'Phoebe talks to Ross on the couch.', 'Joey looks at Phoebe and Ross.', 'Phoebe stands beside Ross on the couch.']",She stops them from swiveling away.
1486,602.802,tt0583615,601.095,"['Chandler puts a bag on the table.', 'Rachel talks to Chandler, sitting nearby.', 'Chandler places a bag on the table.', 'Monica and Chandler converse at the table.', 'Chandler sets a bag down beside her.']",He tosses his briefcase on the table.
1487,215.969,tt0583654,213.949,"['Chandler stands up from the couch, reading.', 'Monica talks to Chandler, standing up.', 'Chandler looks at Monica, holding a magazine.', 'Monica stands up, talking to Chandler.', 'Chandler stands up, reading a magazine.']",Joey bursts in and dances around.
1488,228.286,tt0583654,225.525,"['Chandler sits on the couch, reading a book.', 'Monica talks to Chandler as he reads on the couch.', 'Chandler looks at Monica while sitting on the couch.', 'Chandler sits on the couch, reading a book with Monica nearby.', 'Monica talks to Chandler, who sits on the couch with a book.']",He heads out into the hall and closes the door behind him.
1489,249.473,tt0583654,245.431,"['Joey Tribbiani walks into a theater, looking around.', 'Joey Tribbiani enters the theater, his eyes scanning the room.', 'Joey Tribbiani steps into the theater, taking in his surroundings.', 'Joey Tribbiani walks into the theater, his gaze sweeping the area.', 'Joey Tribbiani enters the theater, glancing around curiously.']",Joey sets his bag down and peels off his coat as he gazes at a woman in front of him.
1490,286.816,tt0583654,285.156,"['Kate looks at Joey holding a cup.', 'Joey listens to Kate while holding a cup.', 'Kate talks to Joey holding a cup.', 'Joey holds a cup while listening to Kate.', 'Kate and Joey interact with a cup present.']","She eyes him, then walks off."
1491,289.357,tt0583654,287.437,"['Joey walks away, then turns to Kate.', 'Kate and Joey sit down to talk.', 'Joey and Kate take turns talking.', 'Joey and Kate repeatedly sit and talk.', 'Joey and Kate engage in a conversation.']",She turns back with a scrutinizing stare.
1492,293.538,tt0583654,292.057,"['Joey walks back to Kate.', 'Joey turns and walks back to her.', 'Joey and Kate look at each other.', 'Joey walks away, then back to Kate.', 'Joey walks back, looking at Kate.']",He attempts a modest smile.
1493,387.478,tt0583654,386.097,"['Phoebe drinks from a cup.', 'Rachel looks at Phoebe.', 'Phoebe puts the cup down.', 'Phoebe talks to Rachel.', 'Rachel gazes at Phoebe.']",Joey stands in his kitchen.
1494,403.101,tt0583654,401.061,"['Chandler sits on a stool, looking at Ross.', 'Ross enters the room, looking around.', 'Chandler looks at Ross as he enters.', 'Ross enters, and Chandler watches him.', 'Ross enters, and Chandler looks up at him.']",Ross swaggers in with a triumphant smile.
1495,450.858,tt0583654,448.936,"['Ross and Chandler walk away from the couch, Rachel approaches.', 'Rachel walks towards the couch as Ross and Chandler leave.', 'Ross and Chandler walk off, Rachel heads towards the couch.', 'Rachel approaches the couch as Ross and Chandler depart.', 'Ross, Chandler, and Rachel move in different directions.']",He strolls past her into the living room.
1496,458.742,tt0583654,457.041,"['Ross enters the room with Rachel and Chandler.', 'Rachel hands a box to Ross in the room.', 'Ross examines a box given by Rachel.', 'Rachel and Chandler are present as Ross looks at a box.', 'Ross receives a box from Rachel in the scene.']",She holds a filing box out to him.
1497,490.41,tt0583654,487.668,"['Ross holds a white object, looking at Rachel.', 'Rachel stands in front of Ross, who holds a white object.', 'Ross looks at Rachel, holding a white object in his hand.', 'Ross holds a white object, gazing at Rachel.', 'Rachel and Ross interact, with Ross holding a white object.']",He finds a dinosaur mug in the box.
1498,567.269,tt0583654,564.588,"['Ross walks towards Rachel and talks to her.', 'Rachel looks at Ross as he puts on a shirt.', 'Ross puts on a shirt and approaches Rachel.', 'Rachel and Ross interact near the shirt.', 'Ross walks to Rachel, shirt in hand.']",Ross strips off his sweater and puts the white t-shirt on.
1499,572.911,tt0583654,567.849,"['Ross puts on a white t-shirt as Rachel watches.', 'Rachel observes as Ross changes into a white t-shirt.', ""Ross dons a white t-shirt, catching Rachel's attention."", 'Rachel watches Ross slip on a white t-shirt.', ""Ross puts on a white t-shirt, with Rachel's gaze fixed on him.""]","It stretches across his chest and clings to his body, distorting the words, Frankie say relax."
1500,574.532,tt0583654,573.592,"['Ross removes his shirt.', 'Ross holds a box near Rachel.', 'Ross talks to Rachel nearby.', 'Ross throws his shirt away.', 'Ross holds a box for Rachel.']",He picks up the box.
1501,594.701,tt0583654,591.48,"[""Ross walks out, turns back, and re-enters the apartment, catching Rachel's gaze."", 'Rachel watches as Ross walks out, then turns back in, their eyes meeting.', 'Ross exits, then re-enters the apartment, glancing back at Rachel.', ""Rachel observes Ross's sudden departure and return, her eyes fixed on him."", ""Ross briefly leaves, then re-enters the apartment, his eyes locking onto Rachel's.""]",He turns and flourishes his hand as he walks off without closing it.
1502,598.602,tt0583654,595.462,"['Rachel stands with arms crossed, looking around the room.', 'Rachel stands still, gazing around the space with her arms crossed.', 'Rachel stands frozen, her arms crossed, surveying the area.', 'Rachel remains stationary, her arms crossed, taking in the surroundings.', 'Rachel stands motionless, her arms crossed, scanning the room.']","At Central Perk, the group stares at Pete."
1503,601.123,tt0583654,600.503,"['Phoebe walks in.', 'Joey sits with Pete.', 'Phoebe looks at Joey.', 'Pete gazes at Joey.', 'Phoebe enters the room.']",Pete shrugs.
1504,628.232,tt0583654,625.71,"['Joey gestures with his hands while Chandler listens.', 'Joey talks and gestures, with Chandler responding.', 'Joey talks animatedly, Chandler reacting with a nod.', 'Joey gestures as Chandler listens intently.', ""Joey's hands move as he talks, Chandler paying attention.""]",Pete shifts in his seat and stands.
1505,635.797,tt0583654,634.516,"['Chandler points at Monica, gazing at her.', 'Chandler and Monica stare at each other.', 'Monica laughs, Chandler looks at her.', 'Chandler and Monica exchange glances.', 'They lock eyes, Chandler gestures to Monica.']",Monica follows him to the door.
1506,513.856,tt0583596,512.336,"['Ross looks at his laptop screen.', 'Ross glances to his right.', 'Ross focuses on his laptop.', 'Ross examines his laptop screen.', 'Ross looks at his laptop.']",Joey and Kate glance at each other.
1507,516.297,tt0583596,514.456,"['Ross sits at a table with Monica behind him.', 'Ross looks at Monica, who stands behind him.', 'Monica stands behind Ross at the table.', 'Ross sits with Monica beside him.', 'Ross sits at a table with his laptop.']",Phoebe carries a cardboard dollhouse.
1508,524.6,tt0583596,523.439,"['Monica enters, Ross and Phoebe look at dollhouse.', 'Ross and Phoebe gaze at the dollhouse.', 'Monica, Ross, and Phoebe examine the dollhouse.', 'Monica, Ross, and Phoebe view the dollhouse.', 'Monica, Ross, and Phoebe inspect the dollhouse.']",Rachel and Ross hurry over.
1509,530.932,tt0583596,528.01,"['Ross opens the dollhouse, showing Phoebe its interior.', 'Phoebe looks inside the dollhouse as Ross shows it to her.', ""Ross reveals the dollhouse's interior to Phoebe's curious gaze."", ""Phoebe examines the dollhouse's contents as Ross presents it."", 'Ross opens the dollhouse, inviting Phoebe to explore its contents.']",She lifts the roof and the front folds down to reveal rooms.
1510,537.538,tt0583596,536.077,"['Phoebe plays with the dollhouse.', 'Ross and Phoebe build the dollhouse.', 'Monica watches Ross and Phoebe play.', 'Ross and Phoebe manipulate the dollhouse.', 'Phoebe and Ross play with the dollhouse.']",She sends a toy down the slide.
1511,541.601,tt0583596,540.36,"['Monica plays with the dollhouse.', 'Ross interacts with Monica and the dollhouse.', 'Phoebe and Rachel watch Monica and Ross play.', 'Monica and Ross manipulate the dollhouse toys.', ""Rachel and Phoebe observe Monica and Ross's play.""]",Monica crosses her arms.
1512,627.432,tt0583596,626.151,"['Joey talks to Kate standing before him.', 'Joey sits, discussing with someone unseen.', 'Joey sits, engaged in conversation off-screen.', 'Joey sits, talking to an off-screen companion.', 'Joey discusses with someone out of sight.']",The director answers his phone.
1513,649.271,tt0583596,648.491,"['Joey holds a script.', 'The Director speaks to Joey.', 'Joey stands before the Director.', 'A woman reads a script.', 'Joey and the Director discuss.']",He strides out.
1514,651.651,tt0583596,649.771,"['Joey talks as Kate walks away.', 'Kate walks off as Joey speaks.', 'Joey talks as Kate exits.', 'Kate departs as Joey chats.', 'Joey speaks as Kate leaves.']",Joey motions to him as he turns to Kate.
1515,693.307,tt0583596,690.865,"['Joey walks into a theater and approaches Kate sitting in a chair.', 'Joey enters the theater and talks to Kate sitting in a chair.', 'Joey walks away from Kate sitting in a chair.', 'Kate sits in a chair as Joey walks in and talks to her.', 'Joey enters the theater and has a brief conversation with Kate seated.']",Joey and Kate take their places at the front of the stage.
1516,696.489,tt0583596,693.887,"['The Director stands before Joey, who looks up.', 'Joey looks down, then up at the Director, who walks away.', 'The Director speaks to Joey, who looks up, then the Director exits.', 'The Director addresses Joey, who looks up, before the Director departs.', 'Joey looks down, then up at the Director, as he walks away.']",Joey grabs her arms as the director settles in his seat.
1517,902.777,tt0583596,900.628,"['Joey talks to Ross while he eats cereal.', 'Ross looks at Joey as he drinks milk.', 'Joey chats with Ross, who holds a bowl.', 'Ross eats cereal while Joey converses nearby.', 'Joey and Ross sit together with a bowl.']",He closes his eyes and twitches his eyelids.
1518,905.028,tt0583596,903.386,"['Monica pours milk into a cup.', 'Monica looks at the man at the table.', 'Monica pours milk into a cup, gazing at him.', 'She pours milk into a cup, her eyes on him.', 'Monica pours milk, glancing at the man.']",Rachel follows Chandler inside.
1519,952.238,tt0583596,950.698,"['Monica eats cereal with milk.', 'Joey and Chandler eat cereal together.', 'Rachel holds a phone and looks at Monica.', 'Ross and Chandler look at each other.', 'The friends eat cereal with coffee nearby.']",Monica digs into her breakfast.
1520,955.423,tt0583596,952.847,"['Joey looks at Chandler sitting at the table.', 'Chandler and Joey sit at the table together.', 'Ross and Monica stand behind the table, looking at each other.', 'Rachel stands behind the table, looking at Monica.', 'The group stands behind the table, with coffee and milk nearby.']","At the office, Joanna swoops over to Rachel's desk"
1521,995.476,tt0583596,992.739,"['Rachel looks at the man on the couch, who gazes back at her.', 'Rachel talks to a man on the couch, who listens intently.', 'Rachel converses with a man sitting on a couch, both engaged.', 'The man on the couch looks at Rachel, who responds with interest.', 'Rachel chats with a seated man, their eyes locked on each other.']","At the cafe, Rachel snatches a magazine from Chandler."
1522,1059.254,tt0583596,1058.625,"['Rachel walks away.', 'Chandler looks at Rachel.', 'Rachel walks away from Chandler.', 'Chandler walks away.', 'Rachel and Chandler part ways.']",She hurries out.
1523,1061.362,tt0583596,1059.274,"['Rachel stands in a crowded restaurant, wearing a white suit.', 'Chandler listens to Rachel in a purple shirt and tie.', 'Rachel and Chandler converse in a busy restaurant setting.', ""Rachel's black bag hangs from her shoulder as she talks."", 'Rachel and Chandler face each other in a crowded restaurant.']",Ross lets himself into Monica's.
1524,1066.541,tt0583596,1064.388,"['Ross walks into the room, looking at a dollhouse.', 'Ross opens the refrigerator, inspecting its contents.', 'Ross enters the room, focusing on a dollhouse and fridge.', 'Ross walks in, glancing at a dollhouse and refrigerator.', 'Ross enters, looking at a dollhouse and opens the fridge.']",Ross steps into the kitchen and opens the fridge.
1525,1071.72,tt0583596,1067.13,"['Ross opens the refrigerator and then enters a dollhouse.', 'Ross walks towards a dollhouse and opens it after opening the refrigerator.', 'Ross opens the refrigerator and then explores a dollhouse.', 'Ross opens the refrigerator and enters a dollhouse.', 'Ross opens the refrigerator and then opens a dollhouse.']","He wrinkles his nose, then turns to see smoke wafting out of Phoebe's dollhouse."
1526,1085.425,tt0583596,1083.295,"['Ross lights a candle, then walks towards fire.', 'Ross holds a lighter, blows out candle, and walks.', 'Ross lights candle, blows it out, and approaches flames.', 'Ross lights candle, walks towards fire, and blows it out.', 'Ross lights, blows out, and approaches the burning box.']","He blows on the dollhouse, but nothing happens."
1527,1091.452,tt0583596,1086.035,"['Ross turns around and walks towards the door as the microwave behind him continues to burn.', 'Ross stands in front of a burning microwave and turns to leave the room.', 'Ross walks away from the microwave, which is on fire, heading towards the door.', 'As the microwave smolders, Ross backs away and heads towards the door.', 'Ross approaches the door as the microwave blaze continues to grow, and he prepares to leave the room.']",He grabs a glass from the cabinet and waits for it to fill in the sink as he helplessly watches the dollhouse burn.
1528,1099.917,tt0583596,1095.092,"['Ross grabs a box and exits the room, with Joey watching him from the living room.', 'Ross looks at Joey as he rushes out of the kitchen with a box.', 'Joey observes Ross as he grabs a box and hastily leaves the kitchen.', ""Ross exits the kitchen with a box, catching Joey's attention."", 'Joey sees Ross hastily leave the kitchen with a box in hand.']","He picks the dollhouse up and starts toward the sink, then rushes toward the bathroom and kicks in the door."
1529,1108.816,tt0583596,1106.835,"['Joey walks away from the fire in the kitchen.', 'Joey looks around and then leaves the fire.', 'Joey stands by the fire in the kitchen.', 'Joey exits the fire in the kitchen.', 'Joey walks away from the kitchen fire.']","At the theater, Joey looks up as Kate arrives."
1530,1136.74,tt0583596,1135.299,"['Kate holds a paper for Joey.', 'Joey looks at Kate with a paper.', 'Kate and Joey walk together holding a paper.', 'Kate shows Joey a paper.', 'Joey follows Kate with a paper.']",Joey sits with her on stage.
1531,1167.242,tt0583596,1166.402,"['Joey sits, Kate stands.', 'Kate stands, Joey sits.', 'Joey stands, Kate sits.', 'Kate approaches Joey.', 'Joey faces Kate.']",Lauren arrives.
1532,1171.346,tt0583596,1170.465,"['Kate walks in, talks to Ross.', 'Ross and Kate sit down together.', 'Kate and Ross have a conversation.', 'Kate joins Ross, they talk.', 'Ross and Kate sit, discuss.']",She marches past.
1533,1178.411,tt0583596,1175.049,"['Joey talks to Kate and Monica as they sit in the room.', ""Monica and Dr. Ross enter the room, joining Joey and Kate's conversation."", 'Joey and Monica discuss something as Kate sits nearby.', 'Kate joins Joey and Monica, and Dr. Ross enters the room.', 'Monica, Dr. Ross, and Joey chat in the room with Kate present.']",Monica wears a robe as she and Ross stare at the blackened dollhouse.
1534,1222.327,tt0583596,1220.147,"['Ross points at the table, Monica looks.', 'Monica looks at the table, Phoebe follows suit.', 'Phoebe and Monica gaze at the table.', 'Ross and Phoebe both look at the table.', 'The trio focuses on the table together.']",She pulls away a cloth to see charred toys.
1535,1226.449,tt0583596,1225.628,"['Monica holds water.', 'Phoebe nods with cup.', 'Monica talks to Phoebe.', 'Monica holds water glass.', 'Phoebe sips from cup.']",Monica hugs her.
1536,1229.209,tt0583596,1227.029,"['Monica holds a glass of wine, speaking to Phoebe.', ""Phoebe covers her mouth, listening to Monica's words."", 'Monica talks, holding a wine glass, while Phoebe covers her mouth.', 'Phoebe covers her mouth, as Monica holds a glass of wine.', 'Monica speaks, holding a glass, as Phoebe muffles her response.']",Chandler arrives at Rachel's office with Joanna.
1537,1236.471,tt0583596,1234.431,"['Chandler holds phone, Ross talks to Rachel nearby.,.', 'Monica approaches Chandler, phone in hand.,.', 'Phoebe sits near Ross, bookshelf behind her.,.', 'Ross stands, phone on desk, near chair.,.', 'Chandler sits, phone in hand, near American flag.']",Joanna wipes mascara goop from her eye.
1538,1241.753,tt0583596,1239.352,"['Chandler looks at Rachel standing in front of him.', ""Rachel looks away from Chandler's gaze."", ""Chandler's eyes are on Rachel's profile."", ""Rachel's back is turned to Chandler's attention."", ""Chandler's focus is on Rachel's figure.""]","Chandler glances at Rachel, who gives a small nod."
1539,1268.455,tt0583596,1266.253,"['Rachel walks away, Chandler covers his face.', 'Chandler covers his face, Rachel turns around walking.', 'Rachel turns around, Chandler covers his face.', 'Chandler covers his face, Rachel walks away.', 'Rachel walks away, then turns around, Chandler covers his face.']","Chandler hurries off, but Rachel ambushes him."
1540,651.478,tt0583590,648.754,"['Joey holds a jacket and talks to Chandler sitting on a stool.', 'Chandler sits on a stool as Joey stands in front of him.', 'Joey stands in front of Chandler, holding a jacket and speaking.', 'Joey talks to Chandler while holding a jacket near the stool.', 'Chandler sits on a stool, with Joey standing beside him holding a jacket.']","Across the hall, Rachel bumps the counter."
1541,657.432,tt0583590,654.644,"['Rachel holds a tomato and ketchup in front of the fridge.', 'Rachel stands in front of the fridge, holding a tomato and ketchup.', 'Rachel holds a tomato and ketchup, talking to someone off-screen.', 'Rachel holds a tomato and ketchup in front of the fridge, conversing.', 'Rachel holds a tomato and ketchup, standing near the fridge.']",She grabs a bottle of aspirin from a cabinet and squeezes it.
1542,661.876,tt0583590,659.796,"['Ross enters the room, talking to Rachel.', 'Ross walks in, conversing with Rachel.', 'Rachel talks to Ross as he enters.', 'Ross enters, discussing with Rachel.', 'Rachel and Ross chat as he enters the room.']",Ross walks in as pills scatter the floor.
1543,666.584,tt0583590,665.433,"['Ross enters, talks to Rachel, leaves.', 'Rachel talks to Ross, then exits.', 'Ross and Rachel converse briefly.', 'Rachel and Ross have a quick chat.', 'Ross and Rachel briefly discuss something.']",Rachel reaches for the pills.
1544,728.064,tt0583590,724.756,"[""Ross holds scissors and cuts Rachel's hair."", ""Ross cuts Rachel's hair while she sits on the bed."", 'Ross stands in front of Rachel as he cuts her hair.', 'Rachel sits on the bed as Ross cuts her hair.', ""Ross holds scissors and cuts Rachel's hair on the bed.""]","In her room, Rachel puts on eye shadow while Ross picks out heels."
1545,765.003,tt0583590,763.288,"[""Ross applies eye shadow to Rachel's eyelids."", ""Ross wipes off eye shadow from Rachel's eyelids."", ""Ross looks at Rachel's face."", ""Ross touches Rachel's eyelids with his finger."", ""Ross smudges eye shadow on Rachel's eyelids.""]",He covers her eyelid with shadow.
1546,797.587,tt0583590,795.912,"[""Ross applies makeup to Rachel's eyes."", ""Rachel smiles at Ross's makeup attempt."", 'Ross looks at Rachel as he applies makeup.', ""Rachel's eyes sparkle with a smile."", 'Ross carefully applies eye makeup to Rachel.']",Monica finds Phoebe at Central Perk.
1547,839.118,tt0583590,838.238,"['Monica gestures to Phoebe.', 'Phoebe and Monica chat.', 'Monica talks to Phoebe.', 'Phoebe and Monica converse.', 'Monica uses hand gestures.']",Phoebe blinks.
1548,843.98,tt0583590,842.599,"['Phoebe looks at Monica.', 'Monica listens to Phoebe.', 'Phoebe talks to Monica.', 'Phoebe gazes at Monica.', 'Phoebe and Monica converse.']",Ross powders Rachel's nose.
1549,853.143,tt0583590,850.162,"[""Ross applies cream to Rachel's face in the mirror."", 'Rachel looks at herself as Ross applies cream to her face.', ""Ross tends to Rachel's skin as she examines her reflection."", 'Rachel gazes at her reflection as Ross applies facial cream.', ""Ross gently applies cream to Rachel's face in the mirror.""]","Covered in trashy makeup, Rachel checks herself in the mirror."
1550,875.265,tt0583590,874.445,"['Ross looks at Rachel.', 'Rachel listens to Ross.', 'Ross stands talking to Rachel.', 'Ross gazes at Rachel.', 'Ross focuses on Rachel.']",He checks his watch.
1551,946.201,tt0583590,945.121,"['Rachel adjusts her top.', 'Rachel looks down.', 'Rachel adjusts the lamp.', 'Rachel adjusts her appearance.', 'Rachel stands in front.']",She opens her robe.
1552,949.883,tt0583590,949.203,"['Ross stands, talks, and Rachel walks away.', 'Rachel bends, walks, and leaves Ross.', 'Ross talks, Rachel listens, and walks away.', ""Rachel walks away from Ross's talk."", 'Ross and Rachel have a conversation.']",She closes it.
1553,971.596,tt0583590,969.435,"['Ross looks around, standing in front of a door.', 'Ross stands in front of a closed door, examining it.', 'Ross is seen standing in front of a shut door, gazing.', 'Ross stands in front of a door, taking stock.', 'Ross looks around, standing in front of a closed door.']","At the door, Ross turns and looks at her."
1554,982.494,tt0583590,980.393,"['Rachel sits on the bed, sprays her face.', 'Rachel sprays her face with water on the bed.', 'Rachel sits on the bed, then sprays her face.', 'Rachel sits on the bed, gets up, and sprays her face.', 'Ross looks at Rachel, who sprays her face on the bed.']","As he leaves, Rachel reaches for a tissue."
1555,1004.167,tt0583590,1003.126,"['Phoebe gestures to Monica.', 'Monica nods at Phoebe.', 'Phoebe talks to Monica.', 'Phoebe points to Monica.', 'Monica listens to Phoebe.']",Monica covers her face.
1556,1063.251,tt0583590,1062.43,"['Joey enters, Chandler looks up.', 'Joey approaches, Chandler watches.', 'Joey walks to Chandler, he looks.', 'Chandler sees Joey walk in.', 'Joey and Chandler face each other.']",He points at the chick.
1557,1108.046,tt0583590,1104.824,"['Joey talks to Chandler as a duck enters the room from the bathroom.', 'Chandler and Joey stand in the room as a duck walks in from the bathroom.', 'Joey and Chandler converse as a duck enters the room, coming from the bathroom.', 'Joey and Chandler discuss something as a duck enters the room from the bathroom.', 'Chandler and Joey are in the room when a duck walks in from the bathroom.']",A full-grown duck waddles out of the bathroom and flaps its wings.
1558,1112.788,tt0583590,1111.067,"['Chandler and Joey stand in the kitchen.', 'A duck enters the room, approaching them.', 'Joey looks at Chandler in the kitchen.', 'Chandler speaks, with Joey nearby.', 'A duck walks into the kitchen with them.']",Joey looks from the duck to Chandler.
1559,1116.69,tt0583590,1115.829,"['Joey and Chandler stand together.', 'Joey and Chandler face each other.', 'Joey and Chandler stand at ease.', 'Joey and Chandler pose together.', 'Joey and Chandler stand side by side.']",At Pete's restaurant.
1560,1145.617,tt0583590,1142.836,"[""Monica pulls away from Pete's hug and looks at him."", 'Monica and Pete share a hug before she pulls away to gaze at him.', 'Pete and Monica hug, then Monica steps back to look at him.', ""Monica pulls away from Pete's embrace and looks at him with interest."", 'Monica and Pete hug, then Monica breaks away to examine his face.']","As they hug, Monica pulls back and gives him a look."
1561,1202.016,tt0583590,1199.794,"['Monica walks towards Pete and kisses his cheek.', 'Pete stands still as Monica kisses his cheek.', 'Monica pulls away and looks at Pete.', 'Monica approaches Pete and gives him a gentle kiss.', ""Monica kisses Pete's cheek and then steps back.""]",Monica leans in and gives Pete a kiss on the cheek.
1562,1204.157,tt0583590,1202.856,"['Monica and Pete gaze at each other.', 'Monica walks towards Pete briefly.', 'Pete and Monica look at each other.', 'Monica and Pete exchange glances.', 'Monica and Pete share a moment.']",Pete kisses her on the mouth.
1563,1206.699,tt0583590,1205.058,"['Pete kisses Monica on the cheek and lips.', 'Monica slaps Pete after a cheek kiss.', 'Pete kisses Monica twice, once on the cheek and once on the lips.', ""Monica reacts with a slap after Pete's cheek kiss."", 'Pete kisses Monica on the cheek and then the lips, followed by a slap.']","Shocked, Monica doesn't pull away."
1564,1208.42,tt0583590,1207.639,"[""Monica kisses Pete's cheek."", 'Pete is kissed by Monica.', 'Monica hugs Pete.', 'Monica pushes Pete away.', 'Monica and Pete hug.']",Pete leans back.
1565,1218.106,tt0583590,1215.685,"[""Monica wraps her arms around Pete's neck."", ""Pete holds Monica's face in his hands."", 'Monica and Pete kiss passionately.', 'Pete holds Monica close with his hands.', 'Monica and Pete share a passionate kiss.']",She cups his face and gives him a full kiss on the lips.
1566,1224.748,tt0583590,1223.167,"['Monica and Pete share a kiss and hug.', 'Pete holds Monica close after a kiss.', 'Monica and Pete lock lips, then hug.', 'Monica and Pete embrace after a kiss.', 'Pete and Monica share a romantic hug.']",They embrace for a passionate kiss.
1567,1258.558,tt0583590,1255.758,"['Ross walks down the hallway with Rachel, eyeing a white duck.', 'Rachel accompanies Ross as he gazes at a wandering white duck.', 'Ross and Rachel stroll down the hallway, observing a white duck.', 'Rachel and Ross walk together, with Ross fixated on a white duck.', ""Ross and Rachel walk, with Ross distracted by a white duck's presence.""]","As Ross leads Rachel inside, Chandler points at the duck."
1568,225.934,tt0583643,224.553,"['Chandler enters with a duck in hand.', ""Monica's surprise mirrors Chandler's entrance."", 'Chandler looks at Phoebe holding a duck.', ""Phoebe's concern follows Chandler's duck."", 'Chandler brings a duck into the room.']",Chandler walks in with his pets.
1569,239.211,tt0583643,237.471,"['Monica stands, looking at Phoebe on the couch.', 'Phoebe sits on the couch, gazing at Monica.', 'Monica stands, Phoebe looks back at her.', 'Monica and Phoebe engage in a silent conversation.', 'Monica and Phoebe sit together, facing each other.']",The city skyline glows at night.
1570,242.792,tt0583643,239.831,"['Monica and Phoebe exchange glances, while Rachel stands nearby.', 'Rachel and Monica converse, with Phoebe seated nearby.', 'Monica and Dr. Ross engage in a conversation, with Phoebe watching.', 'Phoebe sits, as Monica and Rachel stand near the window.', 'Monica, Rachel, and Dr. Ross stand together, discussing something.']","In the theater aisle, Ross and his date find Rachel with her date."
1571,277.433,tt0583643,275.912,"['Rachel walks away from Ross.', 'Ross talks to a man.', 'Ross engages in conversation with him.', ""He holds a man's hand."", ""Ross stands with a man's hand.""]",They leave Ross and Tommy.
1572,297.809,tt0583643,295.967,"['Ross looks at the man holding a red book.', 'The man hands Ross a red book, and they gaze at each other.', ""Ross receives a red book from the man, who's watching him."", ""Ross takes a red book from the man, who's looking at him."", 'The man gives Ross a red book, and they make eye contact.']",They find an older couple in their seats.
1573,310.419,tt0583643,308.918,"['Ross looks at a program.', 'Ross examines the program.', 'Ross holds a program.', 'Ross studies the program.', 'Ross views the program.']",He finds it in his jacket pocket.
1574,338.678,tt0583643,336.277,"['Ross walks away from the audience holding a program.', 'Ross stands up and walks away from the audience.', 'Ross interacts with the audience, holding a program.', 'Ross walks away, addressing the audience with a program.', ""Ross stands up, walking away with an audience member's program.""]",Tommy tosses the ticket and the couple scurries off.
1575,340.419,tt0583643,339.238,"['Ross talks to the audience.', 'Ross addresses the crowd seated.', 'Ross stands in the theater.', 'Ross speaks to the people.', 'Ross stands amidst the seats.']",Ross stands frozen.
1576,347.302,tt0583643,344.119,"['Ross Geller sits down in the audience, interacting with the crowd.', 'Ross Geller takes a seat among the audience, engaging with the crowd.', 'Ross Geller joins the audience, interacting with the people around him.', 'Ross Geller enters the audience, greeting the people seated nearby.', 'Ross Geller settles into the audience, connecting with the people around him.']","Tommy takes the aisle seat, and Ross sits stiffly beside him."
1577,349.964,tt0583643,347.923,"['Ross walks into the Lucille Lortel Theatre.', 'Ross looks around the Lucille Lortel Theatre.', 'Ross walks and looks around the theatre.', 'Ross enters the Lucille Lortel Theatre.', 'Ross walks and glances around the theatre.']",Neon lights shine on the theater marquee.
1578,354.589,tt0583643,350.665,"['Ross sits in the audience, looking at the stage outside the theater entrance.', 'Ross gazes at the stage while people stand outside the theater entrance.', 'People stand outside the theater entrance as Ross looks at the stage.', 'Ross sits in the audience, taking in the scene outside the theater.', 'Outside the theater, people stand at the entrance as Ross watches the stage.']","At the after-party inside, the crew waits for Joey to return from backstage."
1579,377.741,tt0583643,375.94,"['Ross holds a drink with Joey.', 'Kate holds a cup as Joey talks.', 'Chandler chats with the Director over drinks.', 'Joey sips a drink while talking to Kate.', 'The group gathers with drinks in hand.']",The director pushes in and kisses Kate.
1580,381.823,tt0583643,380.042,"['Monica and Chandler hug, hands together.', 'Monica talks to the group, Chandler by her side.', 'Joey stands still, hands in pockets, near Monica.', ""Monica's dress shines, Chandler's jacket nearby."", 'Monica and Chandler share a warm hug.']",He grips her arm and leads her away.
1581,386.725,tt0583643,385.364,"['Joey looks at Rachel.', 'Rachel and Joey stare at each other.', 'Monica observes Joey and Rachel.', 'Joey and Rachel gaze at each other.', 'Rachel looks at Joey quietly.']",Ross takes Chandler aside.
1582,418.391,tt0583643,416.73,"['Rachel and Joey sit down on a couch.', 'Rachel and Joey shake hands, then sit down.', 'Rachel and Joey take a seat on the couch.', 'Joey and Rachel sit on a couch together.', 'Rachel and Joey settle onto the couch.']",Pete sits with his arm around Monica.
1583,449.591,tt0583643,448.751,"['Monica holds a cup.', 'Rachel watches them.', 'Joey listens to Monica.', 'Monica talks to Joey.', 'Rachel looks at them.']",Monica and Rachel.
1584,495.235,tt0583643,493.515,"['Pete holds a cup of coffee.', 'Ross talks to Pete holding coffee.', 'Ross stands with Pete in a crowd.', 'Pete holds a cup amidst a crowd.', 'Ross and Pete stand in a bustling room.']",She passes the director on her way out.
1585,500.514,tt0583643,498.175,"['Ross and Joey point at the newspaper.', 'The Director reads the newspaper, pointing to Monica and Rachel.', 'Monica and Rachel examine the newspaper with the Director.', 'Joey, Ross, and the Director discuss the newspaper.', 'The Director, Monica, and Rachel study the newspaper together.']",Everyone gathers round as he opens up a newspaper.
1586,539.919,tt0583643,535.737,"['Ross reads a newspaper, then talks to Monica, who listens attentively.', 'Monica listens to Ross as he reads the newspaper, while Rachel watches the Director.', 'The Director addresses the group, with Ross and Monica engaged in conversation nearby.', 'Rachel looks at the Director, while Ross and Monica discuss something in the newspaper.', 'Ross shares the newspaper with Monica, as the Director speaks to the group nearby.']","He peers closer at the newspaper, then crumples it and tosses it on the floor."
1587,557.631,tt0583643,555.069,"['Rachel walks towards the table as Joey and Monica sit nearby.', 'Monica sits on the couch while Phoebe stands next to Chandler.', 'Ross talks to Joey as Rachel approaches the table.', 'Chandler stands next to Monica on the couch, with Phoebe nearby.', 'The friends gather around the table, with Rachel joining the group.']",The small crowd parts for him as he hurries toward the door.
1588,559.613,tt0583643,558.332,"['Ross talks, Joey falls, wine spills.', 'Rachel stands by as Joey falls over.', 'Joey knocks over a wine bottle.', ""Ross and Joey's conversation ends abruptly."", ""Joey's clumsiness causes a wine spill.""]",Joey picks up the newspaper.
1589,583.369,tt0583643,581.168,"['Phoebe walks to the kitchen and back to Rachel.', 'Phoebe stands up and walks to the kitchen, then returns.', 'Phoebe gets up and heads to the kitchen, then re-enters.', 'Phoebe leaves the couch and walks to the kitchen, then returns.', 'Phoebe walks to the kitchen, interacts with Rachel, and returns.']",She wraps a cat's cradle string around her shoe.
1590,587.171,tt0583643,584.089,"['Phoebe walks into the room, followed by Rachel.', 'Rachel looks at Phoebe as she walks into the bedroom.', 'Phoebe enters the bedroom, with Rachel following her.', 'Rachel follows Phoebe into the bedroom.', 'Phoebe and Rachel move into the bedroom together.']","Rachel and Monica go into their rooms, then walk out again."
1591,593.604,tt0583643,592.745,"['Phoebe holds a necklace.', 'Joey enters the room.', 'Phoebe talks to Joey.', 'Joey sits down.', 'Phoebe holds a necklace.']",They switch rooms.
1592,596.845,tt0583643,594.325,"['Phoebe hands Joey a cup on the couch.', 'Joey sits with Phoebe on the couch, taking a cup.', 'Phoebe sits with Joey on the couch, sharing a cup.', 'Joey accepts a cup from Phoebe on the couch.', 'Phoebe and Joey sit together on the couch, sipping a cup.']","At the empty theater, Joey finds Kate sitting alone."
1593,613.851,tt0583643,611.97,"['Joey looks at Kate, who sips from a cup.', 'The Director enters, looking at Joey and Kate.', 'Joey and Kate sit near a table with a cup.', 'Kate takes a sip from a cup as Joey watches.', 'The Director approaches Joey and Kate at the table.']",The director slumps through a stage door.
1594,618.634,tt0583643,617.313,"['Kate looks at Joey.', 'Joey gazes at Kate.', 'Kate and Joey exchange glances.', 'Joey and Kate stare at each other.', 'Kate and Joey look at each other.']",He points to Joey and Kate.
1595,687.118,tt0583643,684.316,"['Kate laughs and points at Joey, then kisses him.', 'Joey stands before Kate, who laughs and kisses him.', ""Kate points and laughs, then kisses Joey's lips."", ""Kate kisses Joey, who's standing in front of her."", 'Kate laughs and points at Joey before kissing him.']","She bites her lip as she gazes at him, then leans in."
1596,688.399,tt0583643,687.619,"['Joey and Kate kiss.', 'Kate walks away.', 'Joey and Kate kiss.', 'Kate leaves Joey.', 'Joey kisses Kate.']",They share a kiss.
1597,692.962,tt0583643,691.741,"['Joey and Kate share a kiss.', 'Joey walks away after the kiss.', ""Joey and Kate's lips touch."", ""Kate and Joey's brief romance ends."", 'Joey departs after their kiss.']",He flips on the lights.
1598,735.039,tt0583643,731.638,"['Kate adjusts her hair, gazing at Joey as he listens intently.', 'Joey focuses on Kate, who tweaks her necklace and bracelet.', ""Kate's hand moves to adjust her hair, as Joey maintains his attention."", ""Kate's fingers play with her hair, while Joey's eyes remain fixed on her."", ""Joey's gaze stays on Kate, who smooths her hair, her hands moving slowly.""]","They sit, and he smiles sarcastically."
1599,741.923,tt0583643,740.862,"[""Kate touches Joey's face."", 'Joey listens to Kate.', 'Kate smiles at Joey.', ""Kate's hand touches his face."", 'She strokes his cheek.']",She caresses his neck.
1600,759.232,tt0583643,758.451,"['Joey holds Kate.', 'Joey stands up.', 'Joey walks away.', 'Joey and Kate talk.', 'Joey leaves Kate.']",He frowns at her.
1601,773.774,tt0583643,768.931,"['Joey stands up and pulls the blanket off the woman, looking at her.', 'Joey pulls the blanket off the woman, revealing her, as he looks at her.', 'Joey stands up and pulls the blanket off the woman, his gaze fixed on her.', 'Joey gets up and pulls the blanket off the woman, taking in her appearance.', 'Joey rises and pulls the blanket off the woman, his eyes scanning her.']","He slips out from under her and lowers her head gently onto the daybed, then covers her with a blanket."
1602,780.639,tt0583643,779.458,"['Joey leans down to kiss Kate.', 'Kate smiles as Joey walks away.', 'Joey kisses Kate on the cheek.', 'Joey stands up and leaves Kate.', ""Kate looks up at Joey's smile.""]",He picks up a big can.
1603,792.407,tt0583643,790.246,"['Joey holds a book on the couch with Kate.', 'Phoebe enters the room to join Joey and Kate.', 'Joey and Kate sit on the couch together.', 'Kate holds a bottle of water on the couch.', 'Joey and Kate sit on the couch, book and water present.']",He smooths her hair back and kisses her forehead.
1604,797.811,tt0583643,795.649,"['Phoebe holds a box of cereal on the couch.', 'Phoebe talks on the phone while holding cereal.', 'Phoebe looks at her phone on the couch.', 'Phoebe sits on the couch with cereal.', 'Phoebe holds a cereal box on the couch phone.']","At sunrise, Phoebe sits beside the phone."
1605,419.331,tt0583565,418.15,"['Chandler holds a beer.', 'Chandler sits with a beer.', 'Chandler sips his beer.', 'Chandler talks with a beer.', 'Chandler sits and holds a beer.']",Phoebe and Rachel walk in.
1606,474.248,tt0583565,471.366,"['Chandler sits at a table with a drink.', 'Ross lies on a hospital bed, being looked at by Chandler.', 'Chandler looks at Ross, who is lying on a hospital bed.', 'Chandler sips his drink while Ross rests on a hospital bed.', 'Ross lies on a hospital bed as Chandler sits nearby.']","Meanwhile, Ross lies on his belly on an exam table."
1607,479.752,tt0583565,474.828,"['Chandler Bing lies on a hospital bed, looking at Dr. Ross Geller speaking beside him.', ""Dr. Ross Geller stands beside Chandler Bing's hospital bed, speaking to him."", 'Chandler Bing looks at Dr. Ross Geller as he speaks from beside the hospital bed.', 'Dr. Ross Geller is speaking to Chandler Bing, who is lying on a hospital bed.', 'Chandler Bing lies on a hospital bed, with Dr. Ross Geller nearby, speaking to him.']","A sheet covers his backside as more than a dozen doctors gather round, conferring amongst themselves."
1608,498.333,tt0583565,496.01,"['Ross bends down to the patient.', 'Ross speaks to the doctors, then bends down.', 'Ross speaks to the group, then tends to the patient.', 'Ross tends to the patient with the medical equipment.', ""Ross leans down to examine the patient's condition.""]",He lifts the sheet and all the doctors lean in.
1609,503.939,tt0583565,502.898,"['Ross speaks to the doctors.', 'Doctors surround the patient.', 'Ross addresses the medical team.', 'Doctors gather around the gurney.', 'Ross leads the discussion.']",Ross rolls his eyes.
1610,512.628,tt0583565,512.088,"['Monica, Joey, and Chandler enter.', 'They wave at each other.', 'Monica, Joey, and Chandler leave.', 'Monica, Joey, and Chandler wave.', 'They enter and leave.']",They go on.
1611,518.391,tt0583565,517.971,"['Monica and Joey wave hands.', 'Chandler joins in waving.', 'Monica and Joey wave hands together.', 'Joey and Monica wave wildly.', 'Monica, Joey, and Chandler wave.']",They dim.
1612,635.493,tt0583565,634.259,"['Monica holds a book to Joey.', 'Joey listens to Monica speaking.', 'Monica looks at Joey sitting.', 'Monica holds a book, looking at Joey.', 'Joey stares at Monica holding a book.']",Monica's eyes go wide.
1613,652.471,tt0583565,651.216,"['Monica holds and examines the lamp.', 'Ross places the lamp on the table.', 'Monica smiles at the lamp.', 'Monica walks away from the lamp.', 'Ross puts the lamp on the table.']",And that's Pete's mom.
1614,655.121,tt0583565,653.099,"['Monica enters, talking to Rachel in the apartment.', 'Rachel and Monica step into the apartment, chatting.', 'Monica and Rachel enter, conversing in the living room.', 'Rachel and Monica enter, discussing something in the apartment.', 'Monica and Rachel walk into the apartment, talking together.']",The friends hide as she appears on screen.
1615,664.752,tt0583565,663.923,"['Monica looks at Rachel.', 'Rachel and Monica walk together.', 'Monica and Rachel gaze at each other.', 'Monica shows Rachel something.', 'Rachel and Monica browse shelves.']",Back at Monica's.
1616,261.917,tt0583657,260.836,"['Doug points at someone.', 'Doug talks to the group.', 'Doug gestures to someone.', 'He addresses the group.', 'Doug talks to the table.']",The boss looks at him.
1617,278.607,tt0583657,276.626,"['Doug enters, and Chandler looks at him.', 'Chandler looks at Doug, then walks away.', 'Doug and Chandler look at each other.', 'Chandler walks away after gazing at Doug.', 'Doug enters, and Chandler briefly looks at him.']",He winds up and slaps Chandler's butt.
1618,280.988,tt0583657,279.147,"['Doug looks at Chandler talking on phone.', 'Chandler looks at Doug while on phone.', 'Doug gazes at Chandler on phone call.', 'Chandler glances at Doug during phone chat.', 'Doug stares at Chandler on the phone.']","Chandler slowly walks out, shaken."
1619,283.05,tt0583657,281.469,"['Doug looks at Chandler on the phone.', 'Chandler holds the phone to his ear.', 'Doug stands in front of Chandler on call.', 'Chandler looks at Doug while on the phone.', 'Doug faces Chandler on the phone call.']","At Monica's, Ross makes a call."
1620,326.753,tt0583657,324.091,"['Joey and Rachel sit on the couch together.', 'Monica and Phoebe sit on the couch, looking at each other.', 'Joey and Phoebe stand near the coffee table.', 'Rachel and Monica sit on the couch, with a vase nearby.', 'Phoebe stands near the bookshelf, surrounded by lamps and vases.']",Joey slaps Ross's butt and Ross throws up his hands.
1621,348.403,tt0583657,347.562,"['Ross looks at Rachel.', 'Rachel looks at Ross.', 'Ross and Rachel gaze at each other.', 'Ross and Rachel share a glance.', 'They exchange a look.']",They grab their coats.
1622,374.764,tt0583657,372.261,"['Joey holds a jacket, standing with Rachel beside him.', 'Ross stands next to Chandler, looking at him.', 'Monica and Phoebe stand together, with Monica looking at Ross.', 'Joey holds a jacket, with Rachel standing nearby.', 'The group stands together, with Joey holding a jacket.']",Joey stares off and squints in concentration.
1623,379.029,tt0583657,377.166,"['Monica and Chandler look at each other.', 'Chandler waves to Monica and Rachel.', 'Monica holds a bag and walks out.', 'Monica and Rachel chat while walking out.', 'Monica exits with Joey and Dr. Ross.']","They head out, but Phoebe stops Rachel."
1624,421.468,tt0583657,420.35,"['Phoebe stands in front of the counter.', 'Rachel walks away with a bag.', 'Phoebe talks to Rachel by the counter.', 'Rachel holds a bag, walking away.', 'Phoebe and Rachel converse in the kitchen.']",She smacks Rachel's butt.
1625,424.574,tt0583657,422.117,"['Phoebe stands in front of a kitchen counter, talking to Rachel.', 'Rachel walks away, carrying a bag, as Phoebe stands nearby.', 'Phoebe and Rachel converse near a kitchen counter with various items.', 'Rachel holds a bag and walks away, while Phoebe remains standing.', 'Phoebe and Rachel stand in front of a kitchen counter, engaged in conversation.']",Pete's trainer stands by as Pete punches a bag.
1626,444.716,tt0583657,442.077,"['Hoshi holds a red ball while talking to Pete Becker.', 'Pete Becker stands while talking to Hoshi, who holds a red ball.', 'Hoshi talks and holds a red ball, interacting with Pete Becker.', 'Pete Becker talks to Hoshi, who is holding a red ball.', 'Hoshi holds a red ball as he converses with Pete Becker.']",He punches a tethered ball as Monica arrives.
1627,453.175,tt0583657,451.712,"['Hoshi punches Pete and sits on him.', ""Pete falls onto the bed after Hoshi's punch."", 'Hoshi sits on Pete after the punch.', 'Pete falls onto the bed as Hoshi attacks.', 'Hoshi sits on Pete after a punch lands.']",Pete lies on a massage table.
1628,482.07,tt0583657,480.527,"['Pete looks at Hoshi with Monica nearby.', ""Monica observes Pete and Hoshi's conversation."", 'Pete wears a black glove as they talk.', 'Pete and Hoshi engage in a conversation.', 'Monica watches Pete and Hoshi interact.']",Hochi massages Pete's back.
1629,497.561,tt0583657,495.409,"['Pete lies on the bed as Hoshi looks at him.', 'Hoshi stands next to Pete on the bed, gazing at him.', 'Pete and Hoshi are on the bed, with a man behind them.', 'Hoshi looks at Pete on the bed, as a man looms behind.', 'Pete lies on the bed, with Hoshi watching him and a man nearby.']","Hochi stalks off, and Monica leans in."
1630,502.553,tt0583657,499.28,"['Monica talks to the man holding a towel and boxing gloves.', 'The man holds a towel and boxing gloves while looking at Monica.', 'Monica converses with the man holding a towel and boxing gloves.', 'The man wearing boxing gloves looks at Monica while holding a towel.', 'Monica and the man with boxing gloves engage in a conversation.']",Except by just a boom.
1631,515.674,tt0583657,514.76,"['Phoebe and Rachel look at each other.', 'Rachel and Phoebe chat.', 'Phoebe and Rachel gaze at each other.', 'Rachel and Phoebe converse.', 'Phoebe and Rachel share a glance.']",A beautiful blonde.
1632,533.828,tt0583657,532.772,"['Phoebe points at Rachel.', 'Rachel and Phoebe gaze.', 'Phoebe gestures at Rachel.', 'Rachel and Phoebe stare.', 'Phoebe points at her.']",She forces a smile.
1633,569.947,tt0583657,567.592,"['Rachel and Phoebe walk out of the coffee shop.', 'Rachel and Phoebe enter and exit the coffee shop together.', 'Phoebe and Rachel walk in and then walk out of the coffee shop.', 'Rachel and Phoebe go in and out of the coffee shop.', 'Rachel and Phoebe enter and leave the coffee shop together.']",Phoebe glances inside and shrugs.
1634,581.497,tt0583657,576.95,"['Rachel looks concerned as she talks to someone off-screen.', ""Rachel's concerned expression grows as she gazes at someone unseen."", ""Rachel's face shows concern as she engages in a conversation."", ""Rachel's worried expression is evident as she talks to an unseen person."", ""Rachel's concerned eyes are fixed on someone not in view.""]","At work, Chandler bends over to grab a cup for the water cooler as his boss rounds a corner."
1635,584.644,tt0583657,583.771,"['Chandler looks at Doug.', 'Doug holds his phone.', 'Chandler gazes at Doug.', 'Doug stares at phone.', 'Chandler looks at phone.']",Chandler straightens up.
1636,589.497,tt0583657,588.604,"['Chandler points at Doug.', 'Doug is pointed at.', 'Chandler gestures to Doug.', 'Chandler points to Doug.', 'Doug is being pointed out.']",Chandler jumps back.
1637,595.141,tt0583657,594.512,"['Doug looks at Chandler.', 'Chandler faces Doug.', 'Doug and Chandler gaze.', 'They stare at each other.', 'Doug and Chandler look.']",He spanks him.
1638,600.013,tt0583657,599.545,"['Chandler walks away.', 'Doug and Chandler laugh.', 'Chandler and Doug stare.', 'Chandler leaves Doug.', 'Chandler and Doug look.']",He leaves.
1639,627.348,tt0583657,626.288,"['Doug looks at Chandler.', 'Chandler watches Doug walk away.', 'Doug holds popcorn, looks at Chandler.', ""Chandler stares at Doug's blue jacket."", 'Doug walks, holds popcorn, away.']",His boss spanks him.
1640,633.273,tt0583657,627.969,"['Chandler Bing and Doug sit together, each holding a drink and a bucket of popcorn.', 'Chandler Bing talks to Doug, who holds a drink and a bucket of popcorn, as they sit together.', 'Doug holds a drink and a bucket of popcorn while Chandler Bing chats with him.', 'Chandler Bing and Doug engage in conversation while holding drinks and buckets of popcorn.', 'The scene shows Chandler Bing and Doug sitting together, both holding drinks and buckets of popcorn, as they talk.']","At a UFC match, Ross carries a bucket of popcorn and a huge cup of soda over to his seat beside Monica."
1641,666.385,tt0583657,663.584,"['Monica and Ross run out of the smoke cloud together.', 'Monica and Ross exit the smoke cloud, hand in hand.', 'Ross and Monica emerge from the smoke, side by side.', 'Monica and Ross run out of the smoke, in tandem.', 'Ross and Monica step out of the smoke cloud, united.']",The Gellers stand and applaud as Pete and his trainers run out.
1642,671.947,tt0583657,669.606,"['Pete Becker stands in the ring, holding a microphone.', 'Pete Becker holds a microphone in the ring.', 'Pete Becker stands in the ring with a microphone.', 'Pete Becker holds a microphone in the ring, speaking.', 'Pete Becker stands in the ring with a microphone in hand.']",Pete wears a martial arts uniform as he enters the ring.
1643,691.777,tt0583657,688.556,"['Monica talks to Ross while Pete looks on, smoking a cigarette.', 'Pete stands next to Monica and Ross, watching them converse.', 'Ross smokes a cigarette as Monica chats with him, with Pete nearby.', 'Monica and Ross engage in a conversation, with Pete observing, smoking.', 'Ross puffs on a cigarette as Monica talks to him, with Pete standing nearby.']",Ross stops booing as he sees Tank lumbering into the ring.
1644,695.179,tt0583657,692.318,"['Pete looks at Ross, who gazes back at him.', 'Pete stands before Ross, who sits and looks up at him.', 'Ross sits, and Pete stands, gazing at him.', 'Pete and Ross face each other, eyes locked.', 'Ross sits, and Pete stands, looking at him intently.']",The large bearded man wears a white t-shirt that says Tank.
1645,697.54,tt0583657,695.839,"['Pete looks at Ross, who looks back.', 'Ross stands in front of Pete, engaged.', 'Pete and Ross face each other.', 'Ross and Pete have an intense stare.', 'The two men stand facing each other.']",Monica runs up to Pete's side of the ring.
1646,711.025,tt0583657,708.844,"['Pete Becker stands before a crowd with Ross Geller.', 'Ross Geller faces a crowd, with a man in a cage nearby.', 'Pete Becker talks to Ross Geller in front of a crowd.', 'The referee walks in front of a crowd, with a man in a cage.', 'Ross Geller stands before a crowd with Pete Becker nearby.']",Tank strips off his shirt and tosses it aside.
1647,713.065,tt0583657,711.505,"['Monica holds a piece of paper.', ""Ross looks at Monica's paper."", 'Monica examines a piece of paper.', ""Ross focuses on Monica's hand."", 'Monica studies the paper carefully.']",Pete kisses Monica through the cage.
1648,722.307,tt0583657,720.407,"['UFC puts on a mouth guard and walks around.', 'UFC walks around, looking around cautiously.', 'UFC walks and looks around the area.', 'UFC walks, examining the surroundings carefully.', 'UFC puts on a mouth guard and looks around.']",Tank grins as he pops his mouth guard in.
1649,728.842,tt0583657,726.12,"['UFC jumps on UFC, then jumps on UFC again.', 'UFC jumps on UFC, then jumps on UFC again.', 'UFC jumps on UFC, then jumps on UFC again.', 'UFC jumps on UFC, then jumps on UFC again.', 'UFC jumps on UFC, then jumps on UFC again.']",Tank walks toward Pete and scoops him up onto his shoulder.
1650,732.204,tt0583657,731.484,"['He jumps him down.', 'He throws him to ground.', 'He takes him down.', 'He tackles him rough.', 'He slams him hard.']",Monica gapes.
1651,618.201,tt0583496,616.317,"['Monica stands up, speaking to the group.', ""Ross listens attentively to Monica's words."", 'Joey and Rachel join the conversation.', 'Phoebe adds her thoughts to the discussion.', 'The friends gather around, engaged in a lively chat.']",Monica rolls the dice and sits at the table.
1652,643.686,tt0583496,640.514,"['Rachel sips from her glass as Ross holds his own nearby.', 'Joey talks to Phoebe while they both drink from their glasses.', 'Ross holds a glass as Rachel drinks from hers, engaged in conversation.', 'Phoebe and Joey chat while they both take sips from their glasses.', 'Rachel and Ross converse as they both hold and drink from their glasses.']","Ross smiles as he glances at his friends, then drops his gaze."
1653,645.431,tt0583496,644.301,"['Phoebe drinks from a glass.', 'Ross looks at Phoebe.', 'Rachel watches Ross.', 'Phoebe takes a sip.', 'Ross gazes at Phoebe.']",He rolls and moves his piece.
1654,682.783,tt0583496,680.404,"['Rachel and Ross examine their cards.', 'Ross and Joey inspect their cards closely.', 'Rachel, Ross, and Joey study their cards.', ""Ross looks at his card, then at Rachel's."", 'Rachel, Ross, and Joey gaze at their cards.']",All the friends have their clothes on except Joey.
1655,734.21,tt0583496,733.456,"['Rachel talks to Monica.', 'Monica laughs at Rachel.', 'Rachel speaks with Monica.', 'Monica giggles at Rachel.', 'Rachel converses with Monica.']",Bonnie arrives.
1656,753.136,tt0583496,750.856,"['Ross sits at a table with Bonnie standing next to him.', 'Bonnie stands beside Ross as he sits at a table.', 'Ross sits at a table with a drink, Bonnie beside him.', 'Bonnie looks at Ross as they sit at a table.', 'Ross and Bonnie sit together at a table, looking at each other.']",She peels off her sweater to reveal a lacy bra.
1657,754.682,tt0583496,753.592,"['Joey and Chandler look at Rachel.', 'Rachel speaks to Joey and Chandler.', 'Joey and Chandler gaze at Rachel.', 'Rachel stands before Joey and Chandler.', 'Joey and Chandler focus on Rachel.']",Rachel's face falls.
1658,758.587,tt0583496,756.804,"['Rachel stands in the kitchen, holding a bottle.', 'Rachel talks in the kitchen, near a blender.', 'Rachel is in the kitchen, near a pitcher.', 'Rachel stands in the kitchen, with a bottle nearby.', 'Rachel talks in the kitchen, by the counter.']","In the morning, Monica pours cereal."
1659,777.418,tt0583496,776.467,"['Monica reaches for cereal.', 'Chandler and Monica look at each other.', 'Monica gets the cereal box.', 'Chandler and Monica stare at each other.', 'Monica takes the cereal box.']",Rachel trudges over.
1660,793.379,tt0583496,789.452,"['Joey Tribbiani lies on the floor, covered in sand.', 'Joey Tribbiani is seen lying on the sandy floor.', 'Joey Tribbiani lies on the sandy floor, unmoving.', 'Joey Tribbiani is lying on the floor, surrounded by sand.', 'Joey Tribbiani is sprawled on the sandy floor, still.']",His hands rest on a pair of sand boobs and the tail curls down over his legs.
1661,835.162,tt0583496,832.088,"['Joey sits up from his sandy grave, looking around.', 'Joey emerges from the sand, his head above the surface.', ""Joey's face appears above the sand, his eyes scanning the area."", ""Joey's head clears the sand as he takes a look around."", ""Joey's sandy prison yields as he rises to a seated position, gazing out.""]","Joey looks down at his chest, and his eyes widen in shock."
1662,837.719,tt0583496,835.598,"[""Joey's head moves in the sand."", ""Joey's mouth moves in the sand."", ""Joey's head and mouth move in the sand."", ""Joey's head bobs in the sand."", ""Joey's mouth and head move in the sand.""]",Then he smiles and nods as he stares at them.
1663,841.665,tt0583496,838.711,"['Joey stands up from the sand, looking at Ross.', 'Joey rises from the sand, gazing at Ross nearby.', ""Joey gets up from the sand, catching Ross's eye."", 'Joey stands up from the sand, Ross watching.', 'Joey emerges from the sand, glancing at Ross.']","Now, Bonnie dries her hair as she finds Rachel outside."
1664,196.086,tt0775431,194.895,"['Leonard speaks to Sheldon.', 'Sheldon looks at Leonard.', 'Leonard stands in front of signs.', ""Sheldon faces the 'Out of Order' sign."", ""Leonard addresses the 'Out of Order' sign.""]",Penny turns and smiles.
1665,224.431,tt0775431,222.934,"['Leonard and Sheldon look at Penny.', 'Penny holds a broom, facing them.', 'Sheldon and Leonard gaze at Penny.', 'Penny stands, broom in hand.', 'They focus on Penny, holding a broom.']","Nodding, Leonard furrows his brow."
1666,286.548,tt0775431,284.448,"['Sheldon looks at Leonard entering the room.', 'Leonard enters the room, Sheldon watching him.', ""Sheldon stands still, looking at Leonard's approach."", ""Leonard walks in, Sheldon's gaze following him."", 'Sheldon focuses on Leonard as he enters the room.']",Sheldon runs after Leonard back into the hallway.
1667,488.389,tt0775431,479.062,"['Sheldon stands up and talks to Leonard on the couch, while Penny watches from beside him, with a dartboard visible on the wall.', 'Leonard sits on the couch, with Penny beside him, as Sheldon stands up and discusses something with him.', 'Penny sits on the couch, observing Sheldon and Leonard as they engage in a conversation, with a dartboard on the wall.', 'Sheldon stands up, talking to Leonard on the couch, with Penny watching from beside him, and a dartboard nearby.', 'Leonard sits on the couch, with Penny and Sheldon standing nearby, discussing something, with a dartboard visible on the wall.']","Sheldon creeps around the room, approaching one desk chair, then another, before turning back toward the sofa."
1668,495.895,tt0775431,494.167,"['Penny and Leonard sit on the couch together.', 'Sheldon joins Penny and Leonard on the couch.', 'Penny and Leonard sit with Sheldon on the couch.', 'Leonard looks at Penny, and Sheldon is nearby.', 'Penny and Leonard sit with Sheldon on the couch together.']",He sits on the sofa's left-in cushion.
1669,523.523,tt0775431,522.833,"['Penny holds a fork.', 'Leonard talks to Penny.', 'Penny looks at Leonard.', 'Penny eats with a fork.', 'Penny holds a dish.']",Penny smiles.
1670,568.54,tt0775431,567.139,"['Sheldon eats from a tin.', 'Leonard and Sheldon share a snack.', 'Sheldon talks to Leonard while eating.', 'They enjoy food from tins.', 'Sheldon and Leonard eat together.']",Leonard stares toward the ceiling.
1671,598.123,tt0775431,596.011,"['Leonard looks at Penny, then covers his mouth.', 'Penny talks to Leonard, who puts his hand on his mouth.', 'Leonard puts his hand on his mouth, looking at Penny.', 'Penny and Leonard interact, with Leonard covering his mouth.', 'Leonard covers his mouth, gazing at Penny.']","Leonard points toward Penny, then nods repeatedly."
1672,642.447,tt0775431,638.052,"['Penny walks to the kitchen and sits down on the couch beside Sheldon and Leonard.', 'Sheldon eats a dish while Leonard talks to him as Penny joins them on the couch.', 'Penny sits down next to Sheldon and Leonard on the couch, joining their conversation.', 'Leonard talks to Sheldon as Penny enters the room and sits down beside them on the couch.', 'Penny sits down on the couch where Sheldon and Leonard are already seated, eating and chatting.']","As Penny stands and fetches a paper towel, Sheldon springs over to his spot on the sofa."
1673,679.556,tt0775431,678.021,"['Penny throws water at Leonard.', 'Leonard looks at Penny after water.', ""Penny throws water at Leonard's face."", 'Leonard stares at Penny after splashing.', ""Penny's water hits Leonard's face.""]","Still tearing up, Penny frowns."
1674,683.435,tt0775431,682.149,"['Penny stands in front of Leonard eating.', 'Leonard eats from a bowl while Penny talks.', 'Penny looks at Leonard eating.', 'Penny approaches Leonard eating on couch.', 'Leonard eats with Penny nearby.']",Leonard returns to his chair.
1675,704.966,tt0775431,704.237,"['Sheldon eats slowly.', 'Leonard looks at Sheldon.', 'Sheldon eats quietly.', 'Leonard observes Sheldon.', 'Sheldon savors food.']",Penny walks off.
1676,787.186,tt0775431,785.342,"['Leonard walks towards the couch.', 'Howard and Raj stand in the doorway.', 'Leonard approaches Howard and Raj.', 'Leonard looks at Howard and Raj.', 'Leonard walks in with Howard and Raj.']",Leonard opens the door for Howard and Raj.
1677,792.132,tt0775431,791.479,"['Leonard enters room.', 'Leonard looks at computer.', 'Leonard checks dartboard.', 'Leonard repeats computer check.', 'Leonard examines dartboard.']",A DVD.
1678,803.418,tt0775431,800.961,"['Leonard holds a bottle of water and talks to Howard.', 'Howard holds a bottle of water and talks to Raj.', 'Raj holds a bottle of water and talks to Howard.', 'Leonard talks to Howard while holding a bottle of water.', 'Howard and Raj converse while holding bottles of water.']",Howard wags his fingers against his lips as he speaks.
1679,833.361,tt0775431,831.672,"['Raj looks at Sheldon holding a pen.', 'Sheldon sits, holding a bottle, as Raj talks.', 'Raj stands, holding a pen, in front of Sheldon.', 'Sheldon sits, holding a bottle, as Raj approaches.', 'Raj holds a pen, looking at Sheldon sitting.']",Penny returns wearing only a towel.
1680,877.543,tt0775431,875.29,"['Penny stands in the doorway, watching Leonard walk towards her.', 'Leonard walks towards the bathroom, passing by Penny in the doorway.', 'Penny looks at Leonard as he walks towards the bathroom.', 'Leonard approaches Penny in the doorway, wearing a jacket.', 'Penny stands in the doorway, gazing at Leonard as he walks by.']",Leonard fiddles with a knob on the bathtub faucet.
1681,911.998,tt0775431,910.322,"['Green talks to red while driving.', 'Red drives as green speaks to him.', 'Green speaks as red drives the car.', 'Red drives, green talks beside him.', 'Green talks to red in the car.']",Leonard and Sheldon ride in Leonard's car.
1682,995.223,tt0775431,991.45,"['Penny looks at Raj as he eats from a tin.,.', 'Raj eats from a tin as Penny watches.,.', 'Penny observes Raj eating from a tin.,.', 'Raj eats from a tin while Penny looks on.,.', 'Penny gazes at Raj as he eats from a tin.']","Eating from a container, Raj glances briefly at Penny, then looks away and chews."
1683,1008.323,tt0775431,1007.63,"['Howard stands near Penny.', 'Penny holds the remote.', 'Raj holds a juice box.', 'Penny looks at Howard.', 'Howard and Raj hold juice boxes.']",Penny smiles.
1684,1011.847,tt0775431,1009.979,"['Penny holds a carton of milk while looking at Howard.', 'Howard stands holding a carton of milk, facing Penny.', 'Penny and Howard both hold cartons of milk.', 'Penny looks at Howard, who holds a carton of milk.', 'Howard holds a carton of milk, gazing at Penny.']",Howard holds out a juice box with a straw.
1685,1048.199,tt0775431,1045.086,"['Leonard enters and turns around, looking at Sheldon.', 'Sheldon stands still as Leonard walks in and turns around.', 'Leonard walks in and turns around, facing Sheldon.', 'Leonard opens the door and turns around, facing Sheldon.', 'Sheldon stands as Leonard enters and turns around.']","Leonard gazes at Sheldon, then approaches the building's double glass doors."
1686,1052.101,tt0775431,1048.66,"['Sheldon opens the door, looking at Leonard.', 'Leonard looks up as Sheldon enters the room.', 'Sheldon Cooper enters, gazing at Leonard Hofstadter.', 'Sheldon steps inside, his eyes fixed on Leonard.', ""Leonard's gaze meets Sheldon's as the door opens.""]","He gently pulls on one door's latch, then grabs both latches and shakes them."
1687,1068.459,tt0775431,1066.866,"['Two girls enter the room, holding a box and clipboard.', 'Girls approach, ring doorbell, and enter the room.', 'Girls press doorbell, open door, and enter.', 'Girls hold box, clipboard, and enter the room.', 'Girls ring doorbell, enter, and open the door.']",Two scouts carrying cookies walk up.
1688,1070.455,tt0775431,1068.651,"['Leonard presses the doorbell twice.', 'A woman stands next to the girl pressing the doorbell.', 'The girl presses the doorbell, then the woman does too.', 'The woman with groceries stands beside the door as the girl presses it.', 'The girl and woman take turns pressing the doorbell.']",One girl presses the entire row of buzzers.
1689,1071.242,tt0775431,1070.532,"['Sheldon and Leonard look at her.', 'Girl enters the building.', 'She carries a box in.', 'Sheldon and Leonard watch her.', 'She opens the door.']",The door opens.
1690,1077.75,tt0775431,1077.135,"['Leonard and Sheldon enter.', 'Sheldon and Leonard walk in.', 'They step inside.', 'Leonard and Sheldon knock in.', 'They open the door.']",Leonard knocks.
1691,1084.391,tt0775431,1082.203,"[""Leonard and Sheldon knock on Kurt's door."", 'Sheldon and Leonard look at Kurt after opening the door.', ""Leonard and Sheldon enter Kurt's home."", 'Kurt opens the door for Leonard and Sheldon.', 'Leonard, Sheldon, and Kurt face each other at the door.']",A dark-haired man with massive biceps steps out.
1692,1086.388,tt0775431,1084.775,"['Kurt enters the room, looking at Leonard.', 'Leonard opens the door, letting Kurt in.', 'Kurt looks at Leonard as he enters.', 'Leonard opens the door, Kurt walks in.', ""Kurt enters, gazing at Leonard's face.""]",The much shorter Leonard stares up at him.
1693,1109.77,tt0775431,1104.892,"['Leonard and Sheldon stand before a door, with Leonard in underwear and Sheldon in a shirt and shorts, looking at each other.', 'Sheldon and Leonard face a door, with Leonard wearing underwear and Sheldon wearing a shirt and shorts, their gazes locked.', 'Leonard and Sheldon stand at a door, with Leonard in his underwear and Sheldon in a shirt and shorts, their eyes on each other.', 'Sheldon and Leonard stand in front of a door, with Leonard wearing underwear and Sheldon wearing a shirt and shorts, gazing at each other.', 'Leonard and Sheldon stand at a door, with Leonard in underwear and Sheldon in a shirt and shorts, their faces inches apart as they look at each other.']","Later, wearing just their shirts, shoes, socks and underwear, Sheldon and Leonard step out of the building."
1694,1112.899,tt0775431,1110.077,"['Leonard and Sheldon stand outside, both in underwear and shirts.', 'Sheldon looks at Leonard as they stand outside a building.', 'Leonard talks to Sheldon outside, both wearing casual attire.', 'Sheldon listens to Leonard outside, both in shirts and underwear.', 'Leonard and Sheldon stand together outside, both partially dressed.']","Sheldon wears white briefs, Leonard wears dark print boxers."
1695,1188.552,tt0775431,1186.287,"['Howard and Raj look at a laptop together.', 'Penny walks away, leaving Howard and Raj with a laptop.', ""Howard and Raj focus on the laptop's screen."", 'Penny exits as Howard and Raj examine the laptop.', ""Howard and Raj study the laptop's contents.""]","As Penny steps away, Raj leans in toward Howard."
1696,1190.933,tt0775431,1189.839,"['Raj points at the laptop.', 'Howard watches the screen.', 'Penny looks at Raj and Howard.', 'Raj shows Howard something.', 'Howard focuses on the laptop.']",Leonard and Sheldon walk in.
1697,1216.878,tt0775431,1216.244,"['Penny enters, walks.', 'Sheldon and Leonard look.', 'Penny approaches dartboard.', 'Penny leaves room.', 'Sheldon and Leonard stare.']",Penny hugs them.
1698,74.332,tt1091289,73.065,"['Penny holds a banana, watched by Leonard and others.', 'Leonard looks at Penny, who holds a banana.', 'Penny holds a banana, with Leonard observing.', 'Leonard watches Penny, who holds a banana.', 'Penny holds a banana, as Leonard looks on.']",The other boys step into the hall.
1699,93.235,tt1091289,92.295,"['Sheldon holds the phone.', 'Sheldon looks at Raj.', 'Raj watches Sheldon.', 'Sheldon holds the phone.', 'Howard looks at Sheldon.']",Raj averts his eyes.
1700,208.269,tt1091289,205.906,"['Leonard, Howard, and Raj enter the room together.', 'The trio walks into the room as one unit.', 'Howard and Raj follow Leonard as they enter the room.', 'The friends step into the room, side by side.', 'Leonard leads the way as Howard and Raj enter behind him.']","Shelton tries to return inside, but the door won't open."
1701,238.994,tt1091289,237.65,"['Leonard holds a clipboard for Sheldon.', 'Sheldon writes on the clipboard.', 'Leonard and Sheldon discuss with clipboard.', 'Sheldon takes notes on the clipboard.', 'Leonard and Sheldon examine the clipboard.']",Leonard signs for a large package.
1702,305.791,tt1091289,304.428,"['Sheldon pushes the box with Leonard guiding it.', 'Leonard helps Sheldon move the large box upstairs.', 'Sheldon and Leonard move the box towards the stairs.', 'Sheldon pushes while Leonard guides the heavy box.', 'Leonard and Sheldon work together moving a box.']",They shove the box up one step.
1703,321.118,tt1091289,319.332,"['Red and green men help push the box upstairs.', 'Green man assists red man up the stairs.', 'Red man climbs stairs with box, green man helps.', 'Red man and green man push box up stairs together.', 'Red man and green man work together on stairs.']",Leonard climbs past the box to a landing.
1704,327.049,tt1091289,323.69,"['Leonard and Sheldon carry a large box up the stairs together.', 'Sheldon pushes the large box, while Leonard holds it steady up the stairs.', 'Leonard and Sheldon carry a large box, with Sheldon pushing and Leonard holding it steady.', 'Sheldon pushes a large box up the stairs, with Leonard holding it steady beside him.', 'Leonard and Sheldon walk up the stairs, carrying a large box between them.']","As Sheldon walks up the stairs to join him, the box slides back down to the lobby."
1705,333.269,tt1091289,332.213,"['Sheldon and Leonard carry a box.', 'Leonard helps Sheldon with a box.', 'Sheldon and Leonard move a box.', 'Sheldon carries a large box with Leonard.', 'Sheldon and Leonard haul a big box.']",They reach the second floor.
1706,465.088,tt1091289,463.34,"['Penny enters, sits, and stands up.', 'Penny walks to the couch and sits down.', 'Leonard and Sheldon look at each other.', 'Penny enters and sits on the couch.', 'Penny stands up from the couch.']",Penny tosses her jacket toward the couch.
1707,482.052,tt1091289,480.054,"['Penny stands with two men in gray and yellow shirts.', 'Penny talks to men in gray and yellow shirts.', 'Penny converses with two men nearby.', 'Two men in gray and yellow shirts stand with Penny.', 'Penny is surrounded by men in gray and yellow shirts.']",Leonard grabs Sheldon's arm and pulls him away.
1708,486.605,tt1091289,483.262,"['Penny holds a paper, and Leonard and Sheldon examine it in the kitchen.', 'Penny stands in the kitchen, holding a paper, as Leonard and Sheldon look on.', 'Leonard and Sheldon gaze at Penny as she holds a piece of paper in the kitchen.', 'Penny holds a paper, and Leonard and Sheldon observe her in the kitchen.', 'Penny stands in the kitchen, holding a paper, with Leonard and Sheldon nearby.']","Late that night, Leonard lies asleep in his bed with a book open on his chest."
1709,489.838,tt1091289,487.667,"['Penny holds spaghetti in her mouth.', 'Penny puts down the piece of spaghetti.', 'Penny holds a piece of spaghetti.', 'Penny sets the spaghetti down.', 'Penny holds spaghetti, then puts it down.']","Stirring awake, he puts on his glasses and sits up."
1710,495.179,tt1091289,494.257,"['Leonard gets out of bed.', 'Leonard looks at the alarm clock.', 'Leonard gets out of bed slowly.', 'Leonard looks at the clock.', 'He gets out of bed.']",He climbs out of bed.
1711,498.56,tt1091289,495.601,"['Leonard wakes up and walks into the living room holding a green light saber.', 'Leonard turns off his alarm clock and walks into the living room with a green light saber.', 'Leonard enters the living room, holding a green light saber after turning off his alarm clock.', 'Leonard walks into the living room, holding a green light saber after turning off his alarm clock.', 'Leonard holds a green light saber as he walks into the living room after turning off his alarm clock.']","Gripping a glowing green lightsaber, Leonard creeps into the living room."
1712,630.2,tt1091289,623.589,"['Green walks into the kitchen, followed by Red, who looks at Green.', 'Red enters the kitchen, eyes fixed on Green, who has just walked in.', 'Green and Red both enter the kitchen, where Red looks at Green.', 'Red walks into the kitchen, where they meet Green, who has just arrived.', 'Green and Red walk into the kitchen together, with Red gazing at Green.']","The next morning, Sheldon skips into the kitchen with a smile on his face."
1713,748.623,tt1091289,747.124,"['Sheldon talks to Penny, who turns away.', 'Penny turns her head to the side.', 'Sheldon speaks to Penny, who listens.', 'Penny looks at Sheldon, then away.', 'Sheldon and Penny have a conversation.']",Leonard holds up a handwritten sign.
1714,797.144,tt1091289,796.607,"['Sheldon looks at Leonard.', 'Leonard looks down.', 'Sheldon gazes at Leonard.', 'Leonard stands firm.', 'Sheldon stares at Leonard.']","Dude, that wasn't sarcasm."
1715,919.359,tt1091289,917.882,"['Raj looks up and smiles.', 'Raj looks at Penny.', 'Raj smiles up.', 'Raj gazes at someone.', 'Raj beams with a smile.']","Forcing a smile, Raj nods."
1716,929.745,tt1091289,927.864,"['Raj looks at his reflection in the mirror.', 'Raj stands in front of a mirror.', 'He examines himself in the mirror.', 'Raj looks at his reflection.', 'Raj stands in front of the mirror.']",Raj swivels his groin away from Penny.
1717,989.059,tt1091289,986.43,"['Howard stands in front of the others, near the couch.', 'Sheldon looks at Raj, sitting on the couch.', 'Howard addresses the group, near the dartboard.', 'Raj stands near the couch, with Sheldon watching him.', 'Howard and others are gathered near the bookshelf.']",Raj grabs Howard by the waist and presses himself against him.
1718,1001.763,tt1091289,999.804,"['Howard hugs Leonard tightly.', 'Leonard looks at Howard with affection.', 'Howard and Leonard share a warm hug.', ""Leonard gazes at Howard's embracing arms."", 'The two friends share a close hug.']","Shedding his eyes, Howard rubs Raj's back."
1719,1010.823,tt1091289,1008.52,"['Leonard looks inside the room, then at Raj.', 'Raj walks towards Leonard, opening the door.', 'Leonard looks inside the room as Raj bends down.', 'Raj opens the door, and Leonard peers inside.', 'Leonard and Raj interact near the door opening.']","As he kneels and slips a note under the door, she opens it."
1720,1027.056,tt1091289,1025.404,"['Leonard reads a paper.', 'Penny talks to Leonard.', 'Leonard reads a paper quietly.', 'Penny converses with Leonard.', 'Leonard sits reading a paper.']",Leonard opens his letter and begins to read.
1721,1059.689,tt1091289,1059.055,"['Penny hands Leonard paper.', 'Penny hugs Leonard briefly.', 'Penny walks away from Leonard.', 'Leonard receives paper from Penny.', 'Penny hugs then leaves Leonard.']",Six two-inch dowels.
1722,119.28,tt1091290,118.32,"['Raj looks at laptops.', 'Leonard sits with laptops.', 'Sheldon sits with laptops.', 'Three sit with laptops.', 'Friends sit with laptops.']",The Big Bang Theory.
1723,135.723,tt1091290,134.188,"['Howard walks towards the couch.', 'Howard looks at Leonard sitting.', 'Howard approaches the couch slowly.', 'Howard moves towards Leonard sitting.', 'Howard walks up to Leonard.']",Leonard and Howard stare toward the door.
1724,146.373,tt1091290,145.413,"['Raj holds the remote control.', 'Leonard holds a remote control.', 'Sheldon holds a remote control.', 'Raj and Leonard hold remotes.', 'The three hold remote controls.']",Leonard grabs mail.
1725,153.76,tt1091290,152.781,"['Penny and Leonard kiss.', 'Leonard and Penny share a kiss.', 'Penny kisses Leonard.', 'Leonard and Penny smooch.', 'Penny and Leonard smooch.']",Penny kisses a man.
1726,308.107,tt1091290,304.978,"['Howard stands up, talking to the woman at the computer.', 'Leonard sits beside her as she works on the computer.', 'Howard approaches the woman, who is typing away on her computer.', 'The woman focuses on her computer work as Howard and Leonard engage her.', 'Howard and Leonard converge on the woman, who is typing away in the lab.']","Later, Leonard strolls into the lab and approaches bespectacled Leslie."
1727,392.323,tt1091290,391.44,"['Green gives red a device.', 'Red examines the device.', 'Green watches red inspect the device.', 'Red looks at the device again.', 'Green and red focus on the device.']",They both eat mints.
1728,493.32,tt1091290,492.589,"['Howard touches his face.', 'Raj looks around.', 'Sheldon examines objects.', 'Howard and Raj glance.', 'They inspect water bottles.']",Leonard steps in.
1729,501.192,tt1091290,498.496,"['Sheldon walks away from the table, leaving the others behind.', 'Howard interacts with the man in the gray hoodie at the table.', 'The man in the gray hoodie stands up and walks away from the group.', 'Leonard and the others engage with the mysterious figure at the table.', 'Raj watches as the man in the gray hoodie gets up and leaves the scene.']","Howard, Sheldon, and Raj build a small block tower."
1730,779.309,tt1091290,775.49,"['Leonard and Sheldon enter the room, with Sheldon examining the board.', 'Sheldon walks in, looks at the board, and is joined by Leonard.', 'Leonard and Sheldon walk into the room, with Sheldon focusing on the board.', 'Sheldon enters, looks at the board, and is soon joined by Leonard.', 'Leonard and Sheldon enter, with Sheldon studying the board.']","Later, wearing a sweat-stained blue shirt, he steps into the living room and faces Sheldon."
1731,786.775,tt1091290,785.931,"['Leonard stands in front of the fridge.', 'Sheldon looks at the whiteboard.', 'Leonard talks to Sheldon.', 'Leonard faces the refrigerator.', 'Sheldon studies the whiteboard.']",Sheldon stares.
1732,1174.211,tt1091290,1172.731,"['Penny touches her hair, Leonard looks on.', ""Leonard gazes at Penny's hair."", 'Penny strokes her hair, Leonard observes.', ""Penny's hair is touched by her."", 'Leonard watches Penny touch her hair.']",They stand outside Penny's door.
1733,232.1,tt1091291,230.446,"['Sheldon pours food into a bowl.', ""Leonard looks at Sheldon's cooking."", 'Sheldon fills a bowl with food.', 'Leonard observes Sheldon serving food.', 'Sheldon prepares a meal for Leonard.']",Sheldon spoons scrambled eggs onto a plate.
1734,246.147,tt1091291,244.916,"['Leonard prepares to throw a dart.', 'Sheldon eats a sandwich on the couch.', 'Leonard looks at Sheldon with a dart.', 'Sheldon reads a piece of paper.', 'Leonard holds a dart and looks at Sheldon.']","Leonard bows, then leaves."
1735,250.398,tt1091291,247.09,"['Sheldon walks to the kitchen, then eats on the couch with Leonard.', 'Sheldon throws a dart, then sits with Leonard on the couch, eating.', 'Sheldon eats on the couch, while Leonard joins him with a bowl of food.', 'Sheldon and Leonard sit on the couch, both eating from bowls of food.', 'Leonard and Sheldon sit together on the couch, eating from their bowls.']","Picking up a notebook and the plate of eggs, Sheldon steps into the living room."
1736,275.162,tt1091291,273.128,"['Sheldon writes, then takes a plate of food.', 'Sheldon writes on paper, picks up food.', 'Sheldon writes, puts down pen, takes food.', 'Sheldon writes, then picks up a plate.', 'Sheldon writes, puts down pen, gets food.']","He sets down the fork, then writes in the notebook."
1737,280.767,tt1091291,279.904,"['Sheldon writes and takes a sip.', 'Sheldon picks up a dart.', 'Sheldon looks at the dart board.', 'He holds a dart.', 'Sheldon sips from his cup.']",Penny opens the door.
1738,303.255,tt1091291,302.237,"['Penny walks out of room.', 'Sheldon walks out after her.', 'Penny enters, Sheldon looks, exits.', 'Sheldon watches Penny leave.', 'Penny exits, Sheldon follows.']",Sheldon sits down the plate.
1739,305.385,tt1091291,304.387,"['Penny enters, opens door.', 'Sheldon stands, Penny approaches.', 'Penny opens door, looks at Sheldon.', 'Penny walks in, Sheldon stares.', 'Penny enters, Sheldon looks up.']",He walks into the hallway.
1740,308.342,tt1091291,306.652,"['Penny enters the room, looking at Sheldon.', 'Sheldon stands still as Penny walks in.', 'Penny opens the door and enters the room.', 'Penny enters, gazing at Sheldon Cooper.', 'Penny walks in, focusing on Sheldon Cooper.']",Penny shuts the door.
1741,311.144,tt1091291,308.821,"['Penny opens the door and enters the room.', 'Penny walks into the room as the door opens.', 'Penny enters the room, door creaking open.', 'The door opens, revealing Penny entering the room.', 'Penny steps into the room, door opening wide.']","Later, she drives as Sheldon sits in the passenger seat."
1742,344.405,tt1091291,343.215,"['Penny drives, Sheldon talks beside her.', 'Sheldon talks as Penny drives.', 'Penny keeps her eyes on the road.', 'Sheldon talks while Penny steers.', 'Penny drives, Sheldon chatters beside her.']",Sheldon gazes straight ahead.
1743,428.553,tt1091291,427.729,"['Penny pushes cart, grabs oranges.', 'Sheldon watches Penny shop.', 'Penny picks up oranges.', 'Penny adds oranges to cart.', 'Penny and Sheldon converse.']",And he grabs the cart.
1744,466.407,tt1091291,465.177,"['Penny looks at her phone.', 'Sheldon takes something from the shelf.', 'Penny stands by the shelf.', 'Sheldon examines the item.', 'Penny and Sheldon stand together.']",Sheldon scans the shelves.
1745,467.848,tt1091291,466.715,"['Penny looks at her phone.', 'Sheldon picks up an item.', 'Penny examines her phone.', 'Sheldon holds the item.', 'Penny studies her phone.']",Penny takes a deep breath.
1746,490.16,tt1091291,488.066,"['Penny holds grocery bags, talking to Sheldon.', 'Sheldon looks at Penny, holding grocery bags.', 'Penny and Sheldon stand in the hallway, holding bags.', 'Penny talks to Sheldon, holding grocery bags.', 'Sheldon listens to Penny, holding grocery bags.']",Penny turns and faces Sheldon.
1747,623.257,tt1091291,619.99,"['Sheldon sits at a loom as Mary stands beside him, looking on.', 'Mary talks to Sheldon as he works on the loom, with Leonard observing.', 'Leonard examines the loom as Mary converses with Sheldon, who is weaving.', 'Mary stands next to Sheldon at the loom, with Leonard watching over his shoulder.', 'Sheldon works on the loom as Mary and Leonard stand nearby, engaged in conversation.']","Inside, Sheldon, wearing a colorful poncho and hood, works at a loom."
1748,627.814,tt1091291,626.891,"['Sheldon knits a colorful scarf.', 'Leonard and Mary enter the room.', 'Mary runs to hug Sheldon.', 'Sheldon looks up at Mary.', 'Mary hugs Sheldon suddenly.']",Sheldon turns around.
1749,706.376,tt1091291,704.53,"['Sheldon walks into the living room, looking at Mary.', 'Sheldon enters the living room, gazing at Mary.', 'Sheldon walks into the living room, glancing at Mary.', 'Sheldon enters the living room, looking at Mary Cooper.', 'Sheldon walks into the living room, looking at Mary Cooper.']",Sheldon walks toward his room.
1750,722.303,tt1091291,720.209,"['Mary holds a black bag and looks at Leonard.', 'Leonard listens as Mary speaks, eyes on her.', 'Mary holds a black bag, gazing at Leonard.', 'Mary talks to Leonard, her eyes fixed on him.', 'Mary Cooper holds a black bag, focused on Leonard Hofstadter.']",Leonard furrows his brow as he peers at Mary.
1751,800.922,tt1091291,799.711,"['Mary holds food for Penny.', 'Raj looks at the plate.', 'Mary talks to Penny nearby.', 'Penny holds a plate of food.', 'Mary and Penny sit together.']",They all step into the living room.
1752,846.071,tt1091291,844.612,"['Leonard eats with Howard and Penny.', 'Mary looks at Leonard while they eat.', 'Penny and Leonard gaze at each other.', 'They sit at the table with plates.', 'Leonard, Howard, and Penny eat together.']",Mary gazes at Leonard and Penny.
1753,861.573,tt1091291,860.421,"['Penny and Leonard eat with Mary.', 'Howard eats while Penny and Leonard look.', 'Penny and Leonard gaze at Mary eating.', ""Leonard and Penny focus on Mary's plates."", 'Mary talks as they eat food.']",Mary leans toward Howard.
1754,866.985,tt1091291,866.314,"['Leonard and Howard eat food.', 'Mary talks to Leonard.', 'Howard eats food nearby.', 'Leonard and Howard eat.', 'Mary and Leonard eat.']",They start eating.
1755,869.922,tt1091291,869.442,"['Howard takes a bite.', 'Leonard holds a fork.', 'Mary eats with Howard.', 'Raj uses a cup.', 'They eat together.']",They stop.
1756,891.211,tt1091291,887.871,"['Penny eats and talks to Raj and Howard as they sit together.', 'Raj and Howard enjoy their food while Penny joins in the conversation.', 'Penny chats with Raj and Howard as they all eat their meals.', 'Howard and Raj share a plate of food with Penny nearby.', 'Penny joins Raj and Howard for a meal, chatting and laughing together.']","Mary closes her eyes, bows her head, then grabs Howard's hand."
1757,893.82,tt1091291,891.422,"['Raj points at something with his fork while sitting with Howard.', 'Howard and Raj sit on a couch eating food together.', 'Raj holds a fork and gestures at Howard while they eat.', 'Raj and Howard share a meal on the couch, Raj pointing.', 'Raj and Howard enjoy a snack on the couch, Raj gesturing.']","Howard glances around himself, then holds Raj's hand."
1758,896.3,tt1091291,895.303,"['Raj and Howard sit together.', 'Penny joins the group.', 'Mary Cooper sits nearby.', 'Raj and Howard glance at each other.', 'Penny chats with Mary Cooper.']","Later, they all eat."
1759,908.905,tt1091291,905.662,"['Penny eats food while Sheldon walks in, looking at her.', 'Sheldon enters the scene, walking towards Penny as she eats food.', 'Penny is eating food when Sheldon walks in, looking at her.', 'Sheldon walks in on Penny eating food, their eyes meeting.', 'Penny eats food as Sheldon enters the room, his gaze fixed on her.']","Sheldon steps out of his room, then sneaks down the hallway toward the living room."
1760,914.564,tt1091291,913.298,"['Penny eats cereal in the kitchen.', 'Sheldon walks into the kitchen area.', 'Penny looks at Sheldon in the kitchen.', 'Sheldon enters the kitchen space.', 'Penny eats cereal from a bowl.']",Sheldon steps into the kitchen.
1761,920.256,tt1091291,917.645,"['Sheldon eats food while sitting on the couch.', 'Sheldon tastes food while cooking in the kitchen.', 'Sheldon enjoys his food in front of Mary.', 'Sheldon takes a bite of food with a spoon.', 'Sheldon savors food on his plate.']",Everyone watches as Sheldon spoons food onto a plate.
1762,922.482,tt1091291,920.486,"['Mary looks at Howard as they eat together.', 'Howard looks at Raj as they share a meal.', 'Raj glances at Sheldon as they sit down to eat.', 'The friends gather around plates of food, eating together.', 'Sheldon, Howard, Raj, and Mary enjoy a meal together.']","Suddenly, Sheldon snaps his head to the side."
1763,924.362,tt1091291,923.0,"['Penny moves between chairs and couches.', 'Raj eats popcorn, others eat pizza.', 'Penny sits on various furniture pieces.', 'Friends eat and sit together.', 'Penny changes seating positions frequently.']",Everyone looks down at their food.
1764,925.264,tt1091291,924.573,"['Penny walks over.', 'Raj eats with Howard.', 'Leonard stands by Penny.', 'Penny talks to Mary.', 'Everyone eats together.']",Leonard stands.
1765,935.013,tt1091291,932.845,"['Sheldon eats a snack while looking at Leonard.', ""Leonard stands in front of Sheldon, who's snacking."", ""Sheldon's eyes are on Leonard as he munches."", 'Sheldon looks at Leonard while eating a snack.', ""Leonard's presence catches Sheldon's attention while eating.""]","Sheldon glances at Leonard, then runs to his room."
1766,939.216,tt1091291,938.161,"['Penny looks at Leonard.', 'Leonard stands next to Penny.', 'Penny holds a remote.', 'Mary looks at Penny.', 'Leonard stands beside Penny.']",Leonard turns to the others.
1767,945.549,tt1091291,941.788,"['Penny sits on the bed, talking to Sheldon on the floor.', 'Sheldon talks to Penny, who sits on the bed, as they converse.', 'Penny enters the room, sits on the bed, and engages with Sheldon.', 'Penny and Sheldon have a conversation, with Penny sitting on the bed.', 'Sheldon and Penny discuss something, with Penny seated on the bed.']","In his room, Sheldon sits on the floor as he builds a colorful spiral-shaped model."
1768,1019.937,tt1091291,1019.303,"['Mary walks towards bed.', 'Sheldon looks at Mary.', 'Mary heads to kitchen.', 'Mary enters the room.', 'Sheldon watches Mary.']",Mary leaves.
1769,1021.779,tt1091291,1020.205,"['Sheldon walks towards the kitchen.', 'Mary enters the room and approaches the bed.', 'Sheldon gets up from the bed and looks at Mary.', 'Mary enters and Sheldon stands up.', 'Sheldon and Mary move towards the kitchen and bed.']","Standing, Sheldon takes off his robe."
1770,1028.882,tt1091291,1026.31,"['Sheldon walks to the kitchen and hands Leonard a cup.', 'Leonard receives a cup from Sheldon as Mary enters the kitchen.', 'Sheldon hands a cup to Leonard as Mary walks into the kitchen.', 'Sheldon walks to the kitchen and hands a cup to Leonard.', 'Leonard gets a cup from Sheldon as Mary enters the kitchen.']",Mary steps into the kitchen where Leonard leans on the table.
1771,1041.624,tt1091291,1040.876,"['Mary opens the fridge.', 'Leonard watches Mary open fridge.', 'Mary looks at Leonard, opens fridge.', 'Leonard watches Mary open fridge.', 'Mary opens, closes fridge.']",Leonard smiles.
1772,1053.27,tt1091291,1052.426,"['Mary enters the room.', 'Sheldon knocks on the door.', 'Mary and Sheldon knock.', 'Sheldon enters the room.', 'Mary knocks on the door.']",Sheldon steps in.
1773,1063.4,tt1091291,1061.673,"['Eric and Mary look at each other.', 'Eric and Sheldon exchange glances.', 'Sheldon stands with arms crossed, facing Eric.', 'Eric and Mary face off, arms crossed.', 'Eric and Sheldon stare at each other.']",Sheldon steps toward Dr. Gabelhauser.
1774,1098.726,tt1091291,1097.153,"['Eric stands up, looking at Mary.', 'Mary sits down, Eric stands up.', 'Eric looks at Mary, then stands up.', 'Eric stands up, Mary sits down.', 'Eric sits, then stands up to Mary.']",Dr. Gabelhauser indicates a chair.
1775,1099.763,tt1091291,1099.207,"['Eric points at chair.', 'Mary sits down slowly.', ""Eric adjusts Mary's hair."", 'Eric gestures at chair.', 'Mary sits, Eric adjusts.']",Mary sits.
1776,1104.12,tt1091291,1102.143,"['Eric stands, speaking to Mary and Sheldon.', ""Mary listens intently to Eric's words."", ""Sheldon focuses on Eric's speech."", 'Eric addresses Mary and Sheldon with emphasis.', 'The three stand together, engaged in conversation.']","Sheldon peers at his mother, who shoots him a look."
1777,1110.397,tt1091291,1108.304,"['Eric walks out, followed by Sheldon.', 'Sheldon exits, then Eric heads down the hallway.', 'Eric and Sheldon both leave the room.', 'Eric and Sheldon walk out into the hallway.', 'Sheldon and Eric step out into the hallway together.']","Sheldon leaves, shutting the door behind himself."
1778,166.553,tt1091292,164.093,"['Penny holds a menu, Leonard gestures towards her.', 'Howard looks at Penny as she talks to Leonard.', 'Leonard gestures with his hands, Penny holds a menu.', 'Penny talks to Leonard, Howard observes the scene.', 'Howard watches as Penny holds a menu, Leonard gestures.']","Glancing at Penny, Howard shrugs."
1779,293.988,tt1091292,292.85,"['Leslie plays the violin.', 'Leonard plays the cello.', 'Leslie and Leonard play together.', 'They gaze at each other.', 'Violins and cellos fill the air.']",Leslie plays violin.
1780,306.63,tt1091292,303.817,"['Leslie and Leonard play their violins and cellos together.', 'Leonard and Leslie exchange glances while playing their instruments.', 'Leslie and Leonard hold their violins and cellos, playing in harmony.', 'The scene features Leslie and Leonard playing their instruments side by side.', 'Leonard and Leslie look at each other as they play their violins and cello.']","Leonard peers at Leslie, who smiles and raises her eyebrows."
1781,309.56,tt1091292,307.131,"['Leslie Winkle plays the violin, while Leonard Hofstadter plays the cello.', 'Leonard Hofstadter and Leslie Winkle look directly at the camera, both playing instruments.', ""Leslie Winkle's fingers move deftly over the violin strings, accompanied by Leonard Hofstadter's cello notes."", 'Leonard Hofstadter and Leslie Winkle sit together, playing the cello and violin respectively.', ""Leslie Winkle's violin and Leonard Hofstadter's cello create a harmonious duet.""]","Leonard looks down at his cello, then glances at Leslie."
1782,313.009,tt1091292,311.35,"['Leonard plays the cello, Leslie walks away.', 'Leonard looks at Leslie as she exits.', 'Leslie plays the violin, then leaves the room.', 'Leonard and Leslie engage in a musical performance.', 'Leslie walks out, Leonard watches her go.']","Later, the other two musicians leave."
1783,324.868,tt1091292,323.673,"['Leonard plays the cello.', 'Leslie looks at Leonard playing cello.', 'Leonard plays cello, Leslie violin.', 'Leslie watches Leonard play cello.', 'Leonard and Leslie play cello and violin.']",Leslie picks up her violin.
1784,325.331,tt1091292,324.887,"['Leslie plays violin, looks at Leonard.', 'Leonard plays cello, Leslie watches.', 'Leslie violin, Leonard cello.', 'Leonard plays, Leslie observes.', 'Leslie looks, Leonard plays.']",They play.
1785,433.966,tt1091292,431.423,"['Leslie Winkle plays the violin, gazing at Leonard Hofstadter.', 'Leonard Hofstadter plays the cello, while Leslie Winkle observes him.', ""Leslie Winkle's fingers dance across the violin strings, accompanied by Leonard Hofstadter's cello."", ""Leonard Hofstadter's cello resonates, as Leslie Winkle's violin adds a melodic harmony."", 'The violin and cello come together in harmony, played by Leslie Winkle and Leonard Hofstadter.']",Leslie and Leonard gaze at each other as they play faster and faster.
1786,474.295,tt1091292,471.703,"['Penny claps her hands, and Sheldon looks at her.', 'Sheldon stands before Penny, who claps her hands.', ""Penny claps, and Sheldon's gaze follows her hands."", ""Sheldon's face is directed at Penny, who claps."", 'Penny claps, and Sheldon looks at her hands.']","Later, they peer at a brown tie hanging from Leonard's doorknob."
1787,511.058,tt1091292,510.271,"['Penny and Sheldon walk in.', 'Sheldon and Penny enter.', 'Penny and Sheldon go in.', 'Sheldon and Penny walk.', 'They walk together.']",Penny walks off.
1788,512.805,tt1091292,511.288,"['Penny walks into the living room with Sheldon.', 'Sheldon and Penny enter the living room together.', 'Penny and Sheldon step into the living room.', 'Sheldon and Penny walk into the room.', 'Penny and Sheldon enter the room together.']",Sheldon follows her into the living room.
1789,545.429,tt1091292,543.068,"['Penny looks at Sheldon as he holds a lamp.', 'Sheldon bends to put a lamp on the table.', 'Sheldon holds a guitar case and talks to Penny.', 'Sheldon holds a lamp and guitar case near Penny.', 'Sheldon Cooper interacts with Penny, holding a guitar case.']",Sheldon picks up Leslie's violin case from the couch.
1790,577.807,tt1091292,577.174,"['Penny walks away.', 'Sheldon turns around.', 'Penny looks at Sheldon.', 'Sheldon glances at Penny.', 'Sheldon turns back.']",Penny leaves.
1791,585.332,tt1091292,582.663,"['Sheldon sits down on the couch and takes a phone call.', 'Sheldon picks up the phone and begins speaking on it.', 'Sheldon enters the living room and sits on the couch.', 'Sheldon sits down and starts talking on the phone.', 'Sheldon sits on the couch, holding the phone.']","Sheldon slowly turns around, then steps to the couch and sits."
1792,588.845,tt1091292,587.175,"['Sheldon sits on the couch.', 'Sheldon talks on the phone.', 'Sheldon stays on the couch.', 'He sits on the couch.', 'Sheldon is on the couch.']",Sheldon glances at the violin case.
1793,594.432,tt1091292,591.168,"['Sheldon looks at his watch and takes his phone to make a call.', 'Sheldon sits on the couch, checking his watch, then picks up his phone.', 'Sheldon sits on the couch, looking at his watch, and takes his phone.', 'Sheldon sits on the couch, glancing at his watch, and picks up his phone.', 'Sheldon checks his watch, then takes his phone off the coffee table.']","Pulling a phone from his pocket, Sheldon dials, then holds the phone to his ear."
1794,620.691,tt1091292,619.828,"['Sheldon puts legs on table.', 'Sheldon hangs up phone.', 'Sheldon sets down phone.', 'Sheldon puts phone down.', 'Sheldon takes his legs.']",Give my best to Leslie.
1795,624.358,tt1091292,620.941,"['Sheldon Cooper gets up from the couch and walks away.', 'Sheldon Cooper stands up and walks away from the coffee table.', 'Sheldon Cooper puts down the phone and stands up from the couch.', 'Sheldon Cooper stands up from the couch and walks away from the room.', 'Sheldon Cooper hangs up the phone and walks away from the couch.']","Sheldon presses a button on the phone, then slips the phone back into his pants pocket."
1796,629.37,tt1091292,626.394,"['Sheldon sits with crossed legs, talking to Leonard on the couch.', 'Leonard sits next to Sheldon, engaged in a conversation.', 'Sheldon puts down the phone and sits with his legs crossed.', ""Sheldon and Leonard chat on the couch, with Sheldon's legs crossed."", 'Sheldon and Leonard sit together on the couch, discussing something.']","He sits back on the couch, folds his arms, then gazes around himself."
1797,634.962,tt1091292,632.102,"['Sheldon Cooper sits on a couch, crossing his legs.', 'Sheldon Cooper moves his legs back and forth on the couch.', 'Sheldon Cooper puts down his phone and crosses his legs.', 'Sheldon Cooper sits on the couch, fidgeting with his legs.', 'Sheldon Cooper sits on the couch, tapping his legs impatiently.']","He starts to cross his legs, then leans forward toward the coffee table."
1798,639.74,tt1091292,637.335,"['Sheldon sits on the couch, crossing his legs.', 'Sheldon puts down the phone and looks around.', 'Sheldon sits on the couch, phone down.', 'Sheldon sits, phone down, legs crossed.', 'Sheldon crosses his legs on the couch.']","Sheldon peers toward the hallway, then checks his wristwatch."
1799,644.8,tt1091292,642.356,"['Green rubs his eyes and turns to look at sleeping blue.', 'Blue sleeps as green gazes at him.', 'Green lies in bed, rubbing his eyes, and looks at blue.', 'Green turns his head to look at blue, who sleeps.', ""Green lies in bed, rubbing his eyes, looking at blue's sleeping form.""]","Leslie and Leonard lie next to each other in bed, sleeping."
1800,650.666,tt1091292,645.723,"['Green puts on glasses and lies down on the couch, glancing at sleeping blue on the bed.', ""Green wakes up, gets glasses, and settles onto the couch, gazing at blue's slumbering form."", 'Blue sleeps peacefully on the bed, while green wakes up, puts on glasses, and reclines on the couch.', ""Green dons glasses and stretches out on the couch, casting a glance at blue's sleeping figure on the bed."", 'Green awakens, puts on glasses, and lounges on the couch, taking a moment to look at blue resting on the bed.']","Leonard rubs his eye with the back of his hand, then picks up his eyeglasses from a nightstand and puts them on."
1801,653.379,tt1091292,651.205,"['Leonard puts on his glasses, gazing at Leslie.', 'Leonard looks at Leslie as she sleeps.', 'Leonard wakes up and puts on his glasses.', 'Leonard Hofstadter looks at Leslie Winkle.', 'Leonard puts on his glasses, looking at Leslie.']","Catching sight of sleeping Leslie, Leonard smiles."
1802,657.346,tt1091292,655.595,"['Sheldon wakes up and sits up on the couch.', 'Sheldon Cooper sits up from the couch.', 'Sheldon Cooper wakes up and gets up.', 'Sheldon Cooper wakes up and sits upright.', 'Sheldon Cooper wakes up and sits up straight.']","In the living room, Sheldon sleeps on the couch."
1803,762.388,tt1091292,761.715,"['Leslie throws, Sheldon watches.', 'Sheldon approaches dartboard.', 'Leslie walks away, Sheldon watches.', 'Sheldon eyes dartboard.', 'Leslie throws, Sheldon looks.']",Leslie leaves.
1804,763.793,tt1091292,762.677,"['Leslie walks towards the dartboard.', 'Sheldon watches Leslie approach the dartboard.', 'Leslie enters and exits the room.', 'Sheldon walks towards the dartboard.', 'Leslie and Sheldon approach the dartboard.']",Sheldon turns to his board.
1805,765.005,tt1091292,764.216,"['Sheldon writes on the board.', 'Leonard looks at the board.', 'Sheldon and Leonard examine the board.', 'Sheldon writes on the whiteboard.', 'They study the whiteboard.']",Leonard smiles.
1806,769.027,tt1091292,768.257,"['Sheldon walks towards phone.', 'Leonard looks at phone.', 'Sheldon walks and checks phone.', 'Leonard stares at phone.', 'Sheldon walks with phone.']",Sheldon texts.
1807,770.778,tt1091292,769.315,"['Sheldon walks in and out.', 'Leonard enters and exits.', 'Sheldon and Leonard sit together.', 'They walk into and out of the room.', 'Sheldon and Leonard sit and leave.']","Later, Leonard walks into the hallway."
1808,782.996,tt1091292,780.63,"['Penny looks at Leonard Hofstadter, holding a basket.', 'Leonard Hofstadter stands before Penny, who holds a basket.', 'Penny holds a basket, gazing at Leonard Hofstadter.', 'Leonard Hofstadter faces Penny, who holds a basket.', 'Penny holds a basket, her eyes on Leonard Hofstadter.']",Penny smiles and sways as she gazes at Leonard.
1809,862.021,tt1091292,860.945,"['Leonard walks down stairs.', 'Sheldon follows behind Leonard.', 'Leonard descends the stairs.', 'Sheldon trails behind Leonard downstairs.', 'Leonard steps down the stairs.']",They descend more stairs.
1810,900.456,tt1091292,894.481,"['Leslie Winkle peels a banana and puts it into a machine, her attention focused on the device.', 'Leslie Winkle takes a banana and inserts it into a machine, her gaze fixed on the contraption.', 'Leslie Winkle holds a banana and puts it into a machine, her eyes on the device as she operates it.', 'Leslie Winkle peels a banana and places it into a machine, her eyes on the machine as she works.', 'Leslie Winkle inserts a banana into a machine, her attention absorbed in the task.']","In her lab, Leslie wears goggles as she picks up a banana with tongs and lowers it into a cylinder overflowing with wispy smoke."
1811,901.36,tt1091292,900.63,"['Leslie peels a banana.', 'Leslie puts banana in machine.', 'Leslie interacts with machine.', 'Leslie takes banana apart.', 'Leslie uses banana machine.']",Leonard walks in.
1812,914.521,tt1091292,912.389,"['Leslie and Leonard put bananas in a bowl together.', 'Leslie and Leonard take turns putting bananas in a bowl.', 'Leonard and Leslie put bananas in a bowl simultaneously.', 'Leslie and Leonard put bananas in a bowl, back and forth.', 'They both put bananas in a bowl, side by side.']","With the tongs, she sets the frozen shards in a bowl."
1813,102.373,tt1091293,99.909,"['Penny looks at the group of men in costumes.', 'Penny talks to the group of men in costumes.', 'Penny is surrounded by the group of men in costumes.', 'Penny is with the group of men in costumes.', 'Penny interacts with the group of men in costumes.']","As the guys exchange glances, Howard and Raj nod."
1814,134.566,tt1091293,133.623,"['Penny walks away.', 'Penny leaves the group.', 'Penny walks off.', 'Penny exits slowly.', 'Penny steps away.']",Penny walks downstairs.
1815,158.894,tt1091293,158.027,"['Raj and Howard smile together.', 'Leonard and Penny wear matching colors.', 'Sheldon wears a blue shirt.', 'Raj and Howard wear red hoodies.', 'The friends sit together smiling.']",The Big Bang Theory.
1816,189.143,tt1091293,187.622,"['Leonard, Raj, and Howard stand together.', 'They gesture in the living room.', 'Leonard talks to Raj and Howard.', 'The three friends wear red costumes.', 'Leonard, Raj, and Howard stand close.']",Raj arrives dressed as The Flash.
1817,229.567,tt1091293,224.272,"['Raj and Leonard stand in a living room, wearing superhero costumes, holding colorful bags.', 'Leonard and Raj, dressed in bright superhero costumes, hold yellow and green bags in a cozy living room.', 'Raj and Leonard, wearing superhero outfits, hold green and yellow bags in a room with a couch and bookshelf.', 'Howard, Raj, and Leonard stand in a living room, dressed in superhero costumes, with Raj holding a green bag.', 'Leonard and Raj, donning superhero costumes, stand in a living room, each holding a colorful bag.']","Later, Leonard, wearing a cloak and pointy ears, ties his shoelaces while Howard, dressed as Robin Hood, pulls up his stockings."
1818,259.324,tt1091293,256.408,"['Raj stands, while Sheldon and Howard sit on the couch.', 'Raj talks to Sheldon and Howard, who sit on the couch.', 'Raj addresses Sheldon and Howard, seated on the couch.', 'Sheldon and Howard sit on the couch as Raj stands.', 'Raj stands, discussing with Sheldon and Howard on the couch.']",Sheldon wears black one-piece pajamas with vertical white stripes.
1819,332.619,tt1091293,329.797,"['Sheldon holds a bottle while looking at Leonard in the mirror.', 'Leonard examines himself in the mirror as Sheldon watches.', 'Sheldon holds a bottle, gazing at Leonard in the mirror.', 'Leonard looks at himself in the mirror, with Sheldon observing.', 'Sheldon and Leonard engage in a silent stare-off, bottle in hand.']","Gazing into a handheld mirror, Leonard adjusts his pointy ears."
1820,338.82,tt1091293,335.71,"['Sheldon Cooper examines equations on a whiteboard with a bottle of water.', 'Sheldon Cooper and another person analyze equations on a whiteboard together.', 'Sheldon Cooper holds a water bottle while studying equations with another person.', 'Sheldon Cooper and another person look at equations on a whiteboard with a knife.', 'Sheldon Cooper and another person discuss equations on a whiteboard with a water bottle nearby.']","Later, the guys walk across the hall with Howard, who knocks on Penny's door."
1821,346.461,tt1091293,345.578,"['Penny enters the room.', 'Penny walks in wearing blue.', 'Penny joins the group.', 'Penny talks to them.', 'Penny wears blue dress.']",Penny opens the door.
1822,372.708,tt1091293,371.768,"['Penny speaks directly.', 'Penny shares her thoughts.', 'Penny addresses the viewer.', 'Penny speaks candidly.', 'Penny shares her voice.']",Penny closes the door.
1823,445.554,tt1091293,444.592,"['Leonard looks at Sheldon.', 'Howard and Leonard stare at Sheldon.', 'Sheldon stands before them.', 'Leonard and Howard gaze at him.', 'The two men look at him.']",Penny steps out of the room.
1824,446.669,tt1091293,445.766,"['Leonard and Howard sit together.', 'Sheldon looks at them.', 'They sit on the couch.', 'Leonard and Howard glance at each other.', 'The trio sits down.']",Sheldon turns to Leonard.
1825,451.593,tt1091293,449.343,"['Sheldon holds snacks and talks to friends.', 'Raj holds a beer and joins the conversation.', 'The friends sit together, snacking and chatting.', 'Sheldon and Raj share snacks and stories.', 'The guys sit on the couch, munching and talking.']",Howard sits in a chair while the others sit on the sofa.
1826,459.171,tt1091293,455.709,"['Sheldon holds a bowl of snacks as Leonard looks on.', 'Leonard sits next to Sheldon, observing him eat snacks.', 'Howard and Raj sit beside Sheldon, watching him talk.', 'Sheldon talks to Howard, Raj, and Leonard, surrounded by snacks.', 'The four friends sit on a couch, with Sheldon holding snacks.']","Later, people mingle around Howard, Raj, Leonard, and Sheldon, who remain seated."
1827,462.079,tt1091293,460.637,"['Sheldon eats popcorn quietly.', 'Howard looks at Raj with interest.', 'Leonard talks while Sheldon snacks.', 'Raj gazes at the group.', 'Sheldon munches on popcorn.']",Raj eats snacks from a large bowl.
1828,507.626,tt1091293,506.741,"['Raj holds water bottle.', 'Leonard and Howard look at Raj.', 'Raj talks to friends.', 'Raj sips water.', 'Leonard and Howard listen.']",He picks up his bow.
1829,543.853,tt1091293,542.91,"['He speaks to her.', 'She crosses her arms back.', 'He turns to her.', 'He talks to her again.', 'They converse together.']",She crosses her arms.
1830,550.759,tt1091293,549.739,"['He crosses his arms holding a bow.', 'She holds a basket, he talks.', ""He holds a bow, she's nearby."", 'He stands, she holds a basket.', ""He arms crossed, she's beside him.""]",Howard crosses his arms.
1831,553.643,tt1091293,552.104,"['Green looks at blue holding a bottle.', 'Blue looks at green holding a bow.', 'Yellow looks at blue with a knife.', 'Blue holds a bottle, green looks on.', 'Green and blue engage in a silent stare.']","On the sofa, Leonard surveys the room."
1832,614.44,tt1091293,611.919,"['Sheldon stands before Leonard, who talks to a woman holding wine.', 'Leonard talks to a woman holding a glass of wine, with Sheldon nearby.', 'Sheldon and Leonard face each other, near a woman with a glass of wine.', 'Leonard converses with a woman, as Sheldon watches, wine in hand.', 'Sheldon and Leonard stand near a woman holding a glass of wine, discussing something.']",A blonde woman dressed as a hippie turns around and faces them.
1833,635.526,tt1091293,633.853,"['Sheldon and Leonard stand together, while Raj eats snacks with a woman.', 'Raj holds a bowl of snacks while chatting with a woman on the couch.', 'Leonard and Sheldon converse, while Raj sits with a woman and snacks.', 'Raj looks at the woman on the couch, snacking and chatting.', 'Sheldon and Leonard stand, while Raj eats with a woman on the couch.']",A short-haired girl sits beside Raj.
1834,641.441,tt1091293,640.324,"['Raj holds snacks with her.', 'Raj looks at the woman.', 'Raj sits with snacks.', 'Raj and woman chat.', 'Raj holds snacks nearby.']",Raj smiles and shrugs.
1835,646.422,tt1091293,644.997,"['Leonard wears a striped shirt, crown.', 'Sheldon dons a black cape, crown.', 'Leonard and Sheldon look at each other.', 'Leonard and Sheldon stand together.', 'They wear matching crowns, regalia.']",Howard stands with a black-haired girl.
1836,668.562,tt1091293,667.157,"['Sheldon looks at Leonard, then Kurt enters.', 'Leonard looks at Sheldon, Kurt joins them.', 'Sheldon and Leonard glance at each other.', 'Kurt enters, Sheldon and Leonard react.', ""Leonard and Sheldon stare at Kurt's arrival.""]","A bare-chested, muscular man."
1837,893.751,tt1091293,892.734,"['Leonard carries Kurt around.', 'Sheldon and Penny stand still.', 'Leonard holds Kurt tightly.', 'Kurt is being carried away.', 'Leonard walks with Kurt.']",Kurt puts Leonard down.
1838,897.723,tt1091293,897.07,"['Kurt walks in, followed by Sheldon.', 'Penny stands before Kurt, Leonard behind.', 'Kurt and Sheldon walk together.', 'Leonard stands behind Penny, watching.', 'Kurt and Sheldon enter the room.']",Kurt walks off.
1839,918.906,tt1091293,916.469,"['Sheldon and Penny gaze at each other.', 'Penny looks at Sheldon, who looks back.', 'Sheldon and Penny maintain eye contact.', 'Penny and Sheldon exchange glances.', 'Sheldon and Penny stare at each other.']",Sheldon pauses beside Penny as he follows Leonard out.
1840,932.484,tt1091293,929.78,"['Sheldon looks at Leonard sitting on the couch with a book.', 'Leonard sits on the couch with a book, while Sheldon stands nearby.', 'Sheldon stands over Leonard, who is reading a book on the couch.', 'Sheldon examines a book on the table, with Leonard sitting nearby.', 'Leonard reads a book on the couch, as Sheldon stands and looks at him.']","Later, Leonard stares downward as he sits alone on the sofa."
1841,934.191,tt1091293,932.599,"['Sheldon holds a remote control.', 'Sheldon looks at Leonard on the couch.', 'Sheldon holds a game controller too.', 'Leonard sits on the couch, watching.', 'Sheldon holds a remote and game controller.']",Sheldon approaches him with a teacup.
1842,946.43,tt1091293,945.376,"['Sheldon holds the remote.', 'Leonard points at Sheldon.', 'Sheldon looks at Leonard.', 'Leonard holds the remote.', 'Sheldon sits on the couch.']",Leonard takes the teacup.
1843,1013.897,tt1091293,1012.688,"['Penny adjusts her top.', 'Leonard looks at Penny.', 'Penny looks at Leonard.', 'Penny adjusts her top while looking at Leonard.', ""Leonard stares at Penny's top.""]",She puts her head on his shoulder.
1844,1021.476,tt1091293,1019.116,"[""Penny leans forward, touching Leonard's face, then kisses his cheek."", ""Penny's hand touches Leonard's face, followed by a gentle kiss."", 'Leonard sits as Penny leans in, kissing his cheek.', ""Penny's lips brush against Leonard's cheek in a soft caress."", ""Penny's hand reaches out, touching Leonard's face, then kisses his cheek.""]",Leonard reaches slowly for her arm then pats her shoulder.
1845,1024.399,tt1091293,1022.497,"['Penny kisses Leonard on the face.', ""Leonard looks at Penny's lips."", ""Penny kisses Leonard's face."", ""Leonard gazes at Penny's kiss."", ""Penny's lips touch Leonard's face.""]",He lowers his hand.
1846,1034.398,tt1091293,1033.034,"['Penny leans in to kiss Leonard.', 'Leonard sits on the couch waiting.', 'Penny leans in close to him.', 'Penny approaches the couch slowly.', ""Penny's headband is pink.""]",She lifts her head and gazes at him.
1847,1038.892,tt1091293,1038.239,"[""Penny kisses Leonard's cheek."", 'Leonard reciprocates with a kiss.', 'Penny and Leonard exchange cheek kisses.', 'Leonard and Penny share a gentle kiss.', ""Penny and Leonard peck each other's cheeks.""]",Leonard nods.
1848,1040.293,tt1091293,1039.564,"['Penny kisses Leonard.', 'Leonard reciprocates kiss.', ""Penny's pink collar visible."", 'Leonard takes the kiss.', 'They share a kiss.']",Penny kisses him.
1849,1103.635,tt1091293,1102.464,"['Penny walks away from Leonard.', 'Leonard watches Penny leave.', 'Penny looks at Leonard.', 'Leonard watches Penny walk away.', 'Penny walks off, leaving Leonard.']",Leonard follows her to the door.
1850,1107.073,tt1091293,1104.192,"['Penny walks out, turns back, and enters the room.', 'Penny exits, then re-enters the room to watch Leonard.', 'Leonard watches Penny walk out, then back in again.', 'Penny turns back and walks back into the room, watched by Leonard.', 'Penny exits, then returns to the room, her backside visible.']","She opens the door, steps into the hallway, then turns and faces Leonard."
1851,1109.877,tt1091293,1109.205,"['Penny walks towards Leonard.', 'Leonard looks at Penny.', 'Penny bends over.', 'Penny walks away from Leonard.', 'Leonard sees Penny.']",Leonard shrugs.
1852,1118.998,tt1091293,1117.48,"['Penny kisses Leonard, then Kurt enters.', ""Leonard's glasses stay on during the kiss."", 'Kurt enters the room, interrupting the kiss.', 'Penny kisses Leonard, then Kurt arrives.', 'Leonard and Penny share a brief kiss.']","In the hallway, Kurt stares at Leonard."
1853,63.33,tt1136041,62.044,"['Sheldon stands up and walks out.', 'Penny enters the room, joining Howard and Leonard.', 'Sheldon walks towards the door, holding a game controller.', 'Howard and Penny look at each other.', 'Penny walks in and joins Howard and Leonard on the couch.']",Leonard opens the door for Penny.
1854,70.811,tt1136041,69.68,"['Penny enters, Howard and Leonard look.', 'Penny talks to Leonard, Howard watches.', 'Howard and Leonard stare at Penny.', 'Penny wears her jacket, Leonard wears glasses.', ""Leonard looks at Penny's jacket.""]",Howard smiles at Penny.
1855,73.861,tt1136041,73.094,"['Penny walks to Howard.', 'Penny talks to Sheldon.', 'Penny walks to Howard.', 'Penny approaches Sheldon.', 'Penny talks to Leonard.']",She faces Leonard.
1856,232.46,tt1136041,231.463,"['Penny holds a controller.', 'Leonard and Raj sit on the couch.', 'Penny stands near the couch.', 'Sheldon, Leonard, and Raj sit together.', 'Penny holds a game controller.']",She handles a controller.
1857,289.259,tt1136041,287.895,"['Sheldon walks towards the couch.', 'Raj and Penny play video games.', 'Sheldon approaches Raj and Penny.', 'Raj and Penny sit on the couch.', 'Sheldon joins Raj and Penny on the couch.']",Sheldon marches into his room.
1858,314.361,tt1136041,312.5,"['Penny walks away from Leonard near a dartboard.', 'Leonard stands by the dartboard as Penny leaves.', 'Penny speaks to Leonard near the dartboard.', 'Penny walks away from Leonard in front of the dartboard.', 'Leonard stands near the dartboard as Penny exits.']","As Penny leaves, Raj squints."
1859,319.735,tt1136041,318.947,"['Leonard and Raj reach.', 'They both grab.', 'Leonard and Raj stare.', 'Raj reaches out.', 'Leonard and Raj grab.']",Sheldon returns.
1860,327.603,tt1136041,326.874,"['Blue and yellow stand together.', 'They gaze at each other.', 'Blue and yellow face each other.', 'They stand in silence.', 'Blue and yellow stare at each other.']",Penny returns.
1861,365.123,tt1136041,363.397,"['Leonard stands near Penny, who faces him.', 'Sheldon remains in the background, unmoving.', 'Penny stands in front of Leonard, still.', 'Leonard and Penny converse, with Sheldon nearby.', 'Leonard talks to Penny, with Sheldon off-camera.']",Leonard steps away and talks to Sheldon.
1862,401.995,tt1136041,399.98,"['Sheldon looks up at Leonard, then at Penny.', ""Penny enters, turning Sheldon's attention away from Leonard."", 'Sheldon turns to look at Penny, wearing a colorful hoodie.', 'Leonard looks up, then Sheldon turns to face Penny.', 'Sheldon and Leonard face each other, then Penny enters.']",Leonard turns and faces Penny.
1863,490.626,tt1136041,489.148,"['Penny folds a blanket on the couch.', 'Leonard watches Penny fold the blanket.', 'Penny looks at Leonard while folding.', 'Leonard observes Penny folding a blanket.', 'Penny folds a blanket, watched by Leonard.']",Penny spreads a blanket on the sofa.
1864,491.797,tt1136041,490.798,"['Penny folds clothes, Leonard watches.', 'Leonard looks at Penny folding.', 'Penny looks at Leonard watching.', 'Penny folds, Leonard observes.', 'Leonard watches Penny fold clothes.']",Leonard lingers nearby.
1865,503.296,tt1136041,502.606,"['Penny smiles at Leonard.', 'Leonard checks his watch.', 'Penny turns to smile.', 'Penny bends over.', 'Leonard smiles back at her.']",Sleep tight.
1866,505.849,tt1136041,504.717,"['Penny laughs at Leonard.', ""Leonard joins Penny's laughter."", 'Penny stands up and walks away.', 'Leonard and Penny walk towards the door.', 'Penny and Leonard laugh together.']","Standing in the dark kitchen, Raj eats a sandwich."
1867,526.671,tt1136041,524.137,"['Raj enters the bathroom after eating a sandwich.', 'Raj walks to the living room and looks at the dartboard.', 'Raj eats a sandwich and walks to the living room.', 'Raj opens the door and enters the bathroom after eating.', 'Raj eats, walks, and enters the bathroom in sequence.']",He steps into the dining area and peers into the hallway.
1868,533.426,tt1136041,531.008,"['Raj walks towards the dartboard, holding a sandwich.', 'Raj eats a sandwich while on the phone, then throws a dart.', 'Raj holds a sandwich and talks on the phone, then walks.', 'Raj takes a bite of his sandwich and throws a dart.', 'Raj walks, eating a sandwich, then throws a dart at the board.']",Raj tiptoes past Penny and opens the front door.
1869,539.28,tt1136041,537.552,"['Raj enters the room, holding coffee.', 'He throws a dart at the board.', 'Raj walks in, cup in hand.', 'He enters, coffee in hand, and throws.', 'Raj enters, holding a cup of coffee.']","As he leaves, he waves with the sandwich."
1870,544.462,tt1136041,543.445,"['Penny pulls off blanket.', 'Penny sits up slowly.', 'Penny gets off couch.', 'Penny takes off blanket.', 'Penny sits up, pulls off blanket.']",Penny glances around.
1871,552.082,tt1136041,547.859,"['Penny gets up from the couch and walks to the kitchen.', 'Penny rises from the couch and heads to the kitchen area.', 'Penny leaves the couch and walks towards the kitchen.', 'Penny stands up and walks to the kitchen, leaving the couch behind.', 'Penny walks from the couch to the kitchen, entering the room.']","She lies back down, then jumps up and switches her pillow to the other side of the sofa and lies down."
1872,635.734,tt1136041,635.024,"['Penny adjusts her hair.', 'Howard adjusts his robe.', 'Penny looks at Howard.', 'Howard looks at Penny.', 'Penny adjusts her hair, Howard looks.']",Penny sits up.
1873,652.394,tt1136041,651.165,"['Penny walks to the kitchen.', 'Howard Wolowitz sits on the couch.', 'Penny stands up from the couch.', 'Penny walks away from Howard Wolowitz.', 'Penny gets up from the couch.']",Howard sits beside Penny.
1874,671.542,tt1136041,670.985,"['Penny sits down.', 'Howard walks away.', 'Penny looks at Howard.', 'Howard stands up.', 'Penny throws blanket.']",He stands.
1875,675.905,tt1136041,674.886,"['Penny enters, walking towards Leonard.', 'Leonard looks at Penny.', 'Penny walks to Leonard.', 'Penny approaches Leonard.', 'Penny talks to Leonard.']",A blonde woman walks in.
1876,682.322,tt1136041,681.053,"['Christy hugs Leonard, then walks away.', 'Leonard looks at Sheldon and Howard as Christy exits.', 'Christy enters, hugs Leonard, and leaves the room.', 'Leonard is hugged by Christy, then watches her go.', 'Christy walks in, hugs Leonard, and exits the scene.']",She hugs and kisses Howard.
1877,694.619,tt1136041,693.043,"['Leonard and Sheldon look at Christy.', 'Sheldon and Leonard gaze at Christy.', 'Howard watches Leonard and Sheldon.', 'Leonard and Sheldon focus on Christy.', 'Sheldon and Leonard observe Christy.']",Leonard and Sheldon exchange glances.
1878,768.09,tt1136041,766.899,"['Howard turns around to face the door.', 'Howard looks inside the door.', 'Howard turns to face the door.', 'Howard looks at the door.', 'Howard faces the door cautiously.']",Howard turns to his friend.
1879,841.541,tt1136041,840.639,"['Sheldon speaks to Leonard and Raj.', 'Waiter approaches the table.', 'Leonard and Raj look at Sheldon.', 'Sheldon addresses Leonard and Raj.', 'Waiter approaches with a menu.']",a dark-haired waiter.
1880,921.06,tt1136041,919.638,"['Chen stands and addresses the group.', ""The group listens to Chen's words."", 'Chen holds a white object.', 'Chen talks to the seated group.', 'Chen stands before the group.']",Leonard and Raj stare at Sheldon.
1881,926.904,tt1136041,924.945,"['Leonard and Raj look at Chen as he walks away.', 'Sheldon looks at Raj as Chen exits.', ""Leonard and Raj gaze after Chen's departure."", 'Raj and Leonard watch Chen disappear into the distance.', ""Sheldon and Raj focus on Chen's retreating figure.""]",The waiter walks off.
1882,934.664,tt1136041,931.802,"[""Sheldon looks at Leonard, who's gazing back at him."", ""Leonard stares at Sheldon, who's speaking to him."", 'Sheldon and Leonard engage in a silent conversation.', ""Sheldon's words capture Leonard's attention, who's looking at him."", ""Leonard's eyes are fixed on Sheldon as they interact.""]","Later, Raj and Sheldon stand with Leonard, who knocks on Penny's door."
1883,936.738,tt1136041,935.854,"['Sheldon knocks on the door.', 'Penny opens the door for them.', 'Leonard and Raj stand beside him.', 'Penny talks to Sheldon and Leonard.', 'Sheldon knocks and enters with them.']",Penny opens the door.
1884,1001.848,tt1136041,1000.964,"['Sheldon and Leonard look at Penny.', 'Penny speaks to Sheldon and Leonard.', ""Raj watches Penny's dress."", 'Sheldon and Leonard gaze at Penny.', ""Penny's dress is shown.""]",Sheldon steps back.
1885,1047.067,tt1136041,1045.705,"['Sheldon looks at his phone.', 'Raj and Leonard stare at Sheldon.', 'Sheldon holds his phone.', 'Leonard and Raj look at Sheldon.', 'Sheldon examines his phone.']",Sheldon takes out his cell phone.
1886,1069.264,tt1136041,1066.482,"['Green-shirted Alex looks at his phone, then at purple-shirted Ben.', 'Ben looks at Alex, while gray-shirted Chris observes the interaction.', 'Alex examines his phone, as Ben and Chris watch.', 'Ben looks at Alex, who is focused on his phone.', 'Alex looks at his phone, while Ben and Chris engage in a silent exchange.']","Later, Leonard and Raj follow Sheldon onto Howard's front porch."
1887,1137.825,tt1136041,1135.599,"['Leonard and Sheldon walk away, followed by Raj.', 'Raj watches as Leonard and Sheldon leave the porch.', 'Leonard and Sheldon step off the porch, accompanied by Raj.', 'Sheldon and Leonard depart, with Raj following closely behind.', 'Leonard, Sheldon, and Raj exit the porch, moving as a group.']",Raj stands gazing off as the others walk past him.
1888,1142.064,tt1136041,1140.913,"['Sheldon and Raj stop and look at each other.', 'Sheldon and Raj pause and gaze at each other.', 'Raj and Sheldon halt and stare at each other.', 'Sheldon and Raj come to a stop and face each other.', 'Sheldon and Raj stand still, looking at each other.']",Sheldon glares at Raj.
1889,173.273,tt1127389,172.04,"['Sheldon waves at the laptop.', 'Leonard and Raj look at the laptop.', 'Sheldon closes the laptop.', 'Howard looks at the laptop.', 'Sheldon waves and closes the laptop.']",Raj closes the laptop.
1890,261.642,tt1127389,260.756,"['Sheldon looks at them.', 'Leonard and Howard gaze down.', 'Sheldon talks to them.', 'They stare at phones.', 'Sheldon focuses on them.']",The Big Bang Theory.
1891,265.241,tt1127389,264.683,"['Leonard and Howard look at phones.', 'Sheldon talks on phone.', 'Sheldon and friends look at phones.', 'Howard and Leonard stare at phones.', 'Sheldon and friends check phones.']",A phone call.
1892,272.154,tt1127389,269.94,"['Sheldon speaks on his phone as Leonard and Howard gaze at theirs.', 'Leonard and Howard focus on their phones while Sheldon chats away.', 'Sheldon talks on the phone as his friends stare at their screens.', 'Howard and Leonard examine their phones while Sheldon makes a call.', 'Sheldon converses on the phone as his friends keep an eye on theirs.']","Sitting nearby, Leonard and Howard grin and text."
1893,289.175,tt1127389,288.404,"['Sheldon looks at phone.', 'Leonard checks phone.', 'Howard examines phone.', 'Sheldon talks to friends.', 'Friends look at phones.']",Sheldon hangs up.
1894,294.908,tt1127389,293.329,"['Blue looks at red on the couch.', 'Yellow enters the room, eyes on blue.', 'Blue glances at green on the couch.', 'Red sits on the couch, phone nearby.', 'Blue and green exchange a glance.']",Raj walks in holding his cell phone.
1895,330.78,tt1127389,330.048,"['Howard stands, looking at Leonard.', 'Leonard holds remote, speaking to Howard.', 'Howard stands, facing Leonard.', 'Leonard speaks, holding remote.', 'Howard looks at Leonard, standing.']",Howard stands.
1896,337.73,tt1127389,336.69,"['Leonard and Howard look at Sheldon.', 'Howard and Leonard stare at Sheldon.', 'Sheldon talks on the phone.', 'Raj watches Sheldon and friends.', 'Leonard and Howard gaze at Sheldon.']",Howard makes a phone call.
1897,368.625,tt1127389,367.047,"['Howard Wolowitz gestures on phone.', 'Sheldon Cooper sits on couch.', 'Howard talks to Sheldon on phone.', 'Sheldon looks at his phone.', 'Howard gestures with his hands.']","He hangs up, then turns to Raj."
1898,392.563,tt1127389,391.813,"['Howard sits down.', 'Leonard joins Howard.', 'They sit together.', 'Howard and Leonard settle.', 'They take a seat.']",Penny steps in.
1899,542.074,tt1127389,540.749,"['Penny talks to Leonard, sipping her glass.', 'Raj drinks from his glass, Howard behind him.', 'Sheldon stands behind Penny, Howard beside Raj.', 'Leonard and Penny chat, Howard nearby.', 'Penny and Leonard converse, Raj drinks nearby.']",Raj sips his grasshopper.
1900,595.685,tt1127389,594.878,"['Blue walks to sofa.', 'Pink sits beside blue.', 'Blue and pink chat.', 'Pink joins blue on sofa.', 'Blue and pink sit down.']",They said on the sofa.
1901,631.038,tt1127389,630.155,"['Raj looks at Penny.', 'Leonard drinks from glass.', 'Sheldon looks at Raj.', 'Howard watches Penny.', 'Raj gazes at Penny.']",He takes another sip.
1902,676.263,tt1127389,672.034,"['Lalita looks at Raj, who holds a glass of green liquid, as she holds a glass of white liquid.', 'Raj holds a glass of green liquid, while Lalita holds a glass of white liquid, gazing at each other.', 'Lalita and Raj sit together, Lalita holding a glass of white liquid, Raj holding a glass of green liquid.', 'Raj and Lalita sit, Raj holding a glass of green liquid, Lalita holding a glass of white liquid, their eyes locked.', ""Lalita and Raj sit, both holding glasses, Lalita's white and Raj's green, as they gaze at each other.""]","As he sips a grasshopper, Lalita gazes off, then glances back at him and forces a smile."
1903,941.317,tt1127389,938.84,"['Lalita Gupta smiles as Raj Koothrappali looks at her behind the bar.', 'Raj Koothrappali stands behind the bar, looking at Lalita Gupta.', 'Lalita Gupta chats with Raj Koothrappali, who wears a beige jacket.', 'Raj Koothrappali looks at Lalita Gupta, who wears a green dress.', 'Lalita Gupta and Raj Koothrappali converse, both dressed in their attire.']",Lolita takes Sheldon by the arm and leads him to a table.
1904,985.533,tt1127389,983.786,"['Sheldon stands while Koothrappali holds food.', 'Koothrappali holds a box of food and talks.', 'Sheldon and Koothrappali engage in conversation.', 'Koothrappali talks while holding a box of food.', 'Sheldon stands as Koothrappali discusses food.']",Raj faces the screen towards Sheldon.
1905,1055.051,tt1127389,1052.574,"['Leonard walks towards the door, joining Raj and Sheldon.', 'Leonard gets up from the couch, heading towards the door.', 'Raj and Sheldon watch as Leonard walks towards the door.', 'Leonard stands up, looking at Raj and Sheldon before leaving.', 'Leonard moves towards the door, accompanied by Raj and Sheldon.']",Raj picks up the laptop and turns to Sheldon and Leonard.
1906,1059.293,tt1127389,1058.314,"['Leonard walks, puts down laptop.', 'Leonard sets down laptop, looks at Raj.', 'Leonard walks back, puts down laptop.', 'Leonard puts laptop on table.', 'Leonard and Raj look at each other.']",He walks toward the door.
1907,1063.537,tt1127389,1062.883,"['Raj walks to Leonard.', 'Leonard looks at Raj.', 'Raj carries laptop.', 'Raj walks back.', 'Raj talks to Leonard.']",Raj leaves.
1908,1065.955,tt1127389,1064.803,"['Leonard walks to Sheldon in the kitchen.', 'Sheldon stands in the kitchen, nodding.', 'Leonard approaches Sheldon in the kitchen.', 'Sheldon nods as Leonard enters the kitchen.', 'Leonard talks to Sheldon in the kitchen.']",Leonard stares at Sheldon.
1909,1086.714,tt1127389,1085.447,"['Sheldon walks away from Leonard.', 'Sheldon walks towards a picture.', 'Sheldon walks towards the fridge.', 'Sheldon leaves Leonard behind.', 'Sheldon heads towards the fridge.']",Sheldon steps to his room.
1910,1099.806,tt1127389,1097.234,"['Sheldon Cooper opens the fridge and plays the piano.', 'Sheldon Cooper walks into a dark room and plays the piano.', 'Sheldon Cooper enters a dark room, opens the fridge, and sits down at the piano.', 'Sheldon Cooper enters a dark room and starts playing the piano after opening the fridge.', 'Sheldon Cooper enters a dark room, opens the fridge, and begins playing the piano.']","At the bar, Sheldon plays an electric keyboard and sings."
1911,58.664,tt1127390,57.146,"['Penny enters and exits the room.', 'Penny walks in and leaves the men.', 'Penny briefly enters, then exits the room.', 'Penny enters, looks around, and leaves.', 'Penny enters and leaves, glancing at the men.']",Leonard and Sheldon flail their arms.
1912,63.104,tt1127390,61.835,"['Penny enters and joins the group on the couch.', 'Sheldon, Leonard, Howard, and Raj look at a laptop together.', 'Penny sits down with the group on the couch.', 'The friends laugh and interact on the couch.', 'The group sits on the couch, looking at a laptop.']",They hold their arms at their sides.
1913,66.987,tt1127390,65.853,"['Penny enters, sits down with guys.', 'Guys watch laptop with Penny nearby.', 'Penny joins guys on the couch.', 'Guys discuss laptop with Penny present.', 'Penny sits with guys on the couch.']",Howard sits at the laptop.
1914,126.731,tt1127390,124.079,"['Penny walks towards the remote controlled car, watched by Howard and Raj.', 'Howard and Raj watch Penny as she approaches the remote controlled car.', 'Penny looks at the remote controlled car, with Howard and Raj observing her.', 'Penny examines the remote controlled car, Howard and Raj watching her every move.', 'Howard and Raj stare at Penny as she inspects the remote controlled car.']",Small remote-controlled cars roll across the floor toward Penny.
1915,130.153,tt1127390,128.653,"['Sheldon and Leonard play with remote cars.', 'Raj and Howard watch Sheldon and Leonard play.', 'Sheldon takes control of the remote car.', 'Leonard holds the remote control tightly.', 'Raj and Howard stare at the racing cars.']",Wireless webcams way below.
1916,139.273,tt1127390,137.717,"['Sheldon looks at the laptop with Howard.', 'Howard laughs at the laptop with Sheldon.', 'Sheldon and Howard look at the laptop together.', 'Sheldon and Howard gaze at the laptop.', 'Howard and Sheldon examine the laptop.']",One car rolls between Penny's feet.
1917,143.501,tt1127390,142.386,"['The woman plays with cars.', 'She enters, playing with toys.', 'The woman plays with toy cars.', 'She starts playing with the cars.', 'Woman plays with toy cars.']",Penny wears a short skirt.
1918,199.24,tt1127390,198.164,"['Sheldon holds a camera.', 'Howard and Raj look at Sheldon.', 'Sheldon speaks to Howard and Raj.', 'Sheldon holds a laptop.', 'Howard and Raj stare at Sheldon.']",The others look at Howard.
1919,216.469,tt1127390,215.028,"['Blue looks at green and red.', 'Yellow stands, speaking to blue.', 'Blue addresses green and red.', 'Green and red listen to blue.', 'Blue and yellow stand, discussing.']",Leonard examines a sheet of paper.
1920,348.077,tt1127390,346.945,"['Sheldon walks to the door.', 'Leonard stands in front of Sheldon.', 'Sheldon takes a glass of whiskey.', 'Sheldon and Leonard look at each other.', 'Sheldon walks away with a whiskey.']",Sheldon steps to his room.
1921,350.362,tt1127390,349.287,"['Leonard walks while holding paper.', 'Raj eats and points at Leonard.', 'Leonard looks at Raj eating.', 'Raj eats with paper nearby.', 'Leonard and Raj interact with paper.']",Leonard turns to the others.
1922,355.256,tt1127390,352.089,"['Raj walks towards the door as Howard and Leonard sit on the couch.', 'Howard and Leonard sit on the couch as Raj stands in front of them.', 'Raj looks at a laptop before walking towards the door, where Howard and Leonard sit.', 'Howard and Leonard sit on the couch as Raj approaches, looking at a laptop.', 'Raj stands in front of Howard and Leonard, who sit on the couch, looking at a laptop.']","Later, Penny searches through Leonard's closet as Leonard stands nearby."
1923,423.198,tt1127390,421.605,"['Penny holds a glass dome, then walks away.', 'Leonard listens as Penny talks, then she leaves.', 'Penny puts a glass dome on the shelf, exits.', 'Penny holds a glass dome, Leonard listens.', 'Penny places the glass dome, walks away slowly.']",She places the object back on a shelf.
1924,426.728,tt1127390,425.25,"['Penny takes the hanger from Leonard.', 'Leonard puts clothes on the hanger.', 'Penny looks at Leonard as he dresses.', 'Leonard hangs up the clothes with Penny.', 'Penny assists Leonard with his clothes.']",Penny hands Leonard a pair of slacks.
1925,520.885,tt1127390,518.273,"['Penny gives Leonard a jacket, which he puts on.', 'Leonard takes a jacket from Penny and puts it on.', ""Penny touches Leonard's face as he puts on the jacket."", 'Leonard receives a jacket from Penny and puts it on.', 'Penny hands Leonard a jacket, which he then puts on.']","As Penny holds the brown suit, Leonard picks up his Paisley shirt."
1926,526.109,tt1127390,522.69,"['Penny holds a shirt and talks to Leonard, examining it closely.', 'Leonard and Penny discuss a shirt, both holding theirs.', 'Penny looks at the shirt in her hand as she talks to Leonard.', 'Penny and Leonard examine their shirts, engaged in conversation.', 'Penny and Leonard discuss a shirt, both holding their respective shirts.']","Later, Penny descends the steps to the lobby, where Sheldon opens his mailbox."
1927,527.568,tt1127390,526.473,"['Penny walks down stairs to Leonard.', ""Penny runs to Leonard's frame."", 'Penny talks to Leonard downstairs.', ""Penny approaches Leonard's frame."", ""Penny reaches Leonard's frame slowly.""]","Seeing him, she stops."
1928,530.353,tt1127390,529.316,"['Penny approaches Sheldon at the window.', 'Sheldon pushes Penny away from the window.', 'Penny reaches for the window.', ""Sheldon blocks Penny's window access."", 'Penny is pushed away by Sheldon.']",She walks to the mailbox.
1929,532.715,tt1127390,531.678,"['Penny hands Sheldon a box.', 'Sheldon looks at the box.', 'Penny walks up to Sheldon.', 'Sheldon receives a box from Penny.', 'Penny gives Sheldon a box.']",She opens her mailbox.
1930,544.818,tt1127390,543.78,"['Penny holds her book.', 'Sheldon listens to Penny.', 'Penny looks at Sheldon.', 'Sheldon holds his blue book.', 'Penny and Sheldon face each other.']",Sheldon stares at Penny.
1931,546.431,tt1127390,545.413,"['Penny reads a book.', 'Sheldon talks to Penny.', 'Penny looks up at Sheldon.', 'Sheldon discusses with Penny.', 'Penny holds a book.']",She returns his gaze.
1932,553.863,tt1127390,552.135,"['Penny and Sheldon walk, gazing at books.', 'Sheldon holds a magazine, Penny a book.', 'Penny and Sheldon stroll, studying their reads.', 'Penny holds a book, Sheldon a magazine.', 'Sheldon and Penny walk, eyes on texts.']","They step toward the staircase, then stop."
1933,568.959,tt1127390,567.864,"['Penny and Sheldon walk up the stairs.', 'Sheldon and Penny climb the stairs.', 'Penny and Sheldon ascend the stairs.', 'Sheldon and Penny step up the stairs.', 'They walk up the stairs together.']",They start to climb the stairs.
1934,572.68,tt1127390,571.182,"['Penny and Sheldon walk down stairs.', 'Sheldon and Penny walk up and down stairs.', 'Penny and Sheldon walk and glance at each other.', 'Penny and Sheldon descend the stairs together.', 'Sheldon and Penny walk down the stairs jointly.']","Sheldon stops, then continues."
1935,621.559,tt1127390,616.988,"['Sheldon and Penny walk up and down the stairs, passing a caution sign.', 'Penny talks to Sheldon as they walk down the stairs, past a yellow caution tape.', 'Sheldon and Penny ascend and descend the stairs, with a caution sign and tape nearby.', 'Penny and Sheldon walk up and down the stairs, with a caution sign and yellow tape visible.', 'Sheldon and Penny navigate the stairs, passing a caution sign and yellow tape on the way up and down.']",She just talked to him.
1936,629.368,tt1127390,628.292,"['Penny looks at Sheldon.', 'Sheldon and Penny walk down stairs.', 'Penny stops on the stairs.', 'Sheldon and Penny pause on stairs.', ""Penny gazes at Sheldon's back.""]",Sheldon steps to his door.
1937,639.939,tt1127390,638.859,"['Sheldon looks at Penny.', 'Penny holds a book.', 'Sheldon stands by the door.', 'Penny talks to Sheldon.', 'Sheldon faces Penny.']",Sheldon turns to Penny.
1938,684.846,tt1127390,679.881,"['Sheldon sits at a desk, working on a laptop, while Leonard stands behind him, also typing away.', 'Leonard stands behind Sheldon, both of them focused on their laptops, seemingly oblivious to each other.', 'Sheldon and Leonard work on their laptops, their screens glowing as they sit and stand in silence.', 'Sheldon sits at a desk, intensely typing away on his laptop, while Leonard stands nearby, also working.', 'Leonard and Sheldon work separately, their laptops open as they sit and stand in quiet concentration.']","As Sheldon types on his laptop, Leonard, wearing his corduroy suit and holding a briefcase, walks into the living room."
1939,724.925,tt1127390,719.92,"['Sheldon Cooper stands in front of Leonard Hofstadter, who sits at a desk.', 'Sheldon Cooper talks to Leonard Hofstadter while standing in front of him at the desk.', 'Sheldon Cooper converses with Leonard Hofstadter, who remains seated at the desk.', 'Sheldon Cooper stands in front of Leonard Hofstadter, who sits at a desk, as they discuss something.', 'Leonard Hofstadter sits at a desk, with Sheldon Cooper standing in front of him, engaged in conversation.']","Leonard steps to the door, then turns to Sheldon, who holds his fingers to his own temples as he glares at Leonard."
1940,728.16,tt1127390,726.947,"['Sheldon holds his head.', 'Leonard enters the room.', 'Sheldon sits at a desk.', 'Leonard enters holding his head.', 'Sheldon holds his head at desk.']","Shaking his head, Leonard leaves."
1941,735.426,tt1127390,730.904,"['Sheldon stands up from his desk and continues talking to himself.', 'Sheldon Cooper stands up from his desk, speaking aloud.', 'Sheldon rises from his seated position at the desk, continuing his monologue.', 'Sheldon gets up from his desk, still talking to himself.', 'Sheldon Cooper stands up, remaining engaged in his internal conversation.']","At the conference, Penny straightens Leonard's tie as Raj looks on."
1942,784.733,tt1127390,783.02,"['Penny bends over, Leonard and Raj laugh.', ""Howard points at Penny's dress."", 'Leonard and Raj laugh at Penny.', 'Penny bends over, Howard points.', 'Leonard and Raj laugh at her.']",Penny stares at the others as they laugh.
1943,787.543,tt1127390,786.022,"['Leonard puts on his glasses.', ""Penny smiles, her dress catching Raj's eye."", 'Howard holds his jacket, talking to Leonard.', ""Raj laughs at Leonard's words."", ""Penny listens to Leonard's conversation.""]",Raj nods as he points at Leonard.
1944,789.661,tt1127390,788.775,"['Raj looks at Penny.', 'Penny holds a bag.', 'Leonard looks at Howard.', 'Howard looks at Penny.', 'Penny holds something.']",They all look at Penny.
1945,821.181,tt1127390,820.258,"['Howard and Raj clap together.', 'Penny sleeps peacefully.', 'Howard and Raj clap loudly.', ""Raj joins Howard's clapping."", 'Howard and Raj applaud together.']",Dr. Sheldon Cooper here.
1946,946.271,tt1127390,943.239,"['Sheldon punches Leonard, who falls to the floor.', ""Leonard falls to the floor after Sheldon's punch."", ""Sheldon's fist connects with Leonard's body, causing him to fall."", ""Leonard's body hits the floor after Sheldon's punch."", 'Sheldon punches Leonard, who crashes to the ground.']","Leonard repeatedly slaps Sheldon's arms, then pushes Sheldon against a wall."
1947,948.134,tt1127390,946.637,"['Sheldon and Howard stand together.', 'Penny and Raj chat on the couch.', 'Sheldon and Howard engage in a conversation.', 'Penny and Raj sit and talk.', 'Howard and Sheldon stand and converse.']",Howard films the scene with his phone.
1948,954.104,tt1127390,952.548,"['Howard holds phone, Penny and Raj look.', 'Penny and Raj examine phone together.', 'Howard holds phone, Sheldon watches.', 'Sheldon sits, looking at phone on couch.', 'Penny and Raj view phone screen.']",Leonard wrestles Sheldon to the floor.
1949,1060.488,tt1127390,1057.726,"['Penny looks at Howard, her arms crossed.', 'Howard talks, with Penny watching him intently.', ""Penny's arms are crossed as she looks at Howard."", ""Howard speaks, with Penny's gaze fixed on him."", ""Penny's crossed arms convey her attention to Howard's words.""]",Penny holds her fingers to her temples as she glares at Howard.
1950,63.511,tt1127384,62.283,"['Sheldon walks up the stairs with Leonard.', 'Leonard holds a book while walking up stairs.', 'Sheldon carries a yellow bag up the stairs.', 'Sheldon and Leonard walk up the stairs together.', 'Sheldon and Leonard ascend the stairs in tandem.']",They continue up the stairs.
1951,73.333,tt1127384,72.336,"['Sheldon holds a book.', 'Leonard talks to him.', 'Woman runs down stairs.', 'Orange shirt carries a bag.', 'Woman talks to Sheldon.']",They rush downstairs.
1952,86.864,tt1127384,82.01,"['Leonard and Sheldon walk down the stairs, with Penny entering the room and looking at them.', 'Penny enters the room, joining Leonard and Sheldon standing in front of the door.', 'Leonard and Sheldon stand together, with Penny entering the room and holding a yellow bag.', 'Leonard holds a yellow bag as he and Sheldon stand in front of the door, with Penny entering the room.', 'Penny enters the room, where Leonard and Sheldon are standing, with Leonard holding a yellow bag.']","Leonard glances toward a nearby trash can, then eyes Sheldon, who holds a large plastic bag holding food."
1953,90.412,tt1127384,87.439,"['Sheldon holds a yellow bag, talking to Leonard, while Penny watches.', 'Leonard listens as Sheldon talks, holding papers, with Penny observing.', 'Penny watches Sheldon, holding a yellow bag, as he talks to Leonard.', 'Sheldon and Leonard converse, with Penny nearby, holding papers.', 'Leonard holds papers, listening to Sheldon, while Penny stands by, watching.']",Sheldon inches toward the can and slowly drops the bag inside.
1954,331.447,tt1127384,330.105,"['Leonard walks into a bedroom.', 'Sheldon enters a bedroom.', 'Leonard and Sheldon enter a room.', 'Leonard walks into a room.', 'Sheldon walks into a room.']","Later, Leonard lies in bed."
1955,343.198,tt1127384,342.353,"['He gets up and opens door.', 'He looks at the person.', 'He enters the doorway.', 'He opens the door slowly.', 'He steps into doorway.']",He opens his door.
1956,580.061,tt1127384,578.776,"['Penny enters, Leonard looks up.', 'Leonard opens door, Penny enters.', 'Penny talks to Leonard, he looks.', 'Leonard opens door, Penny walks in.', 'Penny enters, Leonard greets her.']",Leonard opens the door for Penny.
1957,639.181,tt1127384,636.685,"['Raj and Howard stand, looking at each other, near the couch.', 'Penny sits on the couch, looking at Raj and Howard.', 'Leonard stands, looking at Raj and Howard, near the table.', 'Raj and Howard face each other, near the lamp.', 'The scene features Raj, Howard, Penny, and Leonard standing and sitting around the room.']","Standing beside Howard, Raj nods, then shakes his head."
1958,691.987,tt1127384,690.854,"['Penny points at something.', 'Sheldon looks at what Penny shows.', 'Penny points at something to Sheldon.', 'Sheldon examines what Penny points to.', 'They examine something together.']",Raj whispers to Howard.
1959,751.335,tt1127384,749.857,"['Leonard walks to the bedroom.', 'Leonard gets up from the couch.', 'He walks into the bedroom.', 'Leonard enters the bedroom.', 'He heads to the bedroom.']",Leonard follows the others outside.
1960,753.081,tt1127384,751.949,"['Leonard stands up and goes to bed.', 'Leonard walks into a bedroom.', 'Leonard walks to his bedroom.', 'Leonard enters the bedroom.', 'Leonard goes to sleep.']","Later, Leonard lies in bed."
1961,781.156,tt1127384,778.027,"['Sheldon rolls over and covers his head with a pillow.', 'Sheldon Cooper lies on the bed, rolling over and hiding.', 'Sheldon Cooper rolls over, covering his head with a pillow on the bed.', 'Sheldon covers his head with a pillow as he rolls over on the bed.', 'Sheldon rolls over, hiding his head with a pillow on the bed.']","Leonard turns his back to Sheldon, who runs to the other side of Leonard's bed."
1962,822.828,tt1127384,821.101,"['Sheldon looks at Leonard, then leaves the room.', 'Leonard rolls over, then Sheldon looks at the door.', 'Sheldon looks at Leonard, then at the door again.', 'Sheldon looks at Leonard, then exits the room.', 'Leonard rolls over, Sheldon looks at the door, then leaves.']","Sheldon turns off a light, then leaves."
1963,826.091,tt1127384,825.304,"['Leonard leaves the room.', 'Sheldon turns in bed.', 'Leonard looks at Sheldon.', 'Sheldon rolls over.', 'Leonard exits the room.']",He steps back in.
1964,956.833,tt1127384,954.185,"['Sheldon walks away from Leonard, heading towards the door.', 'Leonard sits as Sheldon stands and walks away from him.', 'Sheldon stands, then walks away from the table where Toby sits.', 'Toby looks at Sheldon as he walks away from Leonard.', 'Sheldon walks away from the table, leaving Leonard and Toby behind.']","As Toby spikes up his own hair, Sheldon opens the front door."
1965,968.458,tt1127384,966.483,"['Penny enters, talks to Sheldon, then walks away.', 'Sheldon looks at Penny as she enters the room.', ""Penny walks in, then Sheldon's gaze follows her."", 'Sheldon watches Penny as she exits the room.', 'Penny enters, and Sheldon looks up at her.']",Sheldon turns and grins at the frowning Leonard.
1966,1023.2,tt1127384,1022.01,"['Toby eats cereal calmly.', 'Sheldon stands in front of Toby.', 'Toby drinks orange juice slowly.', 'Sheldon faces Toby while talking.', 'Toby holds a cereal bowl.']",Sheldon throws up his hands.
1967,1096.463,tt1127384,1093.719,"['Penny turns around, looking at Leonard, who does the same.', 'Penny and Leonard face each other, both turning around.', 'Leonard turns to Penny, who is standing in front of the door.', 'Penny and Leonard simultaneously turn around, facing each other.', 'The two friends, Penny and Leonard, turn around, eyeing each other.']",Leonard follows Penny outside.
1968,1106.212,tt1127384,1105.233,"['Toby walks away from the fridge.', 'Sheldon and Toby walk away.', 'Penny and Amy watch TV.', 'Toby and Sheldon move away.', 'Sheldon and Toby exit the fridge.']",Penny and Toby sit and watch TV.
1969,170.831,tt1127385,168.733,"['Sheldon blows a bubble with a straw.', 'Sheldon makes a bubble with the straw and pops it.', 'Sheldon holds a straw and blows a bubble on the table.', 'Sheldon creates a bubble with a straw and it pops.', 'Sheldon blows a bubble, which pops on the table.']","Later, Sheldon drops liquid into Petri dishes."
1970,189.481,tt1127385,188.134,"['Sheldon holds a toothbrush.', 'Leonard watches Sheldon brush teeth.', 'Sheldon looks at Leonard while brushing.', 'Sheldon brushes teeth with a toothbrush.', 'Sheldon holds a toothbrush, Leonard watches.']","He holds up a long, thin stick."
1971,215.167,tt1127385,212.857,"['Sheldon holds a fork, ready to feed Leonard.', 'Leonard looks at Sheldon as he prepares to eat.', 'Sheldon gazes at Leonard with a fork in hand.', ""Sheldon holds a fork, focusing on Leonard's reaction."", 'Leonard watches as Sheldon holds a fork to feed him.']",Sheldon holds up the stick again and opens his mouth wide.
1972,229.089,tt1127385,226.799,"['Sheldon eats food while Leonard brushes his teeth.', 'Leonard brushes his teeth as Sheldon watches.', 'Sheldon eats food, with Leonard nearby brushing his teeth.', 'Sheldon eats food, as Leonard tends to his oral hygiene.', 'Leonard brushes his teeth, with Sheldon eating nearby.']",He slaps the kitchen island then opens his mouth wide again.
1973,230.263,tt1127385,229.512,"['Sheldon eats food.', 'Leonard looks at.', 'Sheldon takes a bite.', 'Leonard watches Sheldon.', 'Sheldon eats a snack.']",Leonard stares at him.
1974,297.682,tt1127385,294.956,"['Sheldon jumps onto the bed and walks out of the room.', 'A suited man enters the room and looks around.', 'Sheldon jumps off the bed and exits the room.', 'Sheldon runs into the room and jumps onto the bed.', 'Sheldon leaves the room after jumping off the bed.']","Scrambling to put on trousers, Leonard dashes into the living room."
1975,311.074,tt1127385,310.249,"['Sheldon walks in, looks around.', 'Sheldon enters, then exits.', 'Sheldon walks, looks at room.', 'Sheldon walks in, then out.', 'Sheldon enters, then leaves.']",He drops the comforter.
1976,326.638,tt1127385,322.858,"['Sheldon walks to the kitchen, picks up a remote, and turns on the TV.', 'Sheldon walks into the living room, picks up the remote, and turns on the TV.', 'Sheldon walks to the kitchen, picks up a remote, and walks to the living room to turn on the TV.', 'Sheldon walks to the kitchen, picks up the remote, and turns on the TV.', 'Sheldon walks to the kitchen, picks up a remote, and walks to the living room to turn it on.']","Sheldon wanders into the kitchen, then leans over to pick up the phone."
1977,332.472,tt1127385,331.512,"['Sheldon walks in, grabs water.', 'Sheldon gets a drink.', 'Sheldon takes a sip.', 'Sheldon gets water.', 'Sheldon picks up water.']",He presses his forehead.
1978,413.044,tt1127385,411.836,"['Leonard puts on his glasses.', 'Leonard takes off his glasses.', 'Leonard puts on his glasses and then takes them off.', 'Leonard takes his glasses on and off.', 'Leonard removes and puts on his glasses.']","Elsewhere, Howard lies in bed."
1979,640.254,tt1127385,636.241,"['He shakes her hand, while she sits on the floor next to him, with snacks nearby.', 'She sits on the floor, surrounded by snacks, as he holds a drink and greets her.', 'He holds a drink and snacks, greeting her as she sits on the floor beside him.', 'The woman in the red shirt sits on the floor, near him, who holds a drink and snacks.', 'He holds a drink and snacks, sitting next to her, who sits on the floor.']","Later, several moviegoers, including Howard, Raj, and Leonard, wear ape masks."
1980,812.451,tt1127385,810.49,"['Penny enters, sits down, and talks to Sheldon.', ""Sheldon stands still, looking at Penny's bag."", 'Penny sits down, Sheldon stands nearby.', 'Penny sits, Sheldon looks at her bag.', 'Penny enters, Sheldon stands, watching her.']","Penny stares at Sheldon, who offers a weak grin."
1981,824.031,tt1127385,823.127,"['Sheldon speaks to Penny.', 'Penny listens to Sheldon.', 'Sheldon shares with Penny.', 'Sheldon addresses Penny.', 'Sheldon converses with Penny.']",Back in the movie theater.
1982,832.37,tt1127385,830.814,"['Raj watches the movie screen.', 'Howard looks at Raj intently.', 'Leonard watches Howard with interest.', 'The three friends munch on popcorn.', 'They focus on the movie together.']",The three friends remove their masks.
1983,863.757,tt1127385,862.03,"['Howard, Raj, and Leonard converse together.', 'Howard, Raj, and Leonard chat animatedly.', 'Leonard joins Howard and Raj in discussion.', 'Howard and Raj engage in conversation with Leonard.', 'The three friends talk and laugh together.']",Leonard pushes buttons on his phone.
1984,929.912,tt1127385,927.206,"[""Penny removes Sheldon's shirt and pants, interacting with him."", ""Sheldon's shirt and pants are taken off by Penny."", ""Penny takes off Sheldon's shirt and pulls down his pants."", 'Penny undresses Sheldon, pulling off his shirt and pants.', 'Penny undresses Sheldon, removing his shirt and pants.']","As Penny takes the jar and sits beside him, Sheldon lifts his shirt."
1985,946.467,tt1127385,945.182,"['Penny holds water for Sheldon.', ""Penny rubs Sheldon's stomach."", 'Penny puts water on nightstand.', 'Penny tends to Sheldon.', ""Penny touches Sheldon's stomach.""]",She rubs lotion on his chest.
1986,1009.097,tt1127385,1005.469,"['He throws a dart, which lands on the floor.', 'A dart is thrown, landing on the floor with a soft thud.', 'The dart hits the floor with a soft thud, after being thrown.', 'He throws the dart, which falls to the ground with a soft sound.', 'The dart lands on the floor, thrown by an unseen hand.']","Outside in the hallway, Raj holds a laptop with a view of the living room on its screen."
1987,1089.044,tt1127385,1088.084,"['Howard crawls on floor.', 'Raj looks at laptop.', 'Howard moves on floor.', 'Raj stares at screen.', 'Howard crawls around.']",Because he didn't keep true.
1988,1094.435,tt1127385,1093.821,"['Howard looks at laptop.', 'Raj stands beside Howard.', 'Howard examines laptop.', 'They view laptop together.', 'Howard stays on floor.']",A little more.
1989,1095.606,tt1127385,1094.742,"['Howard looks at laptop.', 'Raj stands beside Howard.', 'Howard and Raj view laptop.', 'Howard kneels beside laptop.', 'They examine laptop together.']",Now just keep true.
1990,1119.951,tt1127385,1118.856,"['Howard walks to the laptop.', 'Raj and Leonard look at a screen.', 'Howard shows something on his phone.', 'Howard holds a plastic bag.', 'Howard walks towards the laptop screen.']",Leonard takes out the sensor.
1991,1182.458,tt1127385,1178.945,"['Leonard sits down on the couch and looks around the room.', 'Leonard walks into the room and takes a seat on the couch.', 'Leonard enters the room, walks over to the couch, and sits down.', 'Leonard Hofstadter enters the room, sits on the couch, and looks around.', 'Leonard Hofstadter walks into the room, sits on the couch, and surveys his surroundings.']","Still without his glasses, Leonard stumbles into a column in the living room and falls."
1992,1185.779,tt1127385,1185.049,"['Leonard sits, then leaves.', 'Sheldon sits, then stands.', 'Leonard looks at Sheldon.', 'Sheldon and Leonard sit.', 'Sheldon stands up again.']",Sheldon steps up.
1993,1199.846,tt1127385,1196.124,"['Leonard and Sheldon touch their foreheads.', 'Leonard and Sheldon touch their foreheads simultaneously.', 'Sheldon and Leonard touch their foreheads in unison.', 'Leonard and Sheldon touch their foreheads repeatedly.', 'The two friends touch their foreheads in a synchronized gesture.']","Later, Leonard holds an ice pack to his forehead as he sits beside Sheldon on the couch."
1994,1203.588,tt1127385,1200.556,"['Sheldon sits on the couch, hands on his head, with Leonard beside him.', 'Leonard wraps himself in a blanket as Sheldon sits beside him.', 'Sheldon and Leonard sit together on the couch, gazing at something.', 'Sheldon and Leonard sit on the couch, hands on heads, looking off-screen.', 'Sheldon and Leonard sit together on the couch, both looking at something off-screen.']",Sheldon pulls a grilled cheese sandwich out from beneath his comforter and takes a bite.
1995,75.207,tt1127386,74.248,"['Sheldon speaks to Leonard.', 'Leonard listens to Sheldon.', 'Sheldon holds a burger.', 'Sheldon and Leonard sit.', 'Sheldon and Leonard eat.']",Leonard turns to Sheldon.
1996,100.059,tt1127386,97.948,"['Dennis and Sheldon walk towards each other.', 'Sheldon and Dennis stand up from the table.', 'Leonard joins Dennis and Sheldon at the table.', 'Sheldon and Dennis approach the table together.', 'Dennis and Sheldon stand up, walking towards the table.']","Sheldon starts to stand, but Leonard restrains him."
1997,132.052,tt1127386,130.651,"['Dennis looks at Leonard at the table.', 'Dennis walks away from Leonard at the table.', 'Leonard sits with a soda can and straw.', 'Dennis and Leonard sit with soda cans.', 'Dennis and Leonard share a table.']",Dennis steps to a vending machine.
1998,180.473,tt1127386,179.975,"['Dennis turns right.', 'Leonard and Sheldon walk on.', 'Dennis enters a door.', 'Sheldon and Leonard keep walking.', 'Dennis goes his way.']",Please stop.
1999,282.901,tt1127386,281.807,"['Sheldon eats with chopsticks.', 'Raj and Howard share food.', 'Penny looks at Sheldon eating.', 'Sheldon, Raj, and Howard eat together.', 'Sheldon takes a bite of food.']","A tale of woo, perhaps."
2000,347.444,tt1127386,346.1,"['Penny eats while looking at Sheldon.', 'Sheldon sits on the couch, watching Penny.', 'Penny gazes at Sheldon as he talks.', 'Sheldon talks as Penny eats nearby.', ""Penny looks at Sheldon's conversation.""]",Penny turns to Raj and Howard.
2001,355.098,tt1127386,354.523,"['Penny looks at Raj.', 'Howard eats food.', 'Penny and Raj eat.', 'They eat food together.', 'Raj looks at Penny.']",Raj nods.
2002,458.062,tt1127386,456.851,"['Sheldon types on his laptop.', 'Leonard looks at the laptop screen.', 'Sheldon and Leonard discuss the laptop.', 'They sit in a living room.', 'Sheldon and Leonard work together.']",Sheldon rolls to his own desk.
2003,461.663,tt1127386,460.26,"['Blue eats sandwich while on phone.', 'Red sits on couch, talks to blue.', 'Blue takes a bite of sandwich.', 'Blue stands, talks to red on couch.', 'Red listens to blue on couch.']","In his lab, Howard talks on a phone."
2004,478.771,tt1127386,477.195,"['Howard looks at the table.', 'Sheldon enters the room.', 'Howard looks at Sheldon.', 'Sheldon looks at Howard.', 'Howard stares at the table.']",Sheldon appears in the lab's doorway.
2005,528.966,tt1127386,524.449,"['Sheldon points a wire at Howard, who looks at a computer screen with him.', 'Howard stands next to Sheldon, who examines a computer screen and holds a wire.', 'Sheldon and Howard jointly look at a computer screen, with Sheldon pointing a wire.', 'Sheldon holds a wire and points it at Howard, who looks at a computer screen.', 'Howard and Sheldon both focus on a computer screen, with Sheldon directing a wire at something.']",The arms lower the platform.
2006,552.517,tt1127386,550.557,"['Sheldon looks at the pink object and screen.', 'Howard shows Sheldon a pink object.', 'Sheldon examines the pink object on the table.', 'Howard holds up a pink object for Sheldon.', 'Sheldon views the pink object on the screen.']",Sheldon holds a note written on pink paper.
2007,560.282,tt1127386,559.128,"['Howard looks at the computer.', 'Sheldon holds a pink paper.', 'Howard looks at Sheldon.', 'Sheldon talks to Howard.', 'Howard looks at the computer screen.']",Go away.
2008,569.657,tt1127386,568.37,"['Sheldon walks away from Howard.', 'Sheldon turns to Howard in the hallway.', 'Howard sits at a desk.', 'Sheldon walks down the hallway.', ""Sheldon approaches Howard's desk.""]",Can't be a coincidence.
2009,670.469,tt1127386,669.701,"['Raj looks at Howard.', 'Howard gazes at Raj.', 'Leonard watches Sheldon.', 'Sheldon looks at Leonard.', 'They stand together.']",Sheldon walks in.
2010,679.378,tt1127386,678.476,"['Blue throws a dart at yellow.', 'Blue looks at bending yellow.', ""Yellow bends over blue's dart."", 'Blue aims at bending yellow.', 'Blue throws at bending yellow.']",12 years tops.
2011,684.505,tt1127386,683.698,"['Sheldon looks around room.', 'Sheldon walks and looks.', 'Sheldon checks his shirt.', 'Sheldon looks at Raj.', 'Sheldon surveys the space.']",They nod.
2012,690.074,tt1127386,689.094,"['Sheldon walks around room.', 'Sheldon paces around atom model.', 'Sheldon walks around green screen.', 'Sheldon moves around atom model.', 'Sheldon walks in room.']",He walks toward his bedroom.
2013,715.605,tt1127386,713.666,"['Sheldon examines a map on the table.', 'Sheldon studies a map with great attention.', 'Sheldon draws a line on the map.', 'Sheldon looks at a map with a thoughtful gaze.', 'Sheldon inspects a map with a steady hand.']","In his office, Sheldon works at Two Maps."
2014,770.063,tt1127386,767.606,"['Sheldon points at a map as Eric walks away.', 'Eric and Dennis walk away as Sheldon points at a map.', 'Sheldon and Eric point at a map together.', 'Eric and Dennis walk away, following a map.', 'Sheldon points at a map as Eric and Dennis exit.']",Sheldon waves his hand in front of Dennis' face.
2015,779.585,tt1127386,777.569,"['Sheldon points at the board.', 'Eric walks with Dennis looking up.', 'Sheldon points at the board with Eric.', 'Eric and Dennis walk together.', 'Sheldon and Eric point at the board.']",Dr. Gabelhauser and Dennis step down the hallway.
2016,849.92,tt1127386,844.047,"['Raj, Leonard, Howard, and Dennis stand together, looking down in unison.', 'Raj, Leonard, Howard, and Dennis stand still, their eyes fixed on the ground.', 'The four friends stand motionless, their gazes directed downwards.', 'Raj, Leonard, Howard, and Dennis stand in a row, their faces expressionless.', 'The four friends stand together, their eyes cast downward in a moment of quiet contemplation.']","Raj, Howard, and Leonard gaze at Dennis, who stands by himself as he rubs his own arm, then digs his pinky into his ear and examines it."
2017,878.743,tt1127386,877.054,"['Sheldon holds a plate of food.', ""Raj laughs at Sheldon's words."", 'Leonard looks at Sheldon and Raj.', 'Sheldon talks to Raj and Leonard.', 'Sheldon holds a plate while talking.']","Howard, Leonard, and Raj stare at Sheldon."
2018,882.14,tt1127386,881.41,"['Sheldon holds food.', 'Raj sips from cup.', 'Leonard and Howard chat.', 'Sheldon talks to Raj.', 'They share food.']",Sheldon walks off.
2019,891.04,tt1127386,890.099,"['Sheldon stands beside them.', 'Leonard and friends watch her.', 'She walks past them.', 'Howard and Raj glance up.', 'Sheldon stands nearby her.']",A blonde girl smiles.
2020,1015.824,tt1127386,1014.308,"['Eric speaks to the group, Sheldon beside him.', 'Sheldon stands next to Eric, group clapping.', 'Eric addresses the group, Sheldon by his side.', 'Sheldon listens as Eric speaks to the group.', 'Eric talks to the group, Sheldon present.']",Dr. Gabelhauser glances around the room.
2021,1027.98,tt1127386,1026.29,"['Dennis looks at Raj with Raj standing beside him.', 'Raj stands next to Dennis, gazing off-screen.', 'Dennis and Raj observe something together.', 'Dennis and Raj converse with drinks nearby.', 'Dennis and Raj focus on an off-screen object.']",A tall blonde girl appears next to Dennis.
2022,1032.183,tt1127386,1030.609,"['Leonard, Raj, and Howard stand together.', 'Raj looks at Howard as they chat.', 'Howard and Leonard gaze at each other.', 'Leonard, Raj, and Howard converse calmly.', 'The trio stands in quiet conversation.']","Holding his hand, she leads him out of the room."
2023,1040.901,tt1127386,1038.829,"['Sheldon and Leonard look around the room.', 'Raj and Howard stand together, chatting.', 'Leonard and Howard glance at each other.', 'Sheldon, Raj, and Howard talk and gesture.', 'The friends stand in a circle, discussing something.']",Sheldon steps to Dr. Gabelhauser.
2024,93.03,tt1127387,91.63,"['Leonard uses a laptop on the floor.', 'Howard and Raj gaze at Penny sitting.', 'Penny looks at Howard and Raj sitting.', 'Howard and Raj sit on the couch.', 'Leonard stands, laptop in hand.']",Raj puts his hands over his mouth.
2025,161.414,tt1127387,160.09,"['Howard puts food on the table.', 'Leonard and Sheldon sit down together.', 'Leonard places food on the table.', 'Sheldon joins Leonard at the table.', 'The three friends sit down to eat.']",at the university cafeteria.
2026,229.521,tt1127387,228.811,"['Leonard points at Raj.', 'Sheldon listens intently.', 'Leonard holds a soda.', 'He raises his hand.', 'Leonard gestures at Raj.']",They raise their hands.
2027,483.847,tt1127387,483.099,"['Sheldon holds a backpack.', 'Leonard eats pizza.', 'Sheldon looks at Leonard.', 'Leonard holds a slice.', 'Sheldon holds a phone.']",Leonard frowns.
2028,485.421,tt1127387,484.154,"['Sheldon holds a backpack and phone.', 'Leonard eats pizza while being stared at.', 'Sheldon looks at Leonard eating pizza.', 'Sheldon holds a backpack, near Leonard.', 'Leonard is eating pizza, with Sheldon nearby.']",Sheldon walks into his bedroom.
2029,491.795,tt1127387,488.933,"['Sheldon and Leonard examine the menu together.', 'Sheldon and Leonard look at the menu side by side.', ""Leonard and Sheldon study the menu's options."", 'Sheldon and Leonard consider their dining choices.', 'The friends look at the menu options together.']","In the cafeteria, Sheldon sits alone while his friends sit nearby."
2030,514.354,tt1127387,513.127,"['Raj eats, Leonard eats nearby.', 'Howard drinks, watching Raj and Leonard.', 'Leonard and Raj sit, eating together.', 'Howard sips, observing the others eat.', 'Raj and Leonard munch, Howard watches.']",Leonard squints at Raj.
2031,518.038,tt1127387,516.465,"['Leonard eats, Howard sips, Raj points.', 'Raj gestures at Leonard, eating nearby.', 'Howard drinks, Leonard takes a bite.', 'Leonard and Raj share a snack.', 'Howard holds a drink, Raj eats.']",Raj taps his fingertips together.
2032,543.801,tt1127387,538.715,"['Raj, Leonard, Howard, and Sheldon look at the man in the red shirt as he walks away from the table.', 'The man in the red shirt walks to the table and hands food and drinks to Raj, Leonard, Howard, and Sheldon.', 'Raj, Leonard, Howard, and Sheldon receive food and drinks from the man in the red shirt, who then walks away.', 'The man in the red shirt enters the room, hands food and drinks to Raj, Leonard, Howard, and Sheldon, and then leaves.', 'Raj, Leonard, Howard, and Sheldon look at each other after the man in the red shirt walks away from the table.']","Sheldon pauses, glances over, and then leaves."
2033,672.143,tt1127387,669.073,"['Leslie Winkle wears a black shirt with a Pac-Man design.', 'Leslie Winkle speaks directly to the camera, wearing a black shirt.', 'Leslie Winkle is seen speaking to the camera, wearing a black shirt with Pac-Man.', 'Leslie Winkle appears on camera, wearing a black shirt with a Pac-Man design.', 'Leslie Winkle is on camera, wearing a black shirt with Pac-Man artwork.']",Leonard smiles at Howard and Raj.
2034,735.401,tt1127387,733.578,"['Sheldon and Leonard stand near Eric, discussing something.', 'Eric talks to Sheldon, Leonard, and Leslie, listening intently.', 'Leonard and Sheldon stand with Eric, engaged in conversation.', 'Eric converses with Sheldon, Leonard, and Leslie, standing still.', 'Sheldon, Leonard, and Leslie stand near Eric, all talking.']",Sheldon turns around and faces Leslie.
2035,757.05,tt1127387,756.282,"['Leslie looks at Sheldon.', 'Sheldon listens to Leslie.', 'Leslie stares at Sheldon.', 'She wears a sweater.', 'Leslie addresses Sheldon.']",A dark-haired man.
2036,763.641,tt1127387,760.32,"['Sheldon walks in front of Leslie, then hands her a shirt.', 'Leslie turns around as Sheldon gives her a shirt.', 'Sheldon walks up to Leslie and hands her a shirt.', 'Leslie turns around as Sheldon approaches her with a shirt.', 'Sheldon gives Leslie a shirt as she turns around to face him.']","As Sheldon makes his way to his table, he and Leslie glower at each other."
2037,766.597,tt1127387,764.889,"['Sheldon puts on the blue cloth.', 'Sheldon takes the blue cloth from Leslie.', 'Sheldon sits down with the blue cloth.', 'Leslie hands Sheldon a blue cloth.', ""Sheldon dons the blue cloth with Leslie's help.""]",Leonard approaches with a blue team shirt.
2038,783.739,tt1127387,782.74,"['Leslie looks at Sheldon.', 'Sheldon stands near the table.', 'Leslie and Sheldon face the table.', 'Sheldon stands, looking at Leslie.', 'Leslie and Sheldon sit at the table.']",Leonard's team sits.
2039,803.048,tt1127387,800.169,"['Leslie points at Raj as he writes on paper.', 'Raj looks up at Leslie as she gestures at his paper.', ""Leslie points at Raj's paper as he writes."", 'Raj writes on paper as Leslie points at him.', ""Leslie gestures at Raj's writing hand.""]",Howard stands briefly and points to a phrase on the back of his shirt.
2040,860.335,tt1127387,858.954,"['Leslie holds a phone, looking at Raj, Leonard, and Sheldon.', 'Raj looks at Leslie, who holds a phone, as Leonard and Sheldon do too.', 'Leslie talks to Raj, Leonard, and Sheldon, holding a phone.', 'Sheldon, Leonard, and Raj look at Leslie, who holds a phone.', 'Leslie, holding a phone, talks to Raj, Leonard, and Sheldon.']",Penny dozes off in her chair.
2041,862.024,tt1127387,860.7,"['Penny claps with the audience.', 'Penny joins in applause.', 'Penny applauds with others.', 'Penny claps enthusiastically.', 'Penny participates in applause.']",Each team answers questions.
2042,887.398,tt1127387,886.285,"['Sheldon looks at Penny clapping.', 'Penny claps for Sheldon.', 'Sheldon sits with a bell.', 'Penny claps at Sheldon.', 'Sheldon has a bell nearby.']",Penny wakes up and claps.
2043,932.937,tt1127387,930.29,"['Leslie, Raj, Leonard, and Sheldon glance at their watches.', 'The four friends simultaneously check their timepieces.', 'Sheldon, Leonard, Raj, and Leslie examine their watches.', 'The group of friends looks at their watches in unison.', 'Leslie, Raj, Leonard, and Sheldon all check their watches.']","Watching Sheldon study the formula, Leonard hits his buzzer."
2044,975.169,tt1127387,973.5,"['Eric speaks at the podium, Sheldon listens.', 'Sheldon sits at the table, Eric addresses him.', 'Eric stands at the podium, Sheldon faces him.', 'Sheldon looks at Eric, Eric speaks loudly.', 'Eric talks to the group, Sheldon sits nearby.']",The gray-haired janitor hits his buzzer.
2045,1058.802,tt1127387,1056.193,"['Leonard and Raj jump up, while Sheldon looks on.', 'Sheldon puts his hands on his head as Leonard and Raj jump.', 'Leonard and Raj raise their hands, and Sheldon watches.', 'Sheldon observes Leonard and Raj jumping around the room.', 'Leonard and Raj jump, while Sheldon stands still, hands on head.']",Leonard and his teammates stand and pump their fists in the air.
2046,1060.202,tt1127387,1059.147,"['Sheldon puts hands down.', ""Sheldon's hands go down."", ""Sheldon's hands drop down."", 'Sheldon puts hands up.', ""Sheldon's hands come down.""]",Sheldon lowers his head.
2047,1062.14,tt1127387,1060.681,"['Sheldon raises his hands, then looks at his watch.', 'Howard and Raj cheer as Sheldon puts his hands down.', 'Sheldon looks at his watch, then puts his hands down.', 'Sheldon raises his hands, then checks his watch.', 'Sheldon puts his hands down, glancing at his watch.']",Raj and Howard high-five each other.
2048,1070.656,tt1127387,1066.801,"['Howard and Raj dance together, while Leslie watches from a distance.', 'Howard and Raj move to the music, as Sheldon sits at the table.', 'Raj and Howard dance, with Leslie observing from across the room.', 'Sheldon remains seated, as Howard and Raj dance near the table.', 'Howard and Raj twirl together, with Leslie watching from the sidelines.']",Howard runs out from behind the table and falls on his knees as he rips off his shirt.
2049,1079.23,tt1127387,1074.051,"['Sheldon Cooper stands up and starts dancing, then throws his shirt off at the table.', 'Sheldon Cooper dances and removes his shirt, standing in front of a table.', 'Sheldon Cooper is dancing and looking at the camera, with a table nearby.', 'Sheldon Cooper dances and takes off his shirt, with a table in the background.', 'Sheldon Cooper stands up, dances, and removes his shirt, with a table in the scene.']","Leonard, Leslie, and Raj stop cheering and gawk at Howard, who twirls his shirt overhead and throws it down."
2050,1092.833,tt1127387,1091.605,"['Sheldon hands Leonard a book.', 'Leonard looks at his phone, Sheldon nearby.', 'Sheldon holds a book and remote control.', 'Sheldon prepares to give Leonard a book.', 'Sheldon stands near Leonard with a book.']",Sheldon approaches a sofa.
2051,1109.295,tt1127387,1108.373,"['Sheldon holds trophy at Leonard.', 'Leonard points food at Sheldon.', 'Sheldon points trophy at Leonard.', 'Sheldon holds trophy, Leonard food.', 'Sheldon, Leonard point at each other.']",He lifts the trophy.
2052,1117.832,tt1127387,1117.2,"['Sheldon points at Leonard.', 'Leonard holds food, Sheldon points.', 'Woman enters, Sheldon points Leonard.', 'Sheldon points, Leonard counters.', 'Sheldon holds trophy, points Leonard.']",Penny walks in.
2053,1135.338,tt1127387,1133.86,"['Penny shuffles cards.', 'Penny examines the cards again.', 'Penny looks at cards and back.', 'Penny inspects the cards again.', 'Penny reviews the card deck.']",Leonard and Sheldon stare at Penny.
2054,118.034,tt1127905,114.531,"['Leonard holds a piece of paper as Howard and Sheldon listen.', 'Howard and Sheldon stand near the elevator, listening to Leonard.', 'Leonard talks to Howard and Sheldon, who stand beside him.', 'Howard and Sheldon stand beside the elevator, observing Leonard.', 'Leonard discusses something with Howard and Sheldon nearby.']","Later, they stand next to the prop, a plush red chair surrounded by brass rails."
2055,122.808,tt1127905,118.4,"['Howard, Leonard, Raj, and Sheldon stand around a large, ornate chair, looking at a piece of paper.', 'The friends gather around a chair, then examine a paper, their attention shifting between the two objects.', 'Leonard, Howard, Raj, and Sheldon stand near a grand chair, briefly studying a piece of paper.', 'The group of friends stands around a large chair, looking at a paper, then back at the chair.', 'Howard, Leonard, Raj, and Sheldon stand around a ornate chair, examining a piece of paper, their focus alternating between the two.']","At its front, a conical device holds a lever, and a large brownish dish stands attached at its rear."
2056,216.955,tt1127905,214.242,"['Howard presses the elevator button and looks inside.', 'Howard looks around at the out-of-order elevator.', 'Howard checks the elevator before looking away.', 'He glances into the elevator and then looks around.', 'Howard examines the out-of-order elevator sign.']","He presses the up button and leans toward the elevator door, listening."
2057,247.81,tt1127905,244.884,"['Leonard and Sheldon push a large object into an elevator.', ""Penny enters, looking surprised at Leonard and Sheldon's actions."", 'Leonard and Sheldon push a large object into an elevator as Penny watches.', 'Penny looks surprised as Leonard and Sheldon move a large object into an elevator.', ""Leonard and Sheldon push a large object into an elevator, startling Penny's arrival.""]",Leonard and Sheldon let go of the prop.
2058,278.961,tt1127905,276.14,"['Leonard and Sheldon stand in front of the elevator with Penny.', 'Penny looks at her watch as Leonard and Sheldon gaze at her.', ""Leonard and Sheldon focus on Penny's watch as she checks the time."", 'Sheldon and Leonard look at Penny as she consults her watch.', 'Penny glances at her watch, drawing the attention of Leonard and Sheldon.']",Penny checks her wristwatch.
2059,332.6,tt1127905,331.506,"['Leonard and Howard move around.', 'Sheldon stays in the middle.', 'Raj and Howard move to the right.', 'Leonard and Howard shift positions.', 'Characters move around the room.']","Smiling, Raj nods."
2060,405.588,tt1127905,404.149,"['Sheldon sits on the machine.', 'The group gathers around the machine.', 'Leonard and friends stare at the machine.', 'Sheldon sits, others surround the machine.', 'The friends examine the mysterious machine.']",Leonard trots around the front of the prop.
2061,408.16,tt1127905,405.799,"['Sheldon and Raj look at the machine alongside Leonard.', 'Howard and Sheldon stand next to Leonard as they examine the machine.', 'Leonard, Sheldon, and Raj gaze at the machine together.', ""Sheldon, Raj, and Leonard scrutinize the machine's features."", 'The trio stands around the machine, their attention focused on it.']","He lifts an arm of the chair, then climbs over a rail and sits."
2062,410.444,tt1127905,408.428,"['Sheldon looks at the machine with Howard and Leonard.', 'Howard and Leonard stand beside Sheldon at the machine.', 'Raj and the others examine the machine together.', 'Sheldon, Howard, and Leonard gaze at the machine.', 'The friends gather around the machine to inspect it.']","He flicks a switch, illuminating the conical device."
2063,476.022,tt1127905,470.33,"['Leonard holds a magnifying glass, examining the machine in each shot.', 'Leonard looks at the machine with a magnifying glass in all three shots.', ""Leonard's hands hold a magnifying glass, focusing on the machine in each scene."", 'Leonard holds a magnifying glass, intently examining the machine in three consecutive shots.', 'In this sequence, Leonard holds a magnifying glass, scrutinizing the machine in each frame.']","As Leonard pulls the lever, the dish slowly rotates and the others move quickly about the room, performing various tasks in fast motion."
2064,487.656,tt1127905,485.733,"[""Sheldon adjusts the machine's knob."", 'Howard holds a glass near the machine.', 'Leonard and Howard interact with the machine.', 'The characters examine the machine together.', 'Leonard and Howard work on the device.']",Leonard pushes the lever to its upright position.
2065,489.348,tt1127905,488.021,"['Sheldon faces the machine.', 'Howard and Leonard gaze at the machine.', 'The trio examines the device.', 'Sheldon, Howard, and Leonard stand before the machine.', 'The friends gather around the machine.']","The others slow, then freeze."
2066,494.694,tt1127905,494.136,"['Penny enters the room.', 'Penny talks to guys.', 'Penny steps in.', 'Penny joins them.', 'Penny is present.']",Penny walks in.
2067,530.982,tt1127905,529.981,"['Sheldon speaks to Penny.', 'Penny walks away from Sheldon.', 'Leonard talks to Penny.', 'Penny talks to Leonard.', 'Penny walks away again.']",Penny turns to Sheldon.
2068,569.235,tt1127905,567.504,"['Penny points at the door to Leonard and Sheldon.', ""Leonard and Sheldon listen to Penny's gesture."", 'Penny gestures towards the door to them.', 'Penny indicates the door to Leonard and Sheldon.', 'Penny directs their attention to the door.']","Penny glares at Sheldon, who looks away."
2069,575.64,tt1127905,575.082,"['Penny points at the door.', 'Penny talks to others near the door.', 'Penny gestures at the door.', 'Penny talks, pointing at the door.', 'Penny points out the door.']",Penny leaves.
2070,577.736,tt1127905,576.794,"['Penny points at the men.', 'Sheldon and Howard stare at Penny.', 'Leonard, Howard, and Raj stand up.', 'Penny interacts with the guys.', 'The men look at Penny.']",The others stare at the door.
2071,586.737,tt1127905,584.679,"['Leonard points at the machine to Howard.', 'Howard sits on a chair, looking at the machine.', 'Leonard stands in front of the machine, gesturing.', 'Leonard speaks to Howard, pointing at the machine.', 'Howard watches as Leonard addresses him near the machine.']","Expressionless, Leonard continues staring at the door."
2072,755.186,tt1127905,755.051,"['Leonard and Sheldon converse with Penny watching them.', 'Penny observes Leonard and Sheldon talking.', 'Leonard and Sheldon chat, with Penny nearby.', 'Penny stands by as Leonard and Sheldon discuss something.', 'Leonard and Sheldon engage in conversation with Penny present.']",Hang on.
2073,771.771,tt1127905,770.025,"['Penny enters the elevator with Leonard, closing the door.', 'Penny and Leonard share a romantic kiss in the elevator.', 'Penny pulls the elevator door shut, sealing their moment.', 'Leonard and Penny step into the elevator, kissing.', 'Penny closes the elevator door, then kisses Leonard.']",Penny wraps her arms around Leonard's shoulders.
2074,775.053,tt1127905,772.06,"['Penny kisses Leonard, then Leonard reciprocates with a kiss.', 'Leonard and Penny share a romantic kiss.', 'Penny and Leonard lock lips in a passionate kiss.', 'The couple shares a tender kiss.', 'Leonard and Penny exchange a romantic kiss.']",Leonard holds onto a cable as they dangle over the open elevator shaft.
2075,776.378,tt1127905,775.322,"[""Penny kisses Leonard's lips."", ""Leonard kisses Penny's lips back."", 'Penny and Leonard share a kiss.', 'Lips touch in a romantic kiss.', ""Penny and Leonard's lips meet.""]",Penny gazes downward.
2076,784.4,tt1127905,781.943,"['Penny pulls Leonard into a passionate kiss in the moving elevator.', 'Leonard and Penny share a romantic kiss in the elevator as it rises.', ""Penny and Leonard's lips meet in a romantic kiss as the elevator doors open."", ""Leonard and Penny's lips lock in a passionate kiss as the elevator ascends."", 'Penny pulls Leonard into a passionate kiss as the elevator doors slide open.']",Penny kisses Leonard as they slowly descend out of sight.
2077,797.796,tt1127905,795.799,"['Sheldon Cooper stands before a spinning machine.', 'Leonard Hofstadter sits while Sheldon Cooper observes.', 'Sheldon Cooper repeatedly approaches a spinning machine.', 'Sheldon Cooper stands near a spinning blue-circled machine.', 'Sheldon Cooper stands stationary in front of a spinning machine.']","Waking, he gazes at Sheldon, who stares at him."
2078,807.805,tt1127905,805.482,"['Leonard cleans the couch with a cloth and spray bottle.', 'Sheldon stands in the living room, observing Leonard clean.', 'Leonard wipes down the couch with a cloth and spray bottle.', 'Sheldon stands near the couch as Leonard cleans.', 'Leonard uses a cloth and spray bottle to clean the couch.']",Leonard wraps an object in white cloth as Sheldon walks in.
2079,825.424,tt1127905,824.522,"['Red holds the box down.', 'Blue enters the room.', 'Red looks at blue.', 'Blue looks at the box.', 'Red puts the box down.']",Raj and Howard walk in.
2080,880.983,tt1127905,878.236,"['Howard wipes a knife with a towel, then looks at Leonard.', 'Leonard watches as Howard wipes a knife with a towel.', 'Howard wipes a knife with a towel, then glances at Leonard.', 'Howard wipes a knife with a towel, looking at Leonard.', 'Howard wipes a knife with a towel, Leonard observing him.']",Leonard wipes the blade of a short sword.
2081,916.376,tt1127905,915.338,"['Sheldon and Howard stand behind.', 'Leonard talks to Raj nearby.', 'Howard and Sheldon stand behind Leonard.', 'Leonard talks to Raj at table.', 'Comic book on the table.']",Howard talks on his phone.
2082,931.498,tt1127905,930.211,"['Sheldon holds a sword.', 'Sheldon and Leonard walk down the hall.', 'Sheldon and friends walk together.', 'Sheldon carries a sword.', 'The group walks down the hallway.']",They step into the hallway.
2083,943.308,tt1127905,941.06,"['Sheldon holds a sword at Leonard.', 'Sheldon points a sword at Leonard Hofstadter.', 'Sheldon Cooper points a sword at Leonard.', ""Leonard looks at Sheldon's held sword."", 'Sheldon points his sword at Leonard Hofstadter.']","Blocking the stairway, Sheldon wields the sword."
2084,1024.49,tt1127905,1023.337,"['Penny kisses Leonard and walks away.', 'Leonard is kissed by Penny.', 'Penny kisses Leonard, then leaves.', 'Penny walks away after a kiss.', 'Penny kisses and departs Leonard.']",Penny kisses Leonard's cheek.
2085,1031.527,tt1127905,1030.873,"['Penny hands Leonard a toy.', 'Leonard hands toys around.', 'Toys pass between friends.', 'Howard receives a toy.', 'Toys are shared among friends.']",A dark-haired man.
2086,1042.793,tt1127905,1041.37,"['Leonard holds a key chain and walks in.', 'Sheldon carries a box into the elevator.', 'Raj, Howard, and Leonard enter the elevator.', 'The friends walk into the elevator together.', 'Leonard, Sheldon, Howard, and Raj enter the elevator.']",Sheldon slowly turns to Leonard.
2087,1059.89,tt1127905,1056.467,"['Sheldon sits in a dark room surrounded by plants, examining machines with red and green lights.', 'Sheldon studies multiple machines with red and green lights in a dimly lit room filled with plants.', 'Sheldon Cooper is seen sitting in a room filled with plants, intensely focusing on machines with red and green lights.', 'In a dimly lit room filled with plants, Sheldon examines multiple machines with red and green lights.', 'Sheldon sits amidst plants, closely inspecting machines with alternating red and green lights.']","He slowly raises the lever to its upright position, then gazes around himself."
2088,1080.977,tt1127905,1078.226,"['Sheldon turns his head to the right, looking at a machine with colorful lights.', 'Sheldon looks around, then turns his head to the right, gazing at the colorful machine.', 'Sheldon looks at a machine with vibrant lights, his attention drawn to its colors.', ""Sheldon's gaze shifts to a machine with flashing lights, his eyes fixed on its beauty."", ""Sheldon's eyes land on a machine with a mesmerizing display of colorful lights.""]",Two white-haired creatures with glowing green eyes step toward Sheldon.
2089,1090.075,tt1127905,1088.691,"['Sheldon rubs his face, then screams.', 'Sheldon interacts with a chair.', 'He rubs his face, then screams loudly.', 'Sheldon screams while sitting in a chair.', 'He screams in frustration, holding his face.']",The creatures close in on Sheldon.
2090,1098.789,tt1127905,1097.558,"['Sheldon looks at the machine.', 'Leonard watches Sheldon closely.', ""Sheldon examines the machine's red light."", 'Sheldon sits with the machine before him.', 'Leonard stands behind Sheldon, observing.']",Leonard rushes out of his bedroom.
2091,65.396,tt1127906,64.055,"['Leonard walks with Howard and Raj.', 'Howard holds a book as they stroll.', 'Raj follows behind Leonard and Howard.', 'Leonard and Howard walk down the hall.', 'Howard carries a book while they walk.']",The people in the hallway scatter.
2092,68.231,tt1127906,65.53,"['Leonard, Howard, and Raj walk and enter an office, then exit with a paper.', 'Howard, Raj, and Leonard walk and enter an office, receiving a paper.', 'Leonard, Howard, and Raj enter an office, receive a paper, and leave.', 'Howard, Raj, and Leonard walk, enter an office, and take a paper.', 'Leonard, Howard, and Raj enter an office, exit, and walk with a paper.']",Howard leans against a wall as Leonard drinks from a water fountain.
2093,70.109,tt1127906,68.48,"['Howard bends down to drink water.', 'Sheldon watches Howard take a drink.', 'Howard drinks water from the fountain.', 'Leonard observes Howard drinking water.', 'Howard gets a drink from the fountain.']",Sheldon and the woman stand in the doorway.
2094,92.881,tt1127906,91.771,"['Missy shakes hands with Howard and Raj.', 'Sheldon and Leonard shake hands together.', 'Missy hands are exchanged with Howard and Raj.', ""Sheldon and Leonard grasp each other's hands."", 'Hands are clasped in greeting.']",Howard shakes the woman's hand.
2095,114.968,tt1127906,111.825,"['Sheldon receives a yellow envelope from Missy and hands it to Raj, who examines it before returning it to Sheldon.', 'Missy hands a yellow envelope to Sheldon, who then passes it to Raj, who briefly inspects it before giving it back.', 'Sheldon receives a yellow envelope from Missy and hands it to Raj, who briefly looks at it before returning it to Sheldon.', 'Raj examines the yellow envelope given to him by Sheldon, then hands it back to Sheldon after a brief glance.', ""Sheldon receives a yellow envelope from Missy and hands it to Raj, who looks at it before returning it to Sheldon's possession.""]",Missy lays her arm around Sheldon's shoulders.
2096,131.5,tt1127906,129.507,"['Sheldon looks at Missy holding an envelope.', 'Raj gazes at Missy as she talks.', 'Missy holds an envelope while Sheldon observes her.', 'Sheldon focuses on Missy as she speaks.', 'Raj watches Missy closely as she holds an envelope.']",Missy holds out her hand toward Leonard and the others.
2097,145.716,tt1127906,143.437,"['Missy talks to Raj and Leonard, looking at both.', 'Raj looks at Missy and Leonard, engaged in conversation.', 'Leonard and Raj gaze at Missy as she speaks.', 'Missy discusses with Raj and Leonard, her attention on them.', 'The trio converses, with Raj and Leonard watching Missy.']","His eyes wide, Raj slowly turns and walks away."
2098,157.84,tt1127906,152.209,"['Missy Cooper holds a yellow folder as Leonard and Howard look at her.', 'Leonard and Howard gaze at Missy Cooper as she holds a yellow folder.', 'Missy Cooper talks to Leonard and Howard, who focus on her and a yellow folder.', 'Howard and Leonard stare at Missy Cooper, who holds a yellow folder.', 'Missy Cooper converses with Leonard and Howard, who look at her and the yellow folder.']","At the end of the hallway, he turns right, but then reappears and steps to the bulletin board where he removes a sheet of paper."
2099,266.296,tt1127906,264.876,"['Missy holds a yellow folder.', 'Sheldon and others stand in discussion.', 'Group members gather around folders.', 'Missy Cooper shares documents with others.', 'The group examines yellow folders.']","Howard, Missy, and Leonard walk off."
2100,267.505,tt1127906,266.507,"['Leonard chats with Missy briefly.', 'Missy walks in, talks to Leonard, then leaves.', 'Howard walks away from Sheldon at his desk.', 'Sheldon sits at his desk, Howard walks by.', 'Missy enters, talks to Leonard, and exits.']",Sheldon watches them go.
2101,321.066,tt1127906,319.109,"['Penny holds a laundry basket and Superman t-shirt.', 'Leonard talks to Penny while she holds laundry.', 'Penny stands with Howard, holding laundry and Superman shirt.', 'Howard stands next to Penny, looking at her with laundry.', 'Penny holds laundry and Superman shirt, with Howard nearby.']",Penny holds up a pair of Superman boxer shorts.
2102,350.297,tt1127906,348.11,"['Missy holds a laundry basket near Penny on the couch.', 'Penny sits on the couch as Missy approaches her.', 'Missy looks at Penny, who is sitting on the couch.', 'Missy holds a laundry basket and talks to Penny.', 'Missy stands near Penny, who sits on the couch.']",He crams the boxers into his pocket.
2103,365.357,tt1127906,364.514,"['Sheldon gestures with hands.', 'Raj and Howard enter the room.', 'Leonard and Penny look at them.', 'Raj and Howard talk near the basket.', 'Howard and Raj approach the table.']",Raj hurries in.
2104,378.455,tt1127906,376.977,"['Raj stands, talking to Leonard.', 'Leonard listens as Raj speaks.', 'Raj looks at Leonard, who sits.', 'Raj stands, focused on Leonard.', 'Raj and Leonard have a conversation.']","Smiling, Raj waves at Missy."
2105,380.757,tt1127906,378.589,"['Raj stands, looking at Leonard who sits listening.', 'Leonard sits, intently listening to Raj standing nearby.', 'Raj stands, gazing at Leonard who sits quietly.', 'Leonard sits, focused on Raj standing before him.', 'Raj stands, talking to Leonard who sits and listens.']",His hand continues moving in a circular motion.
2106,389.447,tt1127906,387.509,"['Raj talks to Missy while Leonard looks on.', 'Howard and Leonard gaze at Raj as he speaks.', 'Raj converses with Missy, watched by Howard.', ""Leonard and Howard observe Raj's conversation with Missy."", 'Missy listens as Raj talks, with Howard and Leonard nearby.']","Later, Missy sits between Raj and Howard."
2107,462.65,tt1127906,461.038,"['Leonard gives Missy a bowl.', 'Missy looks at Leonard, then Raj.', 'Raj talks to Missy and Leonard.', 'Leonard walks away with a bowl.', 'Missy looks at Leonard and Raj.']",Leonard sets the food on the coffee table.
2108,469.713,tt1127906,468.6,"['Raj looks at Missy.', 'Howard watches Raj and Missy.', 'Raj and Missy talk nearby.', 'Howard looks at a bottle of water.', 'Raj and Howard glance at Missy.']",Raj leans toward Missy.
2109,482.418,tt1127906,481.113,"['Penny holds a water bottle.', 'Leonard looks at the laptop.', 'Sheldon talks to the group.', 'Missy stands in front of the group.', 'Sheldon looks at the laptop.']",Penny steps into the living room.
2110,486.852,tt1127906,486.103,"['Missy holds water.', 'Howard stands up.', 'Raj sits on couch.', 'Sheldon sits on couch.', 'Everyone sits.']",Missy stands.
2111,496.621,tt1127906,495.719,"['Penny enters, Sheldon checks watch.', 'Sheldon glances at watch.', ""Penny looks at Sheldon's watch."", 'Sheldon checks his watch.', 'Penny and Sheldon check watches.']",Penny and Missy leave.
2112,533.009,tt1127906,531.359,"['Sheldon sits down at the desk.', 'Leonard and Sheldon enter the room.', 'Howard and Raj stand in front of Sheldon and Leonard.', 'Sheldon and Leonard walk into the room together.', 'Howard and Raj enter the room, standing before Sheldon and Leonard.']",Leonard and Sheldon step down the hallway.
2113,540.536,tt1127906,539.576,"['Raj gestures with hands.', 'Howard listens attentively.', 'Raj looks at Howard.', 'Raj speaks animatedly.', 'Howard stands still.']",Raj's hand flutters.
2114,546.4,tt1127906,544.5,"['Raj gestures with his hands while speaking to Howard.', ""Howard listens intently to Raj's words."", 'Raj looks at Howard as he speaks.', ""Raj's hands move as he talks to Howard."", 'Raj speaks animatedly to Howard, gesturing.']",Sheldon and Leonard step into Sheldon's bedroom.
2115,653.886,tt1127906,653.064,"['Sheldon walks out.', 'Leonard looks around.', 'Sheldon exits the room.', 'Leonard glances up.', 'Sheldon leaves the room.']",Sheldon hurries out.
2116,659.463,tt1127906,658.66,"['Leonard enters the room.', 'Leonard looks at the men.', 'Leonard enters the room slowly.', 'Leonard opens the door.', 'Leonard enters the room cautiously.']",Leonard follows him.
2117,662.254,tt1127906,660.419,"[""Raj holds Howard's head in his hands."", 'Howard lies on the floor as Raj holds his head.', ""Raj cradles Howard's head in his hands."", ""Raj holds Howard's head, supporting him."", ""Raj grasps Howard's head, holding it still.""]","On the floor, Raj holds Howard in a headlock."
2118,676.343,tt1127906,675.329,"['Sheldon looks at the men.', 'Leonard and Howard lie on the floor.', 'The man in black walks towards them.', 'Sheldon and Leonard are on the floor.', 'He approaches the two men.']",Raj and Howard stand.
2119,695.217,tt1127906,693.612,"['Sheldon walks away from Leonard.', 'Leonard turns around and walks away.', 'Howard and Raj speak to each other.', 'Leonard walks away from Sheldon.', 'Howard and Raj converse nearby.']",Sheldon strides to the refrigerator.
2120,699.651,tt1127906,697.109,"['Raj points at himself, while Leonard and Howard look on.', 'Leonard and Howard watch as Raj points at himself.', 'Raj gestures towards himself, with Howard and Leonard nearby.', 'Howard and Leonard observe Raj as he points at himself.', 'Leonard and Howard see Raj point to himself.']",Raj smiles as Howard holds his hand to his own neck.
2121,706.246,tt1127906,705.023,"['Raj makes hand gestures.', 'Raj looks at the camera.', 'Raj makes hand movements.', 'Raj talks with hand gestures.', 'Raj gestures animatedly.']",Raj's right hand twirls.
2122,709.668,tt1127906,706.399,"['Leonard points at Howard as Raj talks to him.', 'Raj points at Leonard as Howard stands nearby.', 'Howard looks at Raj as Leonard listens and points.', 'Leonard points at Howard while Raj talks and gestures.', 'Raj talks and points at Leonard, who listens and points at Howard.']","He glances at his hand, rolls his eyes, then sticks his hand beneath his jacket."
2123,724.332,tt1127906,722.382,"['Leonard drinks from a can, then sets it down.', 'Sheldon looks at Raj, who drinks from a can.', 'Leonard glances at Raj, who holds a can.', 'Sheldon focuses on Raj, who sips from a can.', 'Raj and Sheldon both drink from cans on the table.']",Howard holds a bag of frozen vegetables to his own neck.
2124,753.916,tt1127906,752.023,"['Leonard pours a drink as Raj looks on.', 'Raj watches Leonard pour a drink.', 'Leonard pours a drink while Raj observes.', 'Raj looks at Leonard as he pours a drink.', ""Leonard pours a drink, with Raj's attention on him.""]","Raj wags his finger, which doesn't stop."
2125,756.517,tt1127906,754.26,"['Raj points at something, Leonard nods, and Howard looks on.', 'Raj holds a soda can, speaking to Leonard, and Sheldon observes.', 'Raj speaks to Leonard, Howard watches, and Sheldon keeps looking.', 'Leonard nods, Raj points, and Howard focuses on Raj.', 'Raj holds a soda, speaking to Leonard, with Sheldon nearby.']","Leonard grabs Raj's hand, then lowers it to the table."
2126,757.549,tt1127906,756.841,"['Howard looks at Leonard.', 'Leonard stands with Raj.', 'Sheldon talks to Raj.', 'Howard and Leonard sit.', 'Raj talks to Sheldon.']",Raj nods.
2127,787.379,tt1127906,785.792,"['Penny holds a book.', 'Howard stands near a snack.', 'Leonard eats a snack.', 'Penny and Missy stand together.', 'Leonard and Howard interact near a table.']",Missy and Penny stand inside the door.
2128,873.026,tt1127906,871.262,"['Missy points and sits beside Sheldon.', 'Sheldon looks at Missy as she joins him.', 'Missy sits next to Sheldon on the bed.', 'Missy gestures to something and sits down.', 'Sheldon receives a nod from Missy and looks at her.']","Missy nudges Sheldon, who sits on his bed."
2129,874.14,tt1127906,873.275,"['Sheldon looks at Missy.', 'Missy points to Sheldon.', 'Sheldon gazes at her.', 'Missy shows Sheldon something.', 'Sheldon examines what she shows.']",She sits next to him.
2130,918.321,tt1127906,916.881,"['Missy looks at Sheldon.', 'Sheldon listens to Missy.', 'Missy and Sheldon sit together.', ""Sheldon looks at Missy's dress."", 'Missy and Sheldon sit on the bed.']",Sheldon quickly crosses his legs.
2131,923.588,tt1127906,922.917,"['Missy sits, Sheldon points.', 'Sheldon points at Missy.', 'Missy and Sheldon on bed.', 'Sheldon gestures to Missy.', 'Missy and Sheldon sit.']",Sheldon stands.
2132,937.0,tt1127906,933.911,"['Sheldon stands, looking at Missy on the bed.', 'Missy sits on the bed, with Sheldon standing nearby.', 'Sheldon talks to Missy, who looks at him.', 'Missy sits on the bed, with Sheldon standing over her.', 'Sheldon stands, gazing at Missy on the bed.']","Later, holding his own crotch, Sheldon steps slowly into the living room."
2133,976.552,tt1127906,973.405,"['Red talks to green while yellow enters the room holding a remote control.', 'Yellow enters the room, looking at red, who holds a remote control.', 'Red holds a remote control and talks to green, as yellow enters the room.', 'Yellow enters the room, where red talks to green, holding a remote control.', 'Red talks to green as yellow enters, wearing a black shirt and holding nothing.']",Sheldon steps into the living room where Howard and Leonard play Wii boxing.
2134,984.556,tt1127906,982.598,"['Raj and Howard play a video game together.', 'Leonard cheers them on from the side.', 'Raj and Howard gaze at the screen.', 'The friends look at the video game screen.', 'They all examine the video game outcome.']","With his arms raised, Leonard jumps up and down."
2135,985.803,tt1127906,984.671,"['Leonard raises his hands.', 'Howard watches Leonard celebrate.', 'Raj and Howard watch Leonard play.', 'Leonard scores a point.', 'Leonard celebrates his victory.']",Howard works his controller.
2136,992.886,tt1127906,991.408,"['Sheldon throws a punch and celebrates.', 'Raj, Howard, and Leonard watch the game.', 'Sheldon knocks out his opponent.', 'He raises his arms in victory.', 'Sheldon plays and celebrates his win.']","On the screen, nine, ten."
2137,1087.065,tt1127906,1086.048,"['Missy smiles at Howard.', 'Howard holds a yellow cloth.', 'Missy nods at Howard.', 'Howard shows Missy a question.', 'Missy smiles at the question.']",Howard drops the cane.
2138,1089.367,tt1127906,1087.103,"['Missy looks at Howard holding a yellow flag.', 'Howard holds a yellow flag in front of Missy.', ""Missy faces Howard holding a 'Will you go out with me?' flag."", 'Howard stands in front of Missy with a yellow flag.', 'Missy sees Howard holding a yellow flag with a question.']","He bends down, then stands holding a small banner."
2139,1099.917,tt1127906,1095.487,"[""Missy Cooper stands before Howard Wolowitz, who points at a paper with 'ARE YOU SURE' written on it and then folds it."", ""Howard Wolowitz holds a paper with 'ARE YOU SURE' written on it, pointing at it before folding it."", 'Missy Cooper looks at Howard Wolowitz as he points at the paper and then folds it.', ""Howard Wolowitz points at a paper with 'ARE YOU SURE' written on it, then folds it in front of Missy Cooper."", ""Howard Wolowitz folds a paper with 'ARE YOU SURE' written on it after pointing at it in front of Missy Cooper.""]","He tosses the banner over his shoulder, then waves his hands in front of himself and pulls out a smaller banner."
2140,1106.152,tt1127906,1105.136,"['Missy turns away from Howard.', 'Howard holds a questioning paper.', 'Missy looks at the paper.', 'Missy turns away from the paper.', 'Howard asks a question.']",Missy closes the door.
2141,1108.723,tt1127906,1106.575,"['Missy turns away as Howard holds a sign.', 'Howard holds a sign, then walks away.', 'Missy looks at Howard, then walks away.', ""Howard holds a sign, 'ARE YOU SORRY'."", 'Missy and Howard have a brief interaction, then part ways.']","Later, Penny opens the door, revealing Raj."
2142,1128.353,tt1127906,1127.663,"['Penny looks at Raj.', 'Raj looks at Penny.', 'They look at each other.', 'Penny gazes at Raj.', 'Raj gazes at Penny.']",Raj nods.
2143,1129.927,tt1127906,1128.699,"['Penny and Missy enter the room.', 'Raj turns around to face them.', 'Missy talks to Raj as they stand.', 'Penny and Missy look at Raj.', 'Raj faces Penny and Missy.']",Missy appears behind Penny.
2144,1154.289,tt1127906,1151.816,"['Missy and Penny look at each other as Raj walks away.', 'Raj walks away from the elevator as Missy and Penny glance at each other.', 'Penny and Missy share a glance as Raj exits the elevator.', 'Missy and Penny exchange a look as Raj walks away from the elevator.', 'Raj walks away from the elevator as Missy and Penny briefly look at each other.']","Raj turns, then steps to the staircase and descends it."
2145,1190.137,tt1127906,1188.18,"['Sheldon gestures with his hands, hugging Missy.', 'Missy hugs Sheldon, gesturing with her hands.', 'Sheldon and Missy hug, gesturing together.', 'Missy and Sheldon hug, hands moving freely.', 'Sheldon and Missy hug, hands in motion.']",Sheldon holds out his hand.
2146,1193.511,tt1127906,1192.572,"['Sheldon hugs Missy.', 'Missy looks at Sheldon.', 'Sheldon hugs her.', 'Missy gazes at him.', 'He holds her tight.']",Missy hugs Sheldon.
2147,1194.316,tt1127906,1193.665,"['Sheldon hugs Missy.', 'Sheldon releases Missy.', 'Missy smiles.', 'Sheldon holds Missy.', 'Missy pulls away.']",He pats her back.
2148,102.58,tt1127907,101.47,"['Penny holds a coffee pot.', 'Leonard looks at Penny.', 'Penny speaks while holding a pot.', 'Penny and Leonard gaze at each other.', 'Penny holds a coffee pot, speaking.']",Leonard furrows his brow.
2149,238.406,tt1127907,236.8,"['Penny walks to Howard, then back to Sheldon.', 'Sheldon, Howard, and Raj engage in a conversation.', 'Penny moves between Sheldon and the others.', 'Penny carries a microphone as she talks.', 'Penny walks between Sheldon, Howard, and Raj.']",Howard stands between Sheldon and Penny.
2150,260.472,tt1127907,259.532,"['Penny looks at Howard.', 'Howard looks at Penny.', 'Penny wears an orange top.', 'Raj looks at Penny.', 'Howard wears a red sweater.']",Penny stares at Howard.
2151,287.805,tt1127907,286.577,"['Sheldon pours a drink.', ""Penny looks at Sheldon's drink."", 'Sheldon puts the glass on the table.', 'Penny examines the drink.', 'Sheldon serves Penny a drink.']",Sheldon pours a glass of juice.
2152,326.763,tt1127907,325.688,"['Sheldon speaks to Penny.', 'Penny looks at Sheldon.', 'Sheldon addresses Penny.', 'Penny holds a juice glass.', 'Penny gazes at Sheldon.']",Penny smiles at Sheldon.
2153,332.729,tt1127907,330.332,"['Raj and Howard walk down the hall with a box.', 'Penny watches Raj and Howard carrying a box.', 'Raj and Howard walk past Penny, carrying a box.', 'Howard and Raj walk down the hall with a box.', 'Penny looks at Raj and Howard carrying a box.']","Sheldon glares at Penny, who glares back, then smiles."
2154,338.869,tt1127907,337.967,"['Howard knocks on the door.', 'Raj carries a large gift.', 'Howard holds a gift bag.', 'They look inside the apartment.', 'Raj brings a large gift.']",Howard knocks on her door.
2155,348.851,tt1127907,347.988,"['Sheldon looks inside room.', 'Raj and Howard enter room.', 'Sheldon stands at door entrance.', 'Raj and Howard open door.', 'They enter the room.']",Sheldon opens the door.
2156,449.445,tt1127907,448.41,"['Sheldon bends down looking.', 'Penny and Howard gaze at Sheldon.', 'Sheldon examines the wall.', 'Penny and Howard observe Sheldon.', 'Sheldon studies the wall.']",Penny gazes at Howard.
2157,474.442,tt1127907,473.195,"['Penny holds a plate of food.', 'Howard Wolowitz holds a plate of food.', 'Raj Koothrappali holds a plate of food.', 'Howard Wolowitz stands near the food.', 'Penny and friends gather around food.']",Raj whispers in Howard's ear.
2158,546.609,tt1127907,544.826,"['Howard walks through the store with Penny.', 'Penny and Howard look at items in the store.', 'Howard throws darts at the dartboard.', 'Howard and Penny examine store displays together.', ""Howard and Penny browse the store's products.""]",Penny and Sheldon shop an electronics store.
2159,590.204,tt1127907,589.168,"['Sheldon and Penny walk through the store.', 'Penny points at electronics with Sheldon.', 'Sheldon and Penny examine gadgets together.', 'Penny and Sheldon browse the shelves.', 'Sheldon and Penny check out items.']",Sheldon steps to his shelf.
2160,599.452,tt1127907,597.861,"['Howard walks towards Leonard on the couch.', 'Leonard watches Howard approach the dartboard.', 'Howard throws a dart at the board.', 'Howard focuses on the dartboard target.', 'Howard takes aim at the dartboard.']","Holding a bag, Raj opens the door."
2161,602.961,tt1127907,600.468,"['Howard throws darts while Raj watches.', 'Raj throws darts while Leonard observes.', 'Leonard watches Raj throw darts.', 'Howard throws darts, and Raj looks on.', ""Raj throws darts, with Leonard's attention on him.""]","As Raj stands in the doorway, Howard frantically gestures."
2162,604.188,tt1127907,603.479,"['Howard throws at Raj.', 'Raj looks at the dart.', 'Howard enters and throws.', 'Raj gazes at the dart board.', 'Howard tosses the dart.']",Raj backs out.
2163,611.092,tt1127907,608.503,"['Leonard looks at Howard playing a video game.', 'Howard plays a video game while Leonard stands beside him.', 'Leonard watches Howard play on the TV screen.', 'Howard focuses on the TV screen as Leonard stands nearby.', 'Leonard observes Howard sitting at the console.']",Howard picks up a granola bar from the coffee table and unwraps it.
2164,614.409,tt1127907,612.549,"['Howard opens a bag of food and sits down.', 'Howard sits down with a small bag of food.', 'Howard opens a bag and takes a seat.', 'He opens a bag of food and sits.', 'Howard sits down with food in hand.']",He breaks off half and puts it in his back pocket.
2165,617.151,tt1127907,614.984,"['Howard walks towards Leonard, holding food and a remote control.', 'Leonard stands as Howard approaches, holding food and a remote control.', 'Howard holds food and a remote control as he talks to Leonard.', 'Howard walks towards Leonard, food and remote control in hand.', 'Leonard faces Howard, who holds food and a remote control.']","Holding the other half, he places his hand near his own throat."
2166,622.316,tt1127907,621.3,"['Leonard looks at Howard.', 'Howard listens to Leonard.', 'Leonard stands and talks.', 'Howard stares at Leonard.', 'Leonard talks to Howard.']",Leonard glances at Howard.
2167,642.628,tt1127907,641.745,"['Leonard looks at Howard.', 'Howard sits on the couch.', 'Leonard talks on the phone.', 'Leonard holds his phone.', 'Howard sits with Leonard.']",Leonard runs to his room.
2168,643.414,tt1127907,642.647,"['Howard talks on phone.', 'Howard is on phone.', 'Howard makes a call.', 'He talks on phone.', 'Howard is on a call.']","Oh God, oh God."
2169,644.833,tt1127907,643.51,"['Howard looks around the room.', 'Howard talks on the phone.', 'Howard looks at the phone.', 'Howard looks around the room.', 'Howard looks around the room.']",Howard makes a call on his cell phone.
2170,659.044,tt1127907,658.239,"['Howard talks to Leonard.', 'Leonard looks at Howard.', 'Howard is on the phone.', 'Howard chats with Leonard.', 'Leonard watches Howard.']",He puts his phone away.
2171,663.452,tt1127907,662.225,"['Red walks and talks to green.', 'Red and green converse while walking.', 'Red and green engage in a walk.', 'Green walks alongside talking red.', 'Red and green stroll together.']",Leonard helps Howard out the door.
2172,669.911,tt1127907,663.472,"['Red is on the phone while green walks by, and blue and yellow both glance at the phone simultaneously.', ""Green walks past red, who's on the phone, as blue and yellow both look at the phone with interest."", 'Red talks on the phone as green walks by, while blue and yellow both gaze at the phone.', 'Blue and yellow both look at the phone as red talks on the phone, while green walks in the background.', 'Red is on the phone as green walks by, with blue and yellow both glancing at the phone in the scene.']","At the store, Sheldon inspects two boxes."
2173,671.043,tt1127907,670.179,"['Sheldon holds a box.', 'Penny looks at a box.', 'Sheldon explains to Penny.', 'Penny examines a box.', 'Sheldon shows Penny something.']",Penny checks her watch.
2174,771.6,tt1127907,770.966,"['Sheldon holds devices.', 'Sheldon talks with them.', 'Sheldon stands with devices.', 'They hold devices together.', 'Sheldon shows devices.']",A red-haired woman.
2175,798.831,tt1127907,797.471,"['Althea hands Howard a paper.', 'Howard takes a paper from Althea.', 'Althea hands Howard a document.', 'Howard walks away with a paper.', 'Althea gives Howard a piece of paper.']",She drops a clipboard on the counter.
2176,815.568,tt1127907,814.59,"['Althea looks at Howard.', 'Howard looks at Althea.', 'Althea and Howard look at each other.', 'Howard talks to Althea with a clipboard.', 'Althea and Howard discuss on computer.']",She closes a file.
2177,827.033,tt1127907,824.215,"['Howard hands money to Althea, receiving a receipt.', 'Althea gives Howard a receipt after he hands over money.', 'Howard looks at Althea as he hands her money.', 'Althea takes money from Howard and hands him a receipt.', 'Howard and Althea exchange money and a receipt.']","Howard sets a $5 bill on the counter, then slides it toward the woman."
2178,834.786,tt1127907,833.864,"['Althea talks to Howard.', 'Howard listens to Althea.', 'Red-shirted man enters.', 'Howard stands up.', 'New person arrives.']",Howard picks up the money.
2179,835.783,tt1127907,835.055,"['Leonard looks on.', 'Althea and Howard converse.', 'Howard stands with Althea.', 'Leonard observes them.', 'Althea talks to Howard.']",Leonard hurries in.
2180,857.381,tt1127907,856.575,"['Leonard talks to Althea.', 'Howard stands behind them.', 'Leonard talks to Althea.', 'Althea stands with them.', 'Howard stands behind Leonard.']",Leonard rushes out.
2181,859.933,tt1127907,858.782,"['Leonard and Howard face each other.', 'Penny talks on her phone nearby.', 'Sheldon stands beside them quietly.', 'Leonard and Howard converse intensely.', 'Penny walks with her phone.']",Howard pulls out his cell phone.
2182,892.011,tt1127907,889.709,"['Penny and Sheldon Cooper gaze at each other.', 'Sheldon Cooper and Penny hold their phones.', 'Penny and Sheldon Cooper stare at each other.', 'Sheldon Cooper and Penny look at their phones.', 'Penny and Sheldon Cooper examine their phones.']","Holding his phone to his ear, Howard stares straight ahead."
2183,896.768,tt1127907,895.809,"['Penny walks away slowly.', 'Sheldon walks away calmly.', 'Penny looks back at Sheldon.', 'Sheldon hangs up the phone.', 'Penny and Sheldon walk away.']",Penny looks at her phone.
2184,915.325,tt1127907,914.194,"['Penny looks at Howard.', 'Howard walks away from Penny.', 'Howard looks at Penny.', 'Penny looks at Howard.', 'Howard walks away again.']",Penny nods and smiles.
2185,916.918,tt1127907,915.536,"[""Howard looks at Penny's phone."", 'Penny talks to Howard, who looks away.', 'Howard checks his own phone.', 'Howard gazes at Penny on the phone.', ""Penny's phone conversation holds Howard's attention.""]",Howard puts his phone into his pocket.
2186,920.411,tt1127907,917.11,"['Penny turns around to look at Howard, who eats a snack.', 'Howard eats a snack as Penny walks away.', 'Penny walks away from Howard, who munches on a snack.', 'Howard eats a snack while Penny turns around to leave.', 'Penny turns around and walks away as Howard eats a snack.']","He glances over his shoulder, then pulls the half a granola bar from his back pocket."
2187,923.921,tt1127907,922.195,"['Penny turns to look at Howard.', 'Howard eats a snack while Penny walks away.', 'Penny walks away as Howard munches on a snack.', 'Howard watches as Penny exits the scene.', 'Penny exits while Howard enjoys his snack.']","Holding out his arms, he gazes downward."
2188,932.365,tt1127907,929.179,"['Howard and Sheldon eat snacks while looking at computer screens.', 'Sheldon eats a snack while gazing at a computer screen.', 'Howard and Sheldon munch on snacks, eyes fixed on screens.', 'Sheldon and Howard snack while Howard looks at a computer screen.', 'Sheldon and Howard enjoy snacks while staring at computer screens.']","At the store, Sheldon types register keys, then turns to a dark-haired woman."
2189,938.581,tt1127907,937.276,"['Penny walks away from Sheldon.', 'Sheldon walks away from the counter.', 'Penny and Sheldon walk away separately.', 'Penny and Sheldon leave the counter.', 'Sheldon and Penny walk away.']",Penny stands next to an employee.
2190,939.943,tt1127907,939.138,"['Penny walks away.', 'Sheldon walks away.', 'Penny talks to cashier.', 'Sheldon talks to cashier.', 'Penny and Sheldon leave.']",She points at Sheldon.
2191,967.107,tt1127907,965.321,"['Sheldon walks in the store, looking around.', 'Leonard enters the store, followed by Sheldon.', 'Althea stands in the store, looking at Sheldon.', 'Sheldon, Leonard, and Althea walk into the store.', 'The three friends walk into the store, looking around.']","At the hospital, Leonard steps to the counter."
2192,974.496,tt1127907,973.824,"['Althea speaks to them.', 'Leonard and Howard look at her.', 'They gaze at Althea.', 'Althea addresses Leonard and Howard.', 'Howard and Leonard stare at Althea.']",Howard walks up.
2193,977.797,tt1127907,976.473,"['Althea talks to Leonard and Howard.', ""Leonard points at Howard's sweater."", 'Howard wears a green sweater with blue stripes.', 'Leonard and Howard look at Althea.', 'Althea addresses Leonard and Howard.']",His red face and hands are swollen.
2194,986.697,tt1127907,984.872,"['Leonard talks to a woman with hands on her hips.', 'The woman in a striped shirt walks away.', 'Howard and Leonard sit at a table with a cup.', 'Leonard talks to a woman standing in front of him.', 'A woman with a striped shirt stands in front of Leonard.']",A man in a blue lab coat leads Howard away.
2195,1043.765,tt1127907,1042.959,"['Leonard walks away from Howard.', ""Howard follows Leonard's lead."", 'Leonard and Howard walk off.', 'Howard turns to leave with Leonard.', 'Leonard and Howard exit together.']",They step inside.
2196,1048.83,tt1127907,1043.784,"['Leonard and Howard stand in a doorway, looking at each other, then move to a living room where they continue their conversation.', 'Howard listens intently as Leonard speaks in a doorway, then in a living room, their conversation continuing without interruption.', 'Leonard and Howard engage in a conversation, standing in a doorway and later in a living room, their eyes locked on each other.', 'The scene shows Leonard speaking and Howard listening in a doorway, then in a living room, their interaction remaining steady.', 'Leonard and Howard have a conversation in a doorway, then move to a living room, where they continue speaking and listening to each other.']","Shirtless Raj sings as Penny sleeps on the couch and Sheldon, cradling a present, sleeps in a chair."
2197,1057.785,tt1127907,1056.25,"['Raj holds a microphone and bottle.', 'Raj raises his hands with Leonard and Howard.', 'Leonard and Howard watch Raj with a microphone.', 'Raj stands with a microphone and yellow tape.', 'Raj holds a microphone and a yellow-taped bottle.']",Howard and Leonard exchange glances.
2198,1061.105,tt1127907,1059.954,"['Raj holds a microphone and beer.', 'Leonard and Howard stand in front of a couch.', 'Raj speaks into a microphone.', 'Howard and Leonard stand behind Raj.', 'Raj holds a beer and microphone.']",Raj holds his arms aloft.
2199,1077.225,tt1127907,1073.771,"['Raj makes a face on his phone screen, licking his finger.', ""Raj's fingers lick his phone screen with a humorous expression."", ""Raj's face contorts on the phone screen as he licks his finger."", ""Raj's phone screen shows his face, tongue licking his finger."", ""Raj's phone screen displays a tongue-licking gesture on his face.""]",A woman on Raj's shoulders tips a bottle into his mouth.
2200,87.349,tt1127908,85.028,"[""Penny enters the room, catching Leonard's attention."", 'Leonard and Howard gaze at Penny as she enters.', 'Penny enters the room, while Sheldon reads a book.', 'Howard looks at Penny as she enters the room.', 'Penny walks into the room, where Howard and Leonard stare.']",She slams the window shut then steps toward the door.
2201,89.326,tt1127908,88.807,"['Penny enters, sits, and chats.', 'Leonard and Sheldon gaze at Penny.', 'Penny sits with Leonard and Sheldon.', 'Penny talks on the couch.', 'Penny joins Leonard and Sheldon.']",And he leaves.
2202,91.435,tt1127908,90.361,"['Sheldon stands up from couch.', 'Howard sits on the couch.', 'Sheldon gets up slowly.', 'Howard stays seated.', 'Sheldon moves off the couch.']",The others gaze at the door.
2203,122.61,tt1127908,121.325,"['Leonard knocks on the door.', 'Leonard approaches the door.', 'He knocks on the door slowly.', ""Leonard's hand reaches for the door."", 'He knocks once on the door.']",Leonard knocks on Penny's door.
2204,141.739,tt1127908,138.689,"['Howard Wolowitz enters and sits down on the couch.', 'Leonard Hofstadter reads a book on the couch.', 'Howard Wolowitz looks at Leonard Hofstadter sitting on the couch.', 'Howard Wolowitz sits down beside Leonard Hofstadter on the couch.', 'Howard Wolowitz enters and joins Leonard Hofstadter on the couch.']",Howard peers at a computer screen while Sheldon studies the Mandarin book.
2205,158.704,tt1127908,157.534,"['Sheldon reads a book.', 'Leonard looks at Sheldon.', 'Sheldon looks at Leonard.', 'Sheldon reads a book.', 'Sheldon and Leonard gaze at each other.']",Leonard stares at Shelton.
2206,162.043,tt1127908,160.777,"['Sheldon reads a book.', 'Sheldon looks around the room.', 'Sheldon reads the book.', 'He reads a book.', 'Sheldon reads book quietly.']",Shelton slowly looks at Leonard.
2207,167.607,tt1127908,165.957,"['Sheldon puts down a book and stands up.', 'Leonard sits on the couch, watched by Sheldon.', 'Sheldon stands up, leaving a book behind.', 'Sheldon looks at Leonard, who sits on the couch.', 'Sheldon stands up, book in hand, and looks at Leonard.']","Setting down the book, Shelton stands."
2208,168.528,tt1127908,167.875,"['Leonard throws a book.', 'Raj enters the room.', 'Leonard looks at Raj.', 'Raj sits on the couch.', 'Leonard throws a book at Raj.']",Raj walks in.
2209,238.433,tt1127908,237.799,"['Leonard turns away.', 'Howard stays still.', 'Leonard walks off.', 'Howard turns around.', 'Leonard leaves Howard.']",Leonard leaves.
2210,242.958,tt1127908,242.133,"['Leonard enters the kitchen.', 'Penny holds a can.', 'Leonard joins Penny.', 'Penny opens a can.', 'Leonard enters, Penny talks.']",Leonard opens the door.
2211,247.331,tt1127908,246.487,"['Penny eats from a can.', 'Leonard watches Penny eat.', 'Penny looks at Leonard.', 'Leonard watches her eat.', 'Penny eats before Leonard.']",Leonard starts to leave.
2212,312.964,tt1127908,311.717,"['Penny walks to the fridge.', 'Leonard looks at his laptop.', 'Penny drinks from her cup.', 'Leonard drinks from his cup.', 'Penny and Leonard take a drink.']",Go ahead.
2213,357.985,tt1127908,357.044,"['Penny holds a bottle.', 'Leonard uses a laptop.', 'Penny stands in the kitchen.', 'Leonard looks at Penny.', 'Penny talks to Leonard.']",Leonard sits on the couch.
2214,365.953,tt1127908,365.089,"['Penny sits beside Leonard.', 'Leonard sits with a laptop.', 'Penny joins Leonard on the couch.', 'Leonard has a laptop open.', 'Penny sits next to Leonard.']",And he sits next to him.
2215,419.387,tt1127908,418.793,"['Penny walks away.', 'Leonard stands up.', 'Penny exits.', 'Leonard follows.', 'Penny leaves.']",Penny leaves.
2216,423.303,tt1127908,420.77,"['Penny walks out of the room, leaving Leonard watching her.', 'Leonard looks at the laptop as Penny exits the room.', 'Penny waves to Leonard, who waves back.', 'Penny leaves the room, and Leonard watches her go.', 'Leonard watches Penny as she exits the room.']","Leonard glances at the laptop, then gazes around himself."
2217,429.733,tt1127908,427.948,"['Leonard walks towards the door.', 'Leonard looks at a board game.', 'Leonard stands up from the couch.', 'Leonard moves towards the door.', 'Leonard walks away from the couch.']","Standing, Leonard steps to the door."
2218,537.744,tt1127908,535.978,"['Leonard stands up, looking at Penny.', 'Penny holds a blanket, looking at Leonard.', 'Leonard stands up, gazing at Penny.', 'Penny cries, Leonard standing nearby.', ""Leonard rises, focusing on Penny's face.""]","Crying, Penny holds her hand to her face."
2219,542.735,tt1127908,542.217,"['Leonard walks towards Penny.', 'Penny and Leonard sit together.', 'Leonard joins Penny on the couch.', 'Penny talks to Leonard.', 'Leonard sits beside Penny.']",Leonard sits.
2220,634.541,tt1127908,631.26,"['Penny walks away, turns, and walks back towards the elevator.', 'Penny turns around and heads back towards the elevator.', 'Penny walks away, then turns and approaches the elevator.', 'Penny walks away, turns, and returns to the elevator.', 'Penny walks away, turns, and heads back towards the elevator.']","Holding a bag of groceries, Penny steps to Sheldon and taps his shoulder."
2221,696.5,tt1127908,694.964,"['Penny holds a paper bag while talking to Sheldon.', 'Sheldon looks at Penny holding a paper.', 'Penny talks to Sheldon holding a bag.', 'Sheldon holds a paper as Penny talks.', 'Penny and Sheldon converse with a paper bag.']",Sheldon slides his key into his lock.
2222,809.847,tt1127908,809.54,"['Penny sits, Sheldon joins.', 'Sheldon reads, Penny looks.', 'Sheldon walks away.', 'Penny and Sheldon sit.', 'Sheldon stands up.']",He stands.
2223,852.997,tt1127908,851.366,"['Penny sits on the couch wearing green.', 'Penny looks directly at the camera.', 'Penny sits on the couch in green.', 'Penny is seen wearing a green dress.', 'Penny sits on the couch, looking straight ahead.']",Sheldon sits in a roundish green chair.
2224,902.617,tt1127908,901.542,"['Sheldon looks at Penny.', 'Penny listens to Sheldon.', 'Sheldon gazes at her.', 'He sits, she sits.', 'Sheldon focuses on her.']",Penny stares at Sheldon.
2225,943.066,tt1127908,940.36,"['Leonard holds a tray with food, Sheldon standing behind him.', 'Sheldon stands behind Leonard, who holds a tray with food.', 'Leonard and Sheldon look at the camera, both holding a tray.', 'Leonard and Sheldon stand together, both holding a tray with food.', 'Sheldon stands behind Leonard, who holds a tray with food in hand.']",Leonard and Sheldon step to a table where a man and a woman sit.
2226,947.654,tt1127908,945.753,"['Sheldon holds a tray with a drink.', 'Leonard and Sheldon stand with a woman.', 'Sheldon thanks the woman with a can.', 'Sheldon holds a cup and can.', 'Sheldon thanks the woman with a tray.']",The man and woman peer at Leonard.
2227,950.476,tt1127908,948.864,"['Sheldon and Leonard serve food to others.', 'Leonard and Sheldon look at each other serving.', 'Sheldon and Leonard hold plates of food.', 'They take plates of food to the table.', 'Sheldon and Leonard pass food to guests.']","Sheldon smiles at Leonard, who nods."
2228,951.11,tt1127908,950.707,"['Sheldon and Leonard serve food.', 'Sheldon and Leonard sit down.', 'Leonard and Sheldon look at each other.', 'Sheldon and Leonard serve and sit.', 'They sit and look.']",They sit.
2229,1040.155,tt1127908,1039.502,"['Sheldon looks at Leonard.', 'Leonard eats with Sheldon.', ""Sheldon stares at Leonard's plate."", 'Sheldon looks at food.', 'Leonard holds a plate.']",Sheldon eats.
2230,1048.809,tt1127908,1046.64,"['Sheldon talks to Leonard while eating food.', 'Leonard listens to Sheldon while eating food.', 'A woman sits at the table with Sheldon and Leonard.', 'Sheldon and Leonard sit at a table with a woman.', 'Leonard eats food while Sheldon talks to him.']",Sheldon rubs his stomach as the man peers at him.
2231,1050.324,tt1127908,1049.058,"['Sheldon looks at Leonard eating.', 'Leonard eats while Sheldon talks.', 'A woman watches Sheldon and Leonard.', 'Sheldon talks to Leonard at a table.', 'A woman looks at Sheldon and Leonard.']",The woman furrows her brow.
2232,1054.296,tt1127908,1050.784,"['Leonard Hofstadter walks down the stairs and enters a room.', 'Leonard Hofstadter descends the stairs and enters a room.', 'He walks down the stairs and enters a room.', 'Leonard Hofstadter enters a room after walking down the stairs.', 'He enters a room, having walked down the stairs.']","Later, wearing a suit coat, Leonard steps to Penny's door and takes a deep breath."
2233,1056.79,tt1127908,1056.348,"['Leonard looks around.', 'Leonard presses a button.', 'Leonard examines the button.', 'Leonard finds a button.', 'Leonard hits a button.']",He knocks.
2234,92.393,tt1256599,89.849,"['Raj and Howard look at a laptop together.', 'Leonard sits on the couch, staring at the laptop.', 'Raj and Howard examine the laptop screen.', 'The trio sits on the couch, focused on the laptop.', ""They sit together, gazing at the laptop's display.""]",Howard and Raj lean away from a laptop computer as Leonard enters.
2235,283.577,tt1256599,281.15,"['Penny puts clothes in the washing machine.', 'Sheldon folds clothes on the table.', 'Penny looks at Sheldon as he folds clothes.', 'Sheldon stares at Penny as she puts clothes away.', 'Penny and Sheldon work together, folding and putting away clothes.']",Penny dumps her entire laundry basket into a washing machine.
2236,290.936,tt1256599,289.106,"['Penny folds and puts away clothes.', 'Sheldon folds and puts away clothes.', 'Penny and Sheldon work together on laundry.', 'They put clothes in the washing machine.', 'Penny and Sheldon fold and put away clothes.']",She pours in a box of powdered detergent.
2237,358.91,tt1256599,356.348,"['Sheldon places multiple cloths on the table.', 'Penny watches as Sheldon lays out multiple cloths.', 'Sheldon methodically puts multiple cloths on the table.', 'Sheldon takes multiple cloths and places them on the table.', 'Sheldon arranges multiple cloths on the table in a row.']","Sheldon folds the socks with his folding board, then turns to her."
2238,449.599,tt1256599,447.524,"['Sheldon looks at Penny standing near laundry basket.', 'Penny looks at Sheldon leaning against brick wall.', 'Sheldon talks to Penny standing near laundry basket.', 'Penny looks at Sheldon with signs nearby.', 'Sheldon and Penny interact near laundry basket.']",The corners of Sheldon's mouth curl upward slightly.
2239,494.133,tt1256599,492.365,"['Sheldon stands in front of Penny.', 'Penny talks to Sheldon standing near a sign.', 'Sheldon looks at Penny with a red sign behind.', 'Penny addresses Sheldon in a room with a warning sign.', ""Sheldon faces Penny near a 'NO OPEN CONTAINERS' sign.""]","Later, Leonard walks upstairs with Sheldon."
2240,576.864,tt1256599,575.25,"['Sheldon Cooper talks to someone wearing a green shirt.', 'Sheldon Cooper holds a conversation.', 'He speaks to someone nearby.', 'Sheldon Cooper converses with someone.', 'Sheldon Cooper is talking to someone else.']",There's no reason to bring my looks into this.
2241,599.095,tt1256599,596.444,"['Leonard and Sheldon stare at Penny in a restaurant.', 'Penny is in a restaurant with a dart flying nearby.', 'Leonard and Sheldon gaze at Penny in a restaurant.', 'Leonard, Sheldon, and Penny are in a restaurant together.', 'Darts fly as Leonard, Sheldon, and Penny interact in a restaurant.']","At work, Penny waits on a table of four."
2242,615.808,tt1256599,614.635,"['Penny looks at her phone.', 'Sheldon looks at Penny.', 'Penny and Sheldon walk together.', 'Penny walks with Sheldon Cooper.', ""Sheldon gazes at Penny's phone.""]",Sheldon pulls Penny aside.
2243,659.741,tt1256599,658.777,"['Sheldon moves up and down.', 'Penny looks at Sheldon.', 'Sheldon and Penny look at each other.', 'Sheldon moves his hands.', 'Sheldon and Penny gaze at each other.']",He touches his temples.
2244,682.711,tt1256599,681.613,"['Sheldon walks away from Leonard.', 'Sheldon sits down briefly then leaves.', 'Leonard looks up at Sheldon.', 'Sheldon walks in and sits down.', 'Sheldon enters and exits quickly.']",He paces to his computer.
2245,764.647,tt1256599,763.279,"['Howard walks into the room next to Raj.', 'Raj opens the refrigerator door.', 'Howard stands beside Raj Koothrappali.', 'Raj and Howard stand together.', 'Howard joins Raj near the fridge.']",Sheldon returns with a duffel bag.
2246,783.163,tt1256599,782.47,"['Raj talks to Howard.', 'Sheldon watches them.', 'Howard stands before Raj.', 'Raj and Howard converse.', 'Sheldon observes the duo.']",Howard runs out.
2247,785.245,tt1256599,783.492,"['Sheldon stands, looking at Raj walking towards him.', 'Raj walks towards Sheldon, who looks on.', 'Sheldon and Raj face each other.', 'Sheldon watches Raj approaching him.', 'Raj approaches, and Sheldon looks at him.']","Raj watches him go, then turns to Sheldon."
2248,815.326,tt1256599,814.71,"['Red runs out, blue follows.', 'Blue chases red out.', 'Red and blue leave.', 'Green stands alone.', 'Red and blue exit.']",They leave together.
2249,822.666,tt1256599,819.623,"['Raj walks towards Leonard on the couch.', 'Leonard sits on the couch as Raj approaches.', 'Raj looks at Leonard on the couch.', 'Raj walks towards the couch where Leonard is sitting.', 'Leonard sits on the couch, with Raj walking towards him.']","Glancing at Leonard, Sheldon drops his key into a bowl by the door and leaves."
2250,827.599,tt1256599,825.634,"['Leonard Hofstadter walks into the living room.', 'Leonard Hofstadter sits down on the couch.', 'Leonard Hofstadter enters the living room and sits.', 'Leonard Hofstadter enters, then settles onto the couch.', 'Leonard Hofstadter walks in and takes a seat.']","Cracking open a beer, Leonard flops on the couch."
2251,899.284,tt1256599,897.441,"['Sheldon turns his head to Raj, looking at him.', 'Raj turns his head to Sheldon, gazing at him.', 'Sheldon and Raj exchange glances, sitting together.', 'Raj and Sheldon stare at each other, on the couch.', 'Sheldon and Raj sit together, looking at each other.']","Swiveling his head, Raj glares at Sheldon."
2252,911.32,tt1256599,909.957,"['Howard enters the room slowly.', 'Howard opens the door and enters.', 'Howard walks into the room quietly.', 'Howard steps into the room quietly.', 'Howard opens the door and walks in.']","Smiling, Howard opens the door."
2253,915.697,tt1256599,914.277,"['Sheldon looks at Raj and Howard.', 'Raj and Howard enter the room.', 'Sheldon stares at Raj.', 'Raj holds a bag.', 'Sheldon looks at Howard.']","Leaving Sheldon, Raj runs off."
2254,922.025,tt1256599,919.761,"['Howard enters the room and approaches Sheldon on the air mattress.', 'Sheldon lies on the air mattress, with Howard standing nearby.', 'Howard talks to Sheldon, who remains lying on the air mattress.', 'Howard enters, and Sheldon is seen lying on the air mattress.', 'Sheldon is lying on the air mattress, with Howard entering the room.']","Later, Sheldon lies on an air mattress in Howard's bedroom."
2255,944.282,tt1256599,942.651,"['Howard looks at sleeping Sheldon.', 'Sheldon lies on the bed, Howard standing.', 'Howard gazes at Sheldon on the bed.', 'Sheldon sleeps, Howard standing beside him.', 'Howard stands over Sheldon on the bed.']","Throwing off his covers, Howard stands."
2256,86.861,tt1256030,85.896,"['Penny waves at Leonard and Howard.', 'Leonard and Howard turn to Penny.', 'Penny walks away from them.', 'Leonard and Howard look at Penny.', 'Penny waves goodbye to them.']","Penny with a new guy, Trey Awkward."
2257,87.324,tt1256030,86.88,"['Penny walks in, followed by Leonard and Howard.', 'Leonard and Howard enter with Penny.', 'Penny and her friends arrive.', 'Leonard and Howard join Penny.', 'Penny, Leonard, and Howard enter.']",It wasn't awkward.
2258,87.614,tt1256030,87.343,"['Penny holds a phone, Leonard looks at her.', 'Howard watches Penny and Leonard.', 'Penny and Leonard gaze at each other.', 'Leonard looks at Penny, holding a phone.', 'Howard observes Penny and Leonard.']",It wasn't fun.
2259,145.488,tt1256030,144.599,"['Leonard walks away.', 'Leonard leaves the room.', 'Leonard looks at the monk.', 'He walks past caution tape.', 'Leonard exits the room.']",Leonard follows him.
2260,200.543,tt1256030,199.038,"['Sheldon holds a plate of food.', 'Leonard and Howard discuss food on the couch.', 'Howard stands up, holding a plate of food.', 'Sheldon talks to Leonard, Howard, and Raj.', 'The friends sit on the couch with food.']",Sheldon steps back into the kitchen.
2261,260.402,tt1256030,259.193,"['Sheldon eats pizza.', 'Howard and Raj enjoy pizza.', 'Sheldon looks at Raj.', 'Howard watches Raj eat.', 'They savor pizza together.']",Howard peers at Sheldon.
2262,294.145,tt1256030,291.555,"['Blue eats, then looks at yellow while eating.', 'Yellow and blue both eat simultaneously, gazing at each other.', 'Blue looks at yellow while eating, both characters engaged.', 'Yellow and blue eat, with blue occasionally glancing at yellow.', 'Blue and yellow eat, with blue occasionally looking at yellow.']","In the cafeteria, Sheldon and Leonard eat at a small table."
2263,299.67,tt1256030,297.79,"['Sheldon eats and looks at Leonard.', 'Sheldon looks at Leonard and eats.', 'Sheldon eats and gazes at Leonard.', 'Leonard and Sheldon share a snack.', 'Sheldon munches while gazing at Leonard.']",Leonard peers over his eyeglasses at Sheldon.
2264,306.52,tt1256030,305.099,"['Sheldon eats a sandwich.', 'Sheldon puts a straw in his mouth.', 'Leonard looks at Sheldon.', 'Sheldon drinks soda.', 'Sheldon looks at Leonard.']",Sheldon drops part of a sandwich.
2265,424.392,tt1256030,423.989,"['Leslie walks to Leonard.', 'Leonard looks at Leslie.', ""Leslie approaches Leonard's table."", 'Leonard and Leslie face each other.', 'Leslie walks up to Leonard.']",Great news.
2266,428.058,tt1256030,427.098,"['Leslie walks towards vending machine.', 'Leonard watches Leslie leave.', 'Leslie heads to vending machine.', 'Leonard watches her go.', 'Leslie approaches vending machine.']",Break out the Red Bull.
2267,618.867,tt1256030,616.634,"['Leonard Hofstadter eats pizza and drinks wine.', 'Leslie Winkle looks at Leonard Hofstadter while eating.', 'Leonard Hofstadter holds a fork and knife with pizza.', 'Leslie Winkle and Leonard Hofstadter enjoy their pizza together.', 'They sit together, eating pizza and drinking wine.']",They eat by candlelight.
2268,655.299,tt1256030,654.665,"['Sheldon examines wires.', 'Leslie sits with Sheldon.', 'Leonard joins the scene.', 'Sheldon looks at wires.', 'Sheldon and friends sit.']",Sheldon leaves.
2269,672.107,tt1256030,665.085,"['Leonard walks towards Leslie, then sits down beside her on the couch.', 'Leslie looks at Leonard as he sits down beside her on the couch.', 'Leonard sits down next to Leslie on the couch.', 'Leslie and Leonard sit together on the couch.', 'Leonard approaches Leslie, who looks at him, and then they both sit down on the couch.']","Leslie and Leonard watch as the yellow extension cord snakes into the hallway, then pulls taut, slackens, and pulls taut again."
2270,674.166,tt1256030,672.781,"['Leonard points at something.', 'Leslie looks at Leonard.', 'Leonard stands and points.', 'Leslie watches Leonard point.', 'Leonard stands up and gestures.']","Standing, Leonard shuts the door."
2271,687.576,tt1256030,686.614,"['Leslie holds a plate.,.', 'Sheldon looks at Leslie.,.', 'Sheldon sits beside Leslie.,.', 'Leslie sits on the couch.,.', 'They sit together.']",Sheldon sticks his head in.
2272,692.705,tt1256030,691.147,"['Sheldon throws a dart at the board.', 'Sheldon and friends stand up together.', 'Sheldon looks at Leslie and Leonard.', 'Sheldon throws a dart at the dartboard.', 'Sheldon enters the room, then throws a dart.']",Leonard gestures toward the bathroom.
2273,694.282,tt1256030,692.897,"['Leslie and Leonard walk towards the door.', 'Leonard and Leslie stand up and exit.', 'Leslie and Leonard move towards the exit.', 'They stand up and head towards the door.', 'Leonard and Leslie walk towards the door together.']",Sheldon hurries through the living room.
2274,696.706,tt1256030,695.071,"['Sheldon throws a dart at Leslie and Leonard.', 'Leonard and Leslie sit on the couch as Sheldon attacks.', 'Sheldon hurls a dart at the couch dwellers.', 'Sheldon Cooper throws a dart at the duo.', ""Sheldon's dart zooms towards Leonard and Leslie.""]","Later, Leonard hands Leslie her purse."
2275,831.566,tt1256030,829.896,"['Sheldon looks down at his food.', 'Leslie walks away from her chair.', 'Sheldon looks at Leslie then down.', 'Leslie stands up and leaves.', 'Sheldon gazes at his food alone.']",Raj and Howard move to a larger table.
2276,834.004,tt1256030,831.893,"['Blue stands talking to red at the table.', 'Yellow walks by while blue and red converse.', 'Blue talks to red as yellow passes by.', 'Red sits at the table as blue discusses.', 'Blue and red engage in a conversation.']","Standing, Leonard glances from Leslie to Sheldon."
2277,1145.15,tt1256030,1144.439,"['Leslie opens door.', 'Sheldon claps hands.', 'Leonard holds remote.', 'Leslie walks in.', 'Sheldon claps at her.']",Leslie leaves.
2278,1148.758,tt1256030,1147.607,"['Sheldon sits, Leonard approaches.', 'Leonard walks to Sheldon.', 'Sheldon looks at Leonard.', 'Sheldon stays seated, Leonard arrives.', ""Leonard approaches Sheldon's couch.""]",Leonard drops onto the couch.
2279,1154.518,tt1256030,1152.311,"['Leonard walks across the room, Sheldon follows suit.', 'Sheldon sits down on the couch, Leonard stands up.', 'Leonard and Sheldon face each other across the room.', 'Sheldon sits down, Leonard walks to the other side.', 'Leonard and Sheldon move around the room, facing each other.']","Sheldon steps to the couch, then sits next to Leonard."
2280,88.296,tt1256034,86.661,"['Penny bends down to pick up groceries.', 'Sheldon watches Penny pick up groceries.', 'Penny looks at Sheldon while picking up groceries.', 'Sheldon observes Penny picking up groceries on the floor.', 'Penny and Sheldon interact while she picks up groceries.']",Penny begins to pick up her groceries.
2281,111.141,tt1256034,109.219,"['Penny throws groceries, then looks at the floor.', 'Penny stands up, gazing at the scattered groceries.', 'Penny drops groceries, then stands up to survey.', 'Groceries spill out as Penny stands up to look.', ""Penny's gaze falls on the groceries she's dropped.""]",The groceries spill out through a tear in the bag.
2282,117.595,tt1256034,115.884,"['Penny stands before a door, looking.', 'Sheldon stands beside Penny, gazing at her.', 'Penny wears a flower-patterned dress, near a door.', 'Sheldon looks at Penny, standing beside her.', 'Penny and Sheldon face a door, both looking.']","Penny glares at Sheldon, who looks down."
2283,139.685,tt1256034,138.109,"['Penny sits on the floor, crying.', 'Sheldon looks at Penny, concerned.', 'Sheldon stands over Penny, watching.', 'Penny holds her head, Sheldon nearby.', 'Sheldon stands, gazing at Penny.']",Penny sinks to the floor and cries.
2284,159.277,tt1256034,158.335,"['Penny stands, Sheldon follows.', 'Sheldon walks towards her.', 'Penny runs away, Sheldon chases.', 'Sheldon approaches the stairs.', 'Penny gets up, Sheldon follows.']",He returns inside.
2285,193.058,tt1256034,192.501,"['Penny enters, Leonard puts down a box.', 'Leonard puts a box on the table.', 'Penny looks at the box.', 'Sheldon looks at Penny.', 'Penny sits, Leonard puts a box.']",They stare at one another.
2286,195.579,tt1256034,194.694,"['Penny sits on the couch.', 'Sheldon puts a box on the table.', 'Penny smiles at Sheldon.', 'Sheldon enters the room.', 'Penny enters and sits down.']",Penny slowly lowers her legs.
2287,197.214,tt1256034,195.656,"['Sheldon enters, puts a box on the table.', 'Penny sits on the couch, Sheldon enters.', 'Sheldon puts a box on the table, Penny smiles.', 'Penny sits, Sheldon enters with a box.', 'Sheldon enters, Penny looks and smiles.']","He slides past her, then sits at the other end of the sofa."
2288,236.482,tt1256034,235.27,"['Sheldon adjusts his headset.', 'Penny looks at Sheldon.', 'Sheldon focuses on his laptop.', 'Penny watches Sheldon work.', 'Sheldon fiddles with his headset.']",Sheldon removes his headset.
2289,245.196,tt1256034,243.868,"[""Penny looks at Sheldon's laptop."", 'Sheldon stares at his laptop screen.', 'Penny sits beside Sheldon on the couch.', 'Sheldon focuses on his laptop work.', ""Penny glances at Sheldon's laptop.""]",He puts the headset on again.
2290,272.453,tt1256034,270.209,"['Sheldon examines himself in the mirror.', 'Penny sits on the couch, looking at Sheldon.', 'Sheldon talks to Penny on the couch.', 'Sheldon stares at his reflection in the mirror.', 'Penny watches as Sheldon looks at himself.']",Penny's mouth drops open as she gapes at Sheldon.
2291,278.494,tt1256034,275.577,"['Leonard stops and looks at the cat eating the milk.', 'Leonard Hofstadter runs down the hallway and pauses to watch.', 'He halts in the hallway to observe the cat drinking milk.', ""Leonard Hofstadter's gaze is drawn to the cat eating the milk."", 'Leonard pauses in the hallway to stare at the cat eating milk.']",The spilled groceries still lie scattered outside Penny's door.
2292,360.516,tt1256034,356.929,"['Sheldon pours milk into a bowl as Leonard watches.', 'Leonard looks on as Sheldon carefully pours milk into a bowl.', 'Sheldon holds a fork and pours milk into a bowl, watched by Leonard.', 'Leonard observes Sheldon holding a fork and pouring milk into a bowl.', ""Sheldon pours milk into a bowl, his serious face a contrast to Leonard's surprise.""]","Later, Raj pours gelatinous liquid onto a speaker covered in plastic wrap."
2293,368.459,tt1256034,363.663,"['Sheldon looks at the white substance being spun on a device.', 'Leonard and the group examine the white substance on the device.', 'Howard and Raj gather around the device with the spinning white substance.', 'Sheldon focuses on the white substance being spun on the device.', 'The group observes the white substance being spun on the device in the living room.']","As the speaker vibrates the white liquid, it behaves like a solid, bouncing as a single rubbery globule."
2294,393.356,tt1256034,391.397,"['Penny holds her pink laptop, surrounded by friends.', ""Leonard and Howard gaze at Penny's laptop."", 'Raj and the man in the striped shirt examine the laptop.', ""The group gathers around Penny's pink laptop."", ""Penny's friends gather around her laptop, listening.""]","Leering at Penny, Howard swivels his hips."
2295,402.128,tt1256034,400.708,"['Penny holds a pink laptop.', 'Leonard and Howard listen to Penny.', 'Raj and Sheldon gaze at Penny.', 'Penny shows something on her laptop.', ""The group focuses on Penny's laptop.""]",Raj whispers in Howard's ear.
2296,434.005,tt1256034,432.259,"['Penny holds a laptop, talking to Sheldon.', 'Howard holds a microphone, standing nearby.', 'Raj and Leonard stand, listening to Penny.', 'Penny stands next to Raj and Leonard, discussing.', 'Howard holds a microphone, while Penny talks.']",Sheldon uses Penny's pink laptop.
2297,469.225,tt1256034,465.264,"['Sheldon throws a dart, as Leonard and Raj walk towards him, and Howard enters the scene.', 'Leonard and Raj approach Sheldon, who throws a dart, as Howard walks in.', 'Sheldon throws a dart, as Howard enters and Leonard and Raj walk towards him.', 'Howard walks in, and Sheldon throws a dart, as Leonard and Raj approach him.', 'Sheldon throws a dart, as Leonard and Raj walk towards him, and Howard joins them.']","As Leonard turns on the stereo again, Sheldon joins them in watching the bouncing globule."
2298,473.801,tt1256034,470.956,"['Sheldon enters the room, approaching a sleeping figure.', 'A woman enters the room, where Sheldon lies asleep.', 'Sheldon sleeps in bed as a woman enters the room.', 'The woman enters the room, approaching Sheldon in bed.', 'Sheldon lies asleep as the woman enters the room quietly.']","Later, Sheldon sleeps in bed with the covers pulled up to his chin."
2299,541.319,tt1256034,539.127,"['Leonard scratches his head thoughtfully.', 'Leonard looks puzzled, scratching his head.', ""Leonard's head is scratched, revealing concern."", 'Leonard scratches his head, lost in thought.', ""Leonard's head is scratched, showing contemplation.""]",Leonard steps into the hall outside Sheldon's room.
2300,553.374,tt1256034,550.51,"['Penny enters the room, looking at Leonard, then walks away.', 'Leonard looks at Penny as she walks into the room.', 'Penny and Leonard exchange glances before she leaves.', ""Leonard's gaze follows Penny as she walks into the room."", ""Penny's clothes catch Leonard's attention as she enters the room.""]","Squinting, he watches Penny leave, then steps to Sheldon's door."
2301,648.609,tt1256034,646.056,"[""Eric points at something on the table, catching Sheldon's attention."", ""Sheldon looks at Eric, who's pointing at something on the table."", ""Eric gestures to something on the table, drawing Sheldon's gaze."", ""Sheldon's eyes follow Eric's pointing finger on the table."", ""Eric points to something on the table, focusing Sheldon's attention.""]",Dr. Gabelhauser passes his office phone to Sheldon.
2302,670.628,tt1256034,667.769,"['Eric looks at Sheldon standing next to him, holding a phone.', 'Sheldon stands beside Eric, looking at the phone on the desk.', 'Eric and Sheldon focus on the phone conversation, standing near the desk.', 'Eric talks on the phone, with Sheldon nearby, gazing at him.', 'Sheldon and Eric are engaged in a phone conversation, standing at the desk.']","Sheldon slams down the receiver, then looks at Dr. Gabelhauser."
2303,675.157,tt1256034,674.466,"['Sheldon stands, then sits.', 'Eric stands, then sits.', 'Eric talks to Sheldon.', 'Leslie enters the room.', 'Sheldon sits at the desk.']",He shakes his head.
2304,677.881,tt1256034,677.114,"['Eric stands up.', 'Eric walks out.', 'Eric and Leslie look at each other.', 'Eric leaves the office.', 'Eric exits the room.']",Leslie walks out.
2305,791.792,tt1256034,789.662,"['Penny uses a laptop while Leonard stands nearby.', 'Leonard talks to Penny as she looks at the laptop.', 'Penny glances at the laptop while Leonard speaks.', 'Penny eats snacks while Leonard stands next to her.', 'Leonard stands beside Penny as she uses the laptop.']",She pulls an orange snack chip out of her tangled hair.
2306,794.632,tt1256034,793.039,"['Penny applies makeup, Leonard watches her.', 'Leonard looks at Penny as she applies makeup.', 'Penny looks at the laptop, Leonard looks at her.', 'Leonard watches Penny apply makeup on her laptop.', 'Penny applies makeup while Leonard observes her.']","She eats it, then returns to playing."
2307,797.471,tt1256034,795.534,"['Leonard watches Penny eating chips.', 'Penny looks at the laptop, Leonard observes.', 'Leonard watches Penny eat chips.', 'Penny eats chips, Leonard watches.', 'Leonard observes Penny eating chips.']",Leonard rises and walks stiffly to the door.
2308,808.253,tt1256034,807.141,"['Penny looks at the laptop.', 'Penny sits on the couch.', 'Penny examines the screen.', 'Penny sits with the laptop.', 'Penny views the screen.']",A male character walks up.
2309,816.446,tt1256034,814.604,"['Howard serves food to Leonard at the table.', 'Leonard looks down at the food served by Howard.', 'Howard hands food to Leonard, who receives it.', 'Food is served to Leonard by Howard at the table.', 'Howard delivers food to a seated Leonard.']",Leonard's character lies with his head chopped off.
2310,957.261,tt1256034,952.963,"['Sheldon stands up, conversing with Blaine as they move around the space.', 'Sheldon Cooper interacts with Blaine, shifting between sitting and standing positions.', 'Sheldon Cooper talks to Blaine and Leslie Winkle, moving around the area.', 'Sheldon Cooper and Blaine engage in conversation, with Sheldon switching between sitting and standing.', 'Sheldon Cooper walks and talks with Blaine, also briefly interacting with Leslie Winkle.']","The man looks Sheldon up and down, then takes out a pen and writes his number on Sheldon's left palm."
2311,959.987,tt1256034,957.646,"['Blue touches his head, then talks to green and others.', 'Blue interacts with green, yellow, pink, and cyan, talking.', 'Blue stands up, talks to green, and addresses others.', 'Blue discusses with green, then talks to yellow, pink, and cyan.', 'Blue talks to green, yellow, pink, and cyan, engaging in conversation.']",Sheldon turns back to his friends and holds up his hand.
2312,975.54,tt1256034,973.601,"['Penny uses her headset while Sheldon looks at his laptop.', 'Sheldon focuses on his laptop screen while Penny talks.', 'Penny talks on her headset as Sheldon stays on his laptop.', 'Penny chats on her headset, Sheldon on his laptop.', 'Sheldon checks his laptop while Penny is on her headset.']",Sheldon sits on the sofa beside her.
2313,990.375,tt1256034,988.168,"['Penny looks at the laptop screen.', 'Sheldon types on the keyboard.', 'Penny watches Sheldon type.', ""Sheldon's fingers move quickly on the keyboard."", 'Penny views the laptop screen content.']",Sheldon creates an online dating profile for Penny.
2314,1061.192,tt1256034,1059.617,"[""Leonard sits on the couch, holding Tom's gaze."", 'Tom holds a microphone, speaking to Leonard.', ""Leonard looks at Tom, who's holding a mic."", 'Tom talks, holding a microphone, with Leonard watching.', 'Leonard sits, looking at Tom, who holds a mic.']",A brown-haired man sits on the sofa.
2315,1074.669,tt1256034,1073.191,"['Sheldon, Leonard, and Tom walk to the kitchen.', 'Tom leaves the couch, followed by Sheldon and Leonard.', 'Sheldon and Leonard follow Tom to the kitchen.', 'Tom, Sheldon, and Leonard head to the kitchen together.', 'The trio walks to the kitchen, Tom leading the way.']",Leonard leads Sheldon into the kitchen.
2316,1156.066,tt1256034,1154.588,"['Penny walks back to Sheldon.', 'Sheldon walks towards the dartboard.', 'Penny and Sheldon interact near the couch.', 'Penny returns to the couch with Sheldon.', 'Penny and Sheldon move towards the dartboard.']",She leaves without even looking at Tom.
2317,96.875,tt1256035,95.974,"['Penny walks out, Raj throws.', 'Raj turns, looks at Penny.', 'Raj throws a dart.', 'Raj looks at Penny.', 'Penny leaves, Raj throws.']",Raj smiles.
2318,120.113,tt1256035,119.557,"['Leonard eats with chopsticks.', 'Sheldon uses chopsticks too.', 'Raj takes a bite.', 'Howard holds his plate.', 'Leonard and Howard eat together.']",Raj sits.
2319,209.777,tt1256035,209.431,"['Sheldon and Leonard look at Raj eating.', 'Raj eats with chopsticks.', 'Sheldon and Leonard watch Raj eat.', 'Leonard and Sheldon observe Raj eating.', 'Raj eats with utensils.']","In general, yes."
2320,342.941,tt1256035,341.521,"['Sheldon looks at Leonard and Howard.', 'Leonard and Howard glance at each other.', 'Sheldon examines Leonard and Howard.', 'Howard and Leonard stare at Sheldon.', 'Sheldon focuses on Leonard and Howard.']",Sheldon forces a wide smile.
2321,439.895,tt1256035,437.957,"['Howard, Leonard, and Raj look at Sheldon.', 'Sheldon, Howard, Leonard, and Raj stare at each other.', 'Howard, Leonard, and Raj gaze at Sheldon.', 'The group looks at each other, including Sheldon.', 'Sheldon, Howard, Leonard, and Raj exchange glances.']",Sheldon flashes the ghoulish smile at Raj.
2322,485.677,tt1256035,483.104,"['Sheldon points at Leonard and Howard.', 'Sheldon points at Leonard and Howard.', 'Sheldon points at Leonard and Howard.', 'Sheldon points at Leonard and Howard.', 'Sheldon points at Leonard and Howard.']",Gabelhauser and Raj leave with their arms on each other's shoulders.
2323,491.447,tt1256035,488.3,"['Sheldon and Leonard face each other, while Howard watches.', 'Leonard and Sheldon engage in a conversation, with Howard observing.', 'Howard stands behind Sheldon and Leonard, listening to their discussion.', 'Sheldon and Leonard converse, with Howard nearby, watching.', 'Leonard and Sheldon talk, with Howard standing behind them, listening.']","Later, Raj sits with Howard, Sheldon, and Leonard at the Cheesecake Factory."
2324,602.248,tt1256035,595.109,"['Penny serves drinks to Sheldon, Raj, Leonard, and Howard, as they sit together.', 'Penny hands out drinks to the group, as Sheldon and Raj examine menus.', 'Penny serves drinks to the group, while Sheldon and Raj look at menus.', 'Penny brings drinks to the table, as Sheldon and Raj browse menus.', 'Penny serves drinks to the friends, with Sheldon and Raj studying menus.']",Penny brings Raj another green martini.
2325,709.508,tt1256035,707.912,"['Penny holds wine glass, looks at Raj.', 'Raj holds champagne, gazes at Penny.', 'Penny and Raj share a glance.', 'Penny sips wine, Raj sips champagne.', 'Raj and Penny admire each other.']",He hands her a glass of champagne.
2326,715.831,tt1256035,714.12,"['Raj holds champagne and wine glasses.', 'Raj looks at Penny with wine glasses.', 'Penny holds a glass of wine.', 'Raj and Penny share wine glasses.', 'They sit with wine and champagne.']",He glances at her black shirt and blazer.
2327,735.007,tt1256035,733.026,"['Penny drinks water, then walks away.', 'Raj looks at Penny, who walks away.', 'Penny looks at Raj, then walks away.', 'Penny drinks water, and Raj looks at her.', 'Penny and Raj exchange glances, then she walks away.']",She downs the champagne and hands the glass to Raj.
2328,740.854,tt1256035,739.873,"['Penny drinks water.', 'Raj and Leonard enter the room.', 'Penny and Leonard enter the room.', 'Penny exits the room with Raj.', 'Leonard and Penny enter the room.']",Leonard approaches his door.
2329,767.12,tt1256035,765.734,"['Leonard holds bags, walks to the room.', 'Leonard walks towards the room, holding bags.', 'Leonard walks, holding yellow and brown bags.', 'Leonard holds bags, walking towards him.', 'Leonard walks in, carrying yellow and brown bags.']",Raj and Penny walk downstairs.
2330,819.77,tt1256035,817.116,"['Leonard and Sheldon examine something on the table, while Howard unpacks groceries.', 'Howard enters the living room, carrying a bag of groceries, as Leonard and Sheldon look at something.', 'Leonard and Sheldon focus on something on the table, as Howard unpacks groceries in the background.', 'Sheldon and Leonard study something, while Howard unpacks groceries in the kitchen.', 'Howard unpacks groceries in the kitchen, as Leonard and Sheldon look at something on the table.']",Sheldon joins Howard and Leonard at the dining table near the kitchen.
2331,843.281,tt1256035,839.96,"['Sheldon sets the table, then walks to the living room with Leonard and Howard.', 'Leonard and Howard follow Sheldon as he walks to the living room.', 'Sheldon, Leonard, and Howard enter the living room together.', 'Sheldon brings food to the table, then heads to the living room with his friends.', 'The trio, including Sheldon, Leonard, and Howard, moves from the dining table to the living room.']","As they carry their food to the living room, Sheldon holds his carton of food up to Leonard."
2332,1060.662,tt1256035,1057.705,"['Penny enters the room as Raj shows a laptop picture.', 'Raj holds a laptop, displaying a picture of himself and his father.', 'Raj shows Penny a laptop picture of himself and his dad.', 'Raj holds up a laptop with a photo of himself and his father.', 'Penny walks in as Raj shares a laptop photo of his family.']",Raj picks up a laptop computer and video chats with his mom and dad.
2333,1146.86,tt1256035,1145.362,"['V.M. speaks to someone off-screen.', 'V.M. talks to an unseen person.', 'V.M. has a conversation with someone.', 'V.M. is speaking with someone.', 'V.M. engages in a conversation.']",Raj's mom glares at his dad.
2334,1159.554,tt1256035,1158.785,"['Penny enters, holding robe.', 'Raj holds a paper.', 'Penny talks to Raj.', 'Raj looks at paper.', 'Penny opens door.']",He hands her the note.
2335,1160.975,tt1256035,1160.091,"['Penny takes the paper.', 'Raj hands Penny a paper.', 'Penny holds the paper.', 'Raj looks down.', 'Penny examines the paper.']",She hands it back to him.
2336,1167.408,tt1256035,1165.815,"['Raj looks at the woman standing there.', 'Raj and the woman stare at each other.', 'Raj looks at the woman with caution.', 'The woman stands with arms crossed, looking at Raj.', 'Raj looks at the woman, near a caution tape.']",Raj smiles and arches his eyebrows.
2337,168.939,tt1256036,167.593,"['Sheldon drives, Penny looks at phone.', 'Penny checks phone, Sheldon talks.', 'Sheldon chats, Penny glances at screen.', 'Sheldon drives, Penny texts in car.', 'Penny texts, Sheldon keeps driving on.']",Penny drives Sheldon in her car.
2338,333.983,tt1256036,332.294,"['Penny looks at her phone, then at Sheldon.', 'Sheldon and Penny gaze at each other.', 'Penny checks her phone, Sheldon looks back.', 'Penny and Sheldon exchange glances.', 'Penny looks at Sheldon, then her phone.']","Expressionless, Penny gazes ahead."
2339,485.868,tt1256036,483.85,"['Sheldon drives while Raj sits beside him.', 'Sheldon wears red as Raj wears blue.', 'Sheldon and Raj chat in the car.', 'Atoms and particles appear on screen.', 'Sheldon and Raj converse in the vehicle.']","Narrowing his eyes, Raj glances at Sheldon."
2340,489.288,tt1256036,486.367,"['Raj and Sheldon converse while wearing seatbelts in a moving car.', 'Sheldon speaks to Raj as they drive through the night with blurred lights outside.', 'Raj and Sheldon engage in a conversation while buckled up in a moving vehicle.', 'Sheldon talks to Raj as they ride through the night, windows passing by.', 'The two friends chat while wearing seatbelts, driving through a dark night.']","Later, Penny opens her door for Sheldon, who holds the Star Wars sheets."
2341,498.741,tt1256036,497.857,"['Sheldon follows Penny away.', 'Penny walks, Sheldon trails.', 'Sheldon follows her back.', 'Penny leaves, Sheldon stays.', 'Sheldon walks behind her.']",She closes the door.
2342,511.127,tt1256036,506.494,"['Sheldon walks down the hall, puts on a backpack, and enters the living room.', 'Sheldon walks down the hall, puts on a backpack, and enters the living room.', 'Sheldon walks down the hall, puts on a backpack, and enters the living room.', 'Sheldon walks down the hall, puts on a backpack, and enters the living room.', 'Sheldon walks down the hall, puts on a backpack, and enters the living room.']","In the morning, Sheldon walks out of his room and into the living room, where Penny sits beside Howard on the sofa."
2343,513.529,tt1256036,511.435,"['Sheldon puts on a backpack and sits down.', 'Leonard talks to Sheldon as he sits down.', 'Sheldon enters the room with a backpack.', 'Sheldon Cooper sits down with a backpack on.', 'Leonard chats with Sheldon on the couch.']","Leonard stands near Raj, who sits in an armchair."
2344,527.927,tt1256036,526.659,"['Penny looks at Howard.', 'Howard looks back at Penny.', 'Penny and Howard gaze at each other.', 'Penny and Howard sit together.', 'They share a moment on the couch.']",Penny and Howard slide over.
2345,535.05,tt1256036,532.36,"['Sheldon stands, while Penny and Raj look at him.', 'Sheldon speaks as Penny and Raj watch him.', 'Penny and Raj gaze at Sheldon as he addresses the group.', 'Sheldon stands and speaks, with Penny and Raj paying attention.', 'Leonard, Howard, and Penny sit, while Sheldon stands and talks.']",Sheldon sits on the sofa while Leonard sits in another chair.
2346,556.414,tt1256036,555.127,"['Sheldon reads a book quietly.', 'Penny looks at Sheldon intensely.', 'Leonard watches Sheldon carefully.', 'Sheldon reads, Penny observes.', 'Penny watches Sheldon read.']",Leonard hands Sheldon a booklet.
2347,560.891,tt1256036,560.257,"['Sheldon reads aloud.', 'Penny looks at Sheldon.', 'Raj looks at Sheldon too.', 'Howard looks at the book.', 'They all look at Sheldon.']",Raj nods.
2348,623.807,tt1256036,622.097,"['Raj examines a paper.', 'Raj looks at a paper.', 'Raj studies a piece of paper.', 'Raj reviews a document.', 'Raj glances at a paper.']","Sheldon, Penny, and Howard stand in line."
2349,675.203,tt1256036,672.839,"['Octavia hands Howard a document, who gives it to Sheldon.', 'Howard and Octavia walk away as Sheldon stands still.', 'Octavia hands Howard a document, which he hands to Sheldon.', 'Octavia and Howard walk off as Sheldon remains at the counter.', 'Howard takes the document from Octavia, then gives it to Sheldon.']",Sheldon approaches a black-haired woman sitting behind a counter.
2350,762.495,tt1256036,760.132,"['Penny hands Octavia a document, then Sheldon receives it.', 'Octavia hands the document to Sheldon after Penny gives it to her.', 'Penny gives Octavia a document, which she then passes to Sheldon.', 'Octavia receives the document from Penny, then hands it to Sheldon.', 'Sheldon receives the document after Penny gives it to Octavia.']",The woman stamps another paper and hands it to Sheldon.
2351,775.107,tt1256036,773.512,"['Octavia hands over a document to the receptionist.', 'Sheldon and Howard stand before the receptionist desk.', 'Penny and another woman step forward to interact with the receptionist.', 'The receptionist desk holds a document, Octavia walks away.', 'Octavia hands a document to the receptionist, Sheldon watches.']",Penny and Howard usher Sheldon away.
2352,863.491,tt1256036,862.359,"['Penny claps her hands.', 'Sheldon looks at the computer.', 'They gather around the computer.', 'Everyone looks at the screen.', 'They all stare at the computer.']",Penny smirks at Sheldon.
2353,866.215,tt1256036,864.163,"['Sheldon looks at the computer screen.', 'Penny stands beside Sheldon, looking at him.', 'Leonard, Howard, and Raj gather around Sheldon.', 'Sheldon sits in front of the computer.', 'The group gathers around the computer screen.']","Using the simulator, Sheldon starts the ignition."
2354,887.54,tt1256036,886.83,"['Penny points at the screen.', 'Howard looks at the screen.', 'Leonard and Raj gaze at the screen.', 'Penny and Howard interact with the computer.', 'They examine the computer screen.']",They all flinch.
2355,889.401,tt1256036,887.712,"['Penny points at the screen, Howard looks on.', 'Leonard sits, Raj stands, they gaze at the screen.', 'Howard and Penny interact with the computer screen.', 'Penny and Howard examine the computer display.', 'Raj and Leonard look at the computer screen together.']",Penny hits Sheldon in the face with a pillow.
2356,892.817,tt1256036,891.167,"['Penny kicks Leonard, then sits down.', 'Leonard looks at Penny after being kicked.', 'Penny kicks Leonard, then takes a seat.', ""Leonard's gaze meets Penny's after being kicked."", ""Penny delivers a kick to Leonard's leg.""]","Later, Sheldon uses the simulator."
2357,906.482,tt1256036,905.733,"['Sheldon looks at screen.', 'Leonard points at screen.', 'Sheldon and Leonard gaze.', 'Leonard gestures at screen.', 'Sheldon views screen.']",Leonard approaches.
2358,930.679,tt1256036,929.835,"['Sheldon holds a wheel.', 'Sheldon stands up.', 'Leonard talks to him.', 'Sheldon looks at Leonard.', 'Sheldon stands up holding.']",Shelton stands.
2359,946.521,tt1256036,945.312,"['Sheldon stands up and sits down.', 'Sheldon gets up and sits down again.', 'Sheldon walks to the chair and back.', 'Sheldon sits down and looks at Leonard.', 'Sheldon stands up and sits down again.']",She sits in a living room chair.
2360,991.496,tt1256036,990.767,"['Leonard and Sheldon walk in.', 'Sheldon and Leonard enter.', 'Leonard and Sheldon move.', 'They look at each other.', 'Leonard and Sheldon walk.']",Sheldon stands.
2361,1046.554,tt1256036,1045.633,"['Sheldon turns to Leonard.', 'Sheldon looks at Leonard.', 'Sheldon turns to right.', 'Sheldon and Leonard look at each other.', 'Sheldon turns again to Leonard.']",Sheldon gazes off.
2362,1052.043,tt1256036,1047.993,"['Sheldon turns his head to the right, then walks away from Leonard.', 'Leonard looks at Sheldon, then follows his gaze to the right.', 'Sheldon and Leonard share a brief glance before Sheldon walks away.', 'Sheldon walks off, and Leonard looks on, his attention drawn to the same direction.', 'Leonard watches as Sheldon turns and walks away, their brief interaction over.']","Later at the university, Sheldon, wearing a robe and a shower cap, steps out of his office."
2363,1055.248,tt1256036,1053.29,"['Sheldon looks at the group as Leonard speaks to them.', 'Leonard speaks to the group in the hallway.', 'A man in a robe walks into a room.', 'Sheldon and friends stand in the hallway.', 'Leonard addresses the group in the hallway.']","He passes Leonard, Howard, and Raj in the hallway."
2364,1080.794,tt1256036,1080.026,"['Raj looks at Leonard.', 'Raj speaks to Leonard.', 'Raj addresses Leonard.', 'Raj gazes at Leonard.', 'Raj talks to Leonard.']",Leonard smiles.
2365,109.496,tt1256037,108.149,"['Sheldon points at the blackboard.', 'Ramona writes in her notebook.', 'Sheldon and Leonard point at the blackboard.', 'Sheldon and Ramona look at each other.', 'Leonard points at the blackboard.']",The students stare at Sheldon.
2366,124.137,tt1256037,120.289,"['Leonard stands in front of the blackboard, addressing the students, while Sheldon looks at them.', 'Sheldon stands in front of the class, lecturing, as Leonard observes him.', 'Leonard Hofstadter is teaching in front of the blackboard, with Sheldon Cooper nearby.', 'Sheldon Cooper is speaking to the students, with Leonard Hofstadter standing beside him.', 'Leonard Hofstadter lectures in front of the blackboard, as Sheldon Cooper addresses the students.']",Sheldon steps through the doorway as Leonard stands and picks up his laptop from the podium.
2367,169.438,tt1256037,167.649,"['Howard speaks, Leonard looks at him.', 'Leonard watches Howard with interest.', 'Howard shares food with Leonard and Raj.', ""Sheldon gazes at Howard's plate."", ""Raj glances at Howard's food.""]",Leonard and Sheldon peer over their shoulders.
2368,177.769,tt1256037,176.96,"['Raj looks at Howard.', 'Howard holds a fork.', 'Sheldon looks at Leslie.', 'Leslie walks away.', 'Raj eats with a fork.']",Leslie walks up.
2369,265.542,tt1256037,264.103,"['Ramona looks at Howard.', 'Howard and Ramona stare at each other.', 'Ramona and Howard sit together.', ""Howard looks at Ramona's cup."", 'Ramona and Howard gaze at each other.']",Ramona looks Howard up and down.
2370,316.62,tt1256037,315.412,"['Sheldon eats his food.', 'Howard looks at Ramona.', 'Raj watches Sheldon eat.', 'Sheldon takes a bite.', 'Ramona talks to Sheldon.']",Sibina Soda threw a straw.
2371,317.906,tt1256037,316.678,"['Howard and Raj eat at the table.', 'Sheldon stands, talking to Howard and Raj.', 'Leonard eats, looking at Sheldon.', 'Ramona walks by the table.', 'Howard and Raj glance at Sheldon standing.']",Ramona stands and leaves.
2372,327.865,tt1256037,326.292,"['Sheldon holds a food item.', 'Sheldon talks to Howard holding a drink.', 'Howard stands near Sheldon with food.', 'Sheldon and Howard share a snack.', 'Sheldon passes food to Howard.']",Sheldon flashes a smile at Howard.
2373,335.156,tt1256037,334.235,"['Ramona enters the elevator.', 'Penny looks at Ramona.', 'Ramona and Penny enter together.', 'Penny gazes at Ramona.', 'Ramona and Penny step in.']",Penny picks up a sign.
2374,346.534,tt1256037,345.037,"['Ramona and Penny walk up stairs together.', 'Ramona holds the railing as they ascend.', 'Ramona and Penny enter the elevator.', 'Ramona and Penny walk into the apartment.', 'Ramona and Penny navigate the hallway.']",Ramona carries a takeout bag.
2375,348.587,tt1256037,347.454,"['Ramona walks down stairs with a bag.', 'Penny talks to Ramona on stairs.', 'Ramona holds a bag on stairs.', 'Penny and Ramona walk down stairs.', 'Ramona descends stairs with a bag.']",Penny follows her up the stairs.
2376,430.465,tt1256037,429.121,"['Penny holds a plate of food.', 'Leonard stands near Penny, talking.', 'Raj and Howard sit on the couch.', 'Penny talks to Raj and Howard.', 'Leonard stands, facing Penny and friends.']",Just have a nice... whatever this is.
2377,450.459,tt1256037,449.053,"['Penny holds her phone with Raj nearby.', 'Leonard looks at Penny and Raj.', 'Penny looks at Leonard and Raj.', 'Leonard and Raj focus on Penny.', 'Penny holds a phone, surrounded by friends.']",Raj and Howard peer at Leonard.
2378,501.618,tt1256037,500.906,"['Penny walks in wearing a dress.', 'Penny laughs and the men stare.', ""Leonard looks at Penny's dress."", 'Penny steps into the room.', 'The men watch Penny enter.']",Leonard shrugs.
2379,509.711,tt1256037,508.615,"['Raj stands with Howard and Leonard.', 'Howard and Leonard listen to Raj.', 'Raj talks to Howard and Leonard.', 'Leonard and Howard stand with Raj.', 'Raj converses with the two men.']","Smiling, Howard nods."
2380,511.462,tt1256037,509.961,"['Penny walks in and adjusts her dress.', 'Penny enters and adjusts her dress.', 'Penny adjusts her dress as they watch.', 'Penny walks in, adjusting her dress.', 'Penny adjusts her dress, drawing attention.']",Raj gives a thumbs up.
2381,517.1,tt1256037,516.196,"['Penny walks away.', 'Howard turns to Raj.', 'Howard and Raj watch her.', 'Howard turns to Raj again.', 'Raj turns to Howard.']",Penny unlocks her door.
2382,524.664,tt1256037,523.49,"['Raj looks at Leonard.', 'Leonard stares at Raj.', 'Raj talks to Leonard.', ""Leonard looks at Raj's sign."", 'Raj stands near the tape.']",Leonard stares at Raj.
2383,530.533,tt1256037,529.263,"['Leonard and Raj enter the elevator.', 'Sheldon stands outside the elevator door.', 'Leonard and Raj look at each other.', 'Sheldon watches Leonard and Raj enter.', 'Leonard and Raj enter the elevator together.']",Raj hurries down the stairs.
2384,531.514,tt1256037,530.764,"['Leonard and Raj enter.', 'Sheldon stands outside.', 'Leonard and Raj step in.', 'Sheldon watches them.', 'Elevator door closes.']",Leonard follows.
2385,534.335,tt1256037,533.565,"['Leonard and Sheldon enter.', 'Sheldon follows Leonard in.', 'Leonard and Sheldon walk.', 'They step into a.', 'Leonard and Sheldon go.']",In the cafeteria.
2386,538.318,tt1256037,536.587,"['Sheldon writes in his notebook.', ""Leonard looks at Sheldon's writing."", 'Sheldon looks up at Leonard.', 'Sheldon holds a pen.', 'Leonard watches Sheldon write.']","Sheldon turns a book's page, then writes."
2387,563.645,tt1256037,562.432,"['Leonard eats food served by Ramona.', 'Sheldon looks at Ramona serving food.', 'Ramona serves food to Leonard.', 'Sheldon observes Ramona serving Leonard.', 'Leonard takes food from Ramona.']",Sheldon hands her his notebook.
2388,582.74,tt1256037,581.258,"['Sheldon holds a fork and knife.', 'Ramona looks at Sheldon.', 'Sheldon looks at Ramona.', 'Ramona and Sheldon gaze at each other.', 'They hold utensils together.']",Sheldon stabs the air with his knife.
2389,585.417,tt1256037,583.202,"[""Leonard's food is touched by Ramona's hand."", ""Ramona's hand rests on Leonard's shoulder."", 'Sheldon looks at Ramona standing beside him.', ""Ramona puts her hand on Leonard's shoulder."", ""Leonard's food is interacted with by Ramona.""]",Ramona spreads a linen napkin across Sheldon's lap.
2390,587.823,tt1256037,587.11,"['Ramona approaches Leonard.', 'Leonard takes a sip.', 'Ramona talks to Sheldon.', 'Leslie stands near Leonard.', 'Ramona wears glasses.']",Leslie walks up.
2391,642.85,tt1256037,640.203,"['Ramona cuts food with a fork and knife.', 'Sheldon looks at Ramona as she eats.', 'Ramona and Sheldon sit at a table with utensils.', 'Sheldon gazes at Ramona as she prepares her meal.', 'Ramona and Sheldon sit with plates and utensils in between them.']","Later, Penny knocks on Sheldon's door, then steps inside."
2392,649.086,tt1256037,646.497,"['Penny enters the room, looking at Sheldon and Ramona.', 'Sheldon uses his laptop as Penny enters the room.', 'Penny walks in, gazing at Sheldon and Ramona on the couch.', 'Ramona sits on the couch as Penny enters the room.', 'Penny enters, her eyes on Sheldon and Ramona on the laptop.']",Ramona gives Sheldon a pedicure as he types on a laptop.
2393,659.486,tt1256037,657.835,"['Penny walks towards the door and opens it.', 'Penny knocks on the door and opens it.', 'Penny drops the box and opens the door.', 'Penny opens the door after knocking on it.', 'Penny knocks and opens the door with the box.']","Penny sets down a package, then leaves."
2394,660.982,tt1256037,659.754,"['Penny walks out and knocks on the door.', 'Penny puts a box down and knocks on the door.', 'Penny places a box and knocks on the door.', 'Penny knocks on the door with the box nearby.', 'Penny leaves a box and knocks on the door.']","In the hallway, she grimaces."
2395,666.297,tt1256037,665.28,"['Penny enters, Leonard greets her.', 'Leonard opens door for Penny.', 'Penny knocks, Leonard answers.', 'Leonard opens door to Penny.', 'Penny knocks, Leonard greets.']",Leonard walks up the steps.
2396,682.361,tt1256037,680.269,"['Leonard walks into the room and sits down.', 'Sheldon sits on the couch with his laptop.', 'Leonard looks at Sheldon and Ramona on the couch.', 'Leonard enters the room, and Ramona has her feet up.', 'Leonard sits on the couch, near Sheldon and Ramona.']","He glances at Ramona and Sheldon, then looks down."
2397,770.037,tt1256037,769.155,"['Sheldon looks at Ramona.', ""Ramona paints Sheldon's toenails."", 'Sheldon uses laptop while Ramona paints.', 'Ramona holds nail file and polish.', 'Sheldon looks at Ramona painting.']",And then never ever watch it.
2398,772.493,tt1256037,770.9,"['Sheldon looks up at the woman.', 'Sheldon sits with a laptop and nail polish.', ""Woman files Sheldon's toenails."", 'Sheldon and woman sit together.', ""Sheldon gazes at the woman's hands.""]",Who also wears camouflage as he types on a computer.
2399,788.88,tt1256037,785.52,"['Howard, Leonard, and Sheldon enter the apartment, sitting on the couch together.', 'Ramona Nowitzki enters the kitchen, turning on the shower and then walking out.', 'Howard, Leonard, and Sheldon sit on the couch, pointing at the laptop.', 'Ramona Nowitzki walks out of the bathroom, having just taken a shower.', 'The men in camo gear sit on the couch, focusing on the laptop in front of them.']","Sheldon turns to Ramona, who tilts her head as she lays her hand on her hip."
2400,792.527,tt1256037,790.415,"['Sheldon waves back at Ramona, then enters the bathroom.', 'Ramona waves at Sheldon, then walks into the bathroom.', 'Sheldon and Ramona wave at each other, then enter the bathroom.', 'Leonard and Howard enter the living room, while Sheldon waves at Ramona.', 'Ramona waves at Sheldon, then Sheldon follows her into the bathroom.']","Sheldon waves goodbye to his friends, who leave."
2401,802.182,tt1256037,800.301,"['Sheldon takes his comic book away.', ""Ramona takes Sheldon's comic book."", 'Sheldon looks as Ramona takes comic book.', ""Ramona runs away with Sheldon's comic book."", ""Sheldon's comic book is taken by Ramona.""]",Sheldon appears to read a large hardback book.
2402,805.733,tt1256037,802.566,"['Sheldon reads a comic book as Ramona enters and hands him a book.', 'Ramona enters the room, handing Sheldon a book while he reads a comic book.', 'Sheldon leaves the room as Ramona follows, exchanging books along the way.', 'Sheldon takes a book from Ramona, who enters the room and hands it to him.', 'Ramona hands Sheldon a book, and he takes it as he leaves the room.']","Ramona pulls the book back from his hands, revealing a Batman comic book."
2403,936.411,tt1256037,935.028,"['Penny talks to Ramona while Leonard sleeps.', 'Ramona talks to Penny in the room.', 'Penny and Ramona chat in the bed.', 'Leonard rests in bed as they talk.', 'Penny and Ramona converse nearby Leonard.']","Later, Leonard sleeps in his bed."
2404,939.789,tt1256037,939.098,"['Leonard turns his head.', 'Leonard looks up.', 'Leonard glances right.', 'Leonard lies in bed.', 'He turns his head right.']",He lifts his head.
2405,985.33,tt1256037,982.03,"['Leonard enters the room, closing the door, and looks at Sheldon lying in bed.', 'Sheldon rubs his eyes and yawns as Leonard approaches him.', 'Leonard enters the room, and Sheldon lies in bed, rubbing his eyes.', 'Sheldon yawns and rubs his eyes as Leonard enters the room.', 'Leonard enters the room, and Sheldon is seen rubbing his eyes in bed.']","Sheldon walks in, then, holding the door open a crack, peers into the hallway."
2406,1031.368,tt1256037,1029.542,"['Ramona walks into and out of the bedroom.', 'Ramona looks at the sleeping man.', 'Ramona enters and exits the bedroom.', 'Ramona walks in and out of the room.', 'Ramona walks into and out of the bedroom, glancing at the man.']",Ramona marches around the bed to Sheldon.
2407,1083.571,tt1256037,1079.599,"['Leonard and Sheldon hold notebooks, facing each other, while Penny stands nearby, wearing a dress.', 'Leonard and Sheldon sit together, holding notebooks, as Penny stands in front of them, near the caution tape.', 'Penny stands in front of caution tape, while Leonard and Sheldon sit nearby, holding notebooks.', 'Leonard and Sheldon are seated, holding notebooks, as Penny stands before them, wearing a dress.', 'Sheldon and Leonard sit together, holding notebooks, as Penny stands nearby, wearing a dress and standing near caution tape.']","In the cafeteria, an auburn-haired woman walks up to Sheldon's table and sits."
2408,1107.754,tt1256037,1106.641,"['Sheldon looks at Howard.', 'Howard looks back at Sheldon.', 'Sheldon gazes at Howard.', 'Howard stares at Sheldon.', 'Sheldon focuses on Howard.']",Sheldon smiles slightly.
2409,1108.868,tt1256037,1107.985,"['Sheldon looks at them.', 'Howard and Leonard listen.', 'Sheldon gazes at them.', 'They sit with coffee.', 'Sheldon addresses them.']",Leonard shakes his head.
2410,86.736,tt1256038,84.406,"['Howard and Leonard examine something on the table.', 'Sheldon and Raj stare at each other across the room.', 'Howard and Leonard look at a bottle and box on the table.', 'Sheldon and Raj focus on each other, table nearby.', 'The friends gather around a table with a bottle and box.']",The others stare at the TV as Sheldon writes on his pad.
2411,197.736,tt1256038,195.791,"['Raj and Howard watch TV together.', 'Raj and Howard focus on the TV screen.', 'Raj and Howard glance at each other.', 'Raj and Howard sit together on the couch.', 'Raj and Howard sit in the living room.']",Raj and Howard gaze intently at the TV.
2412,199.796,tt1256038,198.14,"['Raj walks towards the TV.', 'Leonard and Howard sit, while Raj stands up.', 'Raj gets up from the couch.', 'Raj approaches the TV screen.', 'He heads towards the TV to watch.']","Carrying a bag, Leonard rushes in."
2413,226.282,tt1256038,222.891,"['Leonard walks to the computer and sits back down.', 'Raj and Howard watch as Leonard interacts with the computer.', 'Leonard stands up, walks to the computer, and sits back down.', 'Leonard gets up from the couch and returns to the computer.', 'Leonard walks to the computer and engages with the screen.']",Howard freezes the picture as Raj lays a clear sheet over the TV screen.
2414,247.528,tt1256038,245.775,"['Howard and Leonard look at the laptop screen.', 'Sheldon sits while Howard and Leonard examine the laptop.', 'Howard and Leonard study the laptop together.', 'Leonard and Howard gaze at the laptop display.', 'Howard and Leonard focus on the laptop screen.']",Raj removes the sheet as Sheldon walks in.
2415,272.681,tt1256038,271.279,"['Howard looks at someone off-camera.', 'Howard sits and talks to someone.', 'Howard sits and gazes at someone.', 'Howard sits and addresses someone.', 'Howard sits and converses with someone.']","Leonard, hands Penny a to-go box."
2416,280.437,tt1256038,279.457,"['Sheldon and Leonard look up.', 'Howard stands and speaks.', 'Sheldon and Leonard gaze.', 'Howard leans on the table.', 'The three men sit.']",Sheldon turns to Leonard.
2417,351.736,tt1256038,350.738,"['Penny looks at Sheldon.', 'Sheldon looks down at Penny.', 'Penny wears a colorful shirt.', 'Sheldon wears a red shirt.', 'Penny and Sheldon stand together.']",Penny stares at Sheldon.
2418,358.719,tt1256038,357.241,"['Sheldon walks to the table.', 'Sheldon gets a pizza box.', 'Penny looks at Sheldon.', 'Sheldon walks back to the couch.', 'Sheldon picks up a pizza box.']",Sheldon picks up his food container.
2419,454.534,tt1256038,452.941,"['Penny stands up and walks away.', 'Penny holds a water bottle.', 'Penny gets up from the couch.', 'Penny leaves the couch.', 'Penny stands up and moves away.']","Later, Penny steps into the hallway."
2420,471.294,tt1256038,470.238,"['Leonard looks at the door.', 'Sheldon and friends stand at doors.', 'They all gaze at doors.', 'Four friends examine doors.', 'Friends stand in front of doors.']",At the Cheesecake Factory...
2421,531.095,tt1256038,530.0,"['Raj takes an order from Penny.', 'Penny takes an order from Raj and Howard.', 'Howard and Raj discuss with Penny.', 'Penny takes their order from Howard and Raj.', 'Raj and Howard order from Penny.']","Smiling, Raj bows."
2422,568.214,tt1256038,566.851,"['Penny stands before Howard and Raj.', 'Leonard stands beside Penny, looking at her.', 'Sheldon stands in front of Penny, near her.', 'Raj and Howard gaze at Penny.', 'Leonard stands beside Penny, near the table.']","Standing, Leonard steps to Penny."
2423,571.688,tt1256038,570.613,"['Yellow walks towards red.', 'Red looks at blue.', 'Yellow approaches red.', 'Red holds a phone.', 'Yellow draws near red.']",They step away from the table.
2424,611.45,tt1256038,610.433,"['Penny looks at Leonard.', 'Leonard looks at Penny.', 'Penny looks at Leonard again.', 'Leonard and Penny exchange glances.', 'They gaze at each other.']",Penny smiles at Leonard.
2425,615.346,tt1256038,613.658,"['Penny holds a plate of food.', 'Sheldon listens to Penny speaking.', 'Penny talks to Sheldon sitting down.', 'Sheldon looks at Penny holding food.', 'Penny and Sheldon engage in conversation.']","Later, Penny delivers food to their table."
2426,635.085,tt1256038,632.341,"['Sheldon talks to Raj and Howard, Penny stands nearby.', 'Penny stands with her arms crossed, looking at Raj.', 'Raj looks at Penny, Sheldon and Howard nearby.', 'Sheldon, Raj, and Howard converse, Penny observes.', 'Penny stands arms crossed, Sheldon and friends nearby.']","Sheldon stares at Penny, who crosses her arms as she looks at him."
2427,638.752,tt1256038,638.081,"['Penny stands, Raj talks to Sheldon.', 'Leonard looks at laptop.', 'Raj stands, talks to Sheldon.', 'Sheldon looks at Raj.', 'Penny talks to others.']",She walks off.
2428,640.305,tt1256038,638.944,"[""Penny looks at Raj's phone."", ""Sheldon stares at Howard and Leonard's laptop."", 'Howard and Leonard gaze at each other.', ""Raj looks at Sheldon's phone."", 'Penny stands with arms crossed, looking at Raj.']",Everyone peers at Sheldon's food.
2429,648.802,tt1256038,647.997,"['Raj and Howard look at Leonard.', 'Leonard sits at the laptop.', 'Raj and Howard examine the screen.', ""They stand beside Leonard's laptop."", 'Howard and Raj glance at the screen.']",On a computer screen.
2430,741.168,tt1256038,739.883,"['Penny enters the room, Leonard and Howard sit down.', 'Leonard and Howard look at Penny as she walks in.', 'Penny walks in, Leonard and Howard stay seated.', 'Leonard and Howard sit, Penny enters the room.', 'Penny enters, Leonard and Howard gaze at her.']",Howard types on a different computer.
2431,743.221,tt1256038,742.685,"['Penny enters with a laptop.', 'Leonard and friends stand up.', 'Penny holds up the laptop.', 'They gather around the laptop.', 'Penny shows the laptop.']",On its screen.
2432,780.285,tt1256038,779.269,"['Penny walks behind Sheldon.', 'Sheldon carries a laundry basket.', 'Penny looks at Sheldon.', 'Penny and Sheldon walk down stairs.', 'Sheldon carries laundry with Penny.']",She follows him downstairs.
2433,785.522,tt1256038,784.525,"['Penny holds the basket.', 'Sheldon carries the basket.', 'Penny and Sheldon look up.', 'They gaze at the stairs.', 'Penny and Sheldon walk down.']",Sheldon peers at Penny.
2434,839.216,tt1256038,838.199,"['Penny stands, looking at Sheldon.', 'Sheldon holds a laundry basket.', 'Penny looks at Sheldon.', 'Sheldon holds a basket.', 'Penny and Sheldon interact.']",Sheldon glares at Penny.
2435,852.071,tt1256038,848.522,"['Penny walks into and out of the elevator, followed by Sheldon Cooper.', 'Penny enters and exits the elevator, while Sheldon Cooper follows her.', 'Sheldon Cooper and Penny enter and exit the elevator together.', 'Penny steps into the elevator, then Sheldon Cooper joins her.', 'Penny and Sheldon Cooper walk into and out of the elevator in tandem.']","Holding an empty laundry basket, Penny stomps up the stairs then beats on Sheldon's door."
2436,857.921,tt1256038,856.961,"['Penny enters the room.', 'Sheldon looks at Penny.', 'Penny opens the door.', 'Sheldon watches her enter.', 'Penny enters the room slowly.']",Sheldon opens the door.
2437,858.921,tt1256038,858.037,"['Penny opens the door.', 'Sheldon looks at Penny.', 'Penny knocks on the door.', 'Sheldon talks to Penny.', 'Penny enters the room.']",They gaze at each other.
2438,888.951,tt1256038,887.799,"['Penny enters, Sheldon follows.', 'Penny puts down a basket, looks out.', 'Sheldon and Penny gaze out.', 'Penny and Sheldon face each other.', 'Penny opens the window, Sheldon joins.']",Sheldon points out a window.
2439,951.72,tt1256038,950.51,"['Sheldon points at Leonard, who walks in.', 'Leonard enters, looks at the computer.', 'Sheldon points at Leonard, who walks out.', 'Leonard walks in, looks at the computer.', 'Sheldon gestures at Leonard, who exits.']",Sheldon points to the window.
2440,952.698,tt1256038,951.931,"['Leonard enters the room.', 'Leonard looks through the window.', 'Leonard enters the room slowly.', 'Leonard looks out the window.', 'Leonard walks into the room.']",Leonard peers out.
2441,958.419,tt1256038,957.248,"['Leonard opens the door.', 'Leonard enters the room.', 'Leonard looks at the door.', 'Leonard walks into the room.', 'The door is opened by Leonard.']",Sheldon steps into his room.
2442,960.339,tt1256038,958.649,"['Penny holds a mop, looks at Leonard.', 'Leonard walks in, out of the room.', 'Penny looks at Leonard as he exits.', 'Leonard enters, then exits the room.', 'Penny watches Leonard walk out.']","Leonard knocks on Penny's door, then walks in."
2443,963.909,tt1256038,961.548,"['Leonard enters the room, looking at Penny holding a mop.', 'Penny holds a mop as Leonard walks into the room.', ""Leonard enters, catching Penny's gaze as she holds a mop."", 'Penny sits on the couch, holding a mop as Leonard approaches.', 'Leonard enters, looking at Penny holding a mop on the couch.']","Sitting on her couch, Penny tapes a broom to a long handle."
2444,979.976,tt1256038,979.15,"['Penny throws at Leonard.', 'Leonard catches the dart.', 'Penny hands Leonard a card.', 'Leonard hands Penny a card.', 'Penny throws, Leonard catches.']",It's Sheldon's kryptonite.
2445,1007.044,tt1256038,1004.107,"['Leonard holds a stick while Penny looks at the paper and him.', 'Penny examines the paper as Leonard holds the stick.', 'Leonard talks to Penny while holding the stick.', 'Penny looks at the stick held by Leonard.', 'Leonard holds a stick as Penny looks at the paper.']","Sitting on Leonard's couch, Raj and Howard stare at a laptop screen."
2446,1008.292,tt1256038,1007.255,"['Raj points at the screen.', 'Leonard looks at the model.', 'They examine the atom model.', 'Raj shows Leonard something.', 'Leonard views the laptop screen.']",Raj looks at the TV.
2447,1047.428,tt1256038,1046.487,"['Sheldon and Leonard chat.', ""Leonard joins Sheldon's call."", 'Sheldon and Leonard talk.', 'They discuss on phones.', 'Sheldon and Leonard converse.']",Sheldon takes the phone.
2448,1085.6,tt1256038,1082.223,"['Sheldon looks at Leonard as he sits on the couch.', 'Sheldon hangs up the phone and Leonard watches him on the couch.', 'Leonard sits on the couch as Sheldon puts down the phone.', 'Sheldon puts down the phone and looks at Leonard on the couch.', 'Leonard watches Sheldon put down the phone on the couch.']","Sheldon hangs up then turns to Leonard, who sits in a chair drinking a mug of tea."
2449,1092.394,tt1256038,1090.418,"['Leonard holds a blue cup on the couch.', 'Sheldon holds a laundry basket while Leonard looks.', 'Leonard sits on the couch with a blue cup.', 'Sheldon stands holding a laundry basket near Leonard.', 'Leonard and Sheldon are seen with a blue cup and laundry basket.']","Smiling slightly, Leonard sips his tea."
2450,1095.734,tt1256038,1092.645,"['Red sits on the sofa, holding a cup, while green holds a laundry basket.', 'Green stands, holding a laundry basket, as red sips from a cup.', 'Red looks at green, who holds a laundry basket, while sitting on the sofa.', 'Green stands near the sofa, holding a laundry basket, as red drinks from a cup.', 'Red sits on the sofa, sipping from a cup, as green holds a laundry basket nearby.']","Holding a laundry basket filled with folded clothes, Sheldon knocks on Penny's door."
2451,1114.566,tt1256038,1113.587,"['Penny holds a paper for Sheldon.', 'Sheldon looks at a paper.', 'Penny shows Sheldon something.', 'Sheldon examines a paper.', 'Penny hands Sheldon a paper.']",Sheldon's face twitches.
2452,1119.612,tt1256038,1118.498,"['Penny enters, talks to Sheldon.', 'Sheldon looks down at Penny.', 'Penny holds a basket, talks to Sheldon.', 'Sheldon wears a Superman shirt, looks down.', 'Penny talks, Sheldon looks away.']",She sets the basket down.
2453,1144.635,tt1256038,1142.449,"['Penny and Sheldon move away from the doorway.', 'Sheldon and Penny step back from the entrance.', 'Penny and Sheldon leave the doorway behind.', 'They both exit the doorway and move away.', 'Penny and Sheldon walk away from the doorway.']","They stare at each other, then walk in opposite directions."
2454,1155.265,tt1256038,1152.617,"['Penny and Analeigh enter a room, greeting a uniformed man.', 'Raj and Howard approach a uniformed man, discussing something.', 'Analeigh and Penny walk in, opening a door to a room with a uniformed man.', 'Howard and Raj enter a room, talking to a uniformed official.', 'Penny and Analeigh enter a room, joining Howard and Raj in conversation with a uniformed man.']","A blonde woman opens the front door, revealing Raj and Howard."
2455,127.599,tt1256039,126.929,"['Leonard looks up.', 'Penny speaks to Leonard.', 'Leonard holds a pen.', 'Penny stands in front of Leonard.', 'Leonard takes notes.']",Penny steps in.
2456,130.379,tt1256039,129.632,"['Penny enters, walks away.', 'Howard holds a notebook.', 'Raj looks at Penny.', 'Penny walks in, talks to Howard.', 'Howard sits with a notebook.']",Howard turns to her.
2457,146.289,tt1256039,143.337,"['Penny points at Raj while Howard looks on.', 'Howard stands near Raj as Penny gestures towards him.', 'Penny stands, pointing at Raj, while Howard watches.', 'Raj sits on the couch with Howard as Penny talks to them.', 'Penny gestures at Raj, who sits with Howard on the couch.']","Penny stares at Howard, then yanks his eye patch from his head and lets go of it."
2458,154.781,tt1256039,154.321,"['Penny speaks to Raj, who turns away.', 'Raj walks away from Penny.', 'Penny talks to Raj, who leaves.', 'Raj turns and walks away.', 'Penny addresses Raj, who exits.']",She leaves.
2459,157.767,tt1256039,156.809,"['Penny speaks to Howard, who turns around.', ""Howard walks towards Penny's green dress."", 'Penny talks to Howard, who faces her.', 'Howard turns and walks to Penny.', 'Penny and Howard face each other.']",Howard turns to Leonard.
2460,216.712,tt1256039,215.659,"['Sheldon looks at Raj.', 'Raj holds a book.', 'Sheldon gazes at Raj.', 'Raj talks on phone.', 'Raj holds a book.']",Raj's smile fades.
2461,220.066,tt1256039,219.165,"['Leonard holds the phone.', 'Sheldon reads a book.', 'Raj talks to Leonard.', 'Leonard talks to Raj.', 'Sheldon reads on.']",Leonard answers the phone.
2462,236.143,tt1256039,235.07,"['Sheldon sits down with friends.', 'Raj and Leonard look at Sheldon.', 'Sheldon talks to Raj and Leonard.', 'Sheldon enters the room calmly.', 'Sheldon joins Raj and Leonard.']",Leonard hurries to a closet.
2463,246.041,tt1256039,244.679,"['Raj looks at Sheldon.', 'Sheldon responds to Raj.', 'Raj talks to Sheldon.', 'Sheldon and Raj sit together.', 'They sit on the couch.']",Sheldon glares at Raj.
2464,271.11,tt1256039,270.362,"['Leonard, Sheldon, and Raj walk.', 'Sheldon and Leonard walk towards.', 'Leonard, Sheldon, and Raj stand.', 'They look at each other.', 'The trio walks together.']",They step to the door.
2465,342.966,tt1256039,341.987,"['Howard talks to the woman.', 'Leonard and Sheldon watch Howard.', 'Howard and the woman converse.', 'The woman enters the scene.', 'Howard and the woman chat.']",Stephanie opens the door.
2466,382.769,tt1256039,378.757,"['Sheldon speaks to Howard, Raj, and Leonard in a hallway.', ""Howard, Raj, and Leonard listen to Sheldon's words in a hallway."", ""Leonard, Howard, and Raj stand in a hallway, listening to Sheldon's speech."", 'Sheldon addresses Howard, Raj, and Leonard in a quiet hallway.', 'The friends gather in a hallway, with Sheldon sharing his thoughts with Howard, Raj, and Leonard.']","In the front seat of Leonard's car, Stephanie and Leonard passionately kiss."
2467,487.59,tt1256039,485.576,"['Howard stands and looks at someone.', 'Howard talks to someone, looking at them.', 'Howard stands and has a conversation.', 'Howard engages in a discussion.', 'Howard converses with someone, focused on them.']","Later, Raj, Sheldon, and Howard watch the news."
2468,496.854,tt1256039,495.3,"['Sheldon watches TV with Howard.', 'Penny prepares food while they watch TV.', 'Howard and Sheldon watch TV together.', 'Penny takes food from the kitchen.', 'Howard and Sheldon watch TV simultaneously.']","Gazing downward, Howard exhales."
2469,513.118,tt1256039,511.602,"['Sheldon looks at Raj and Howard.', 'Raj looks at Sheldon, Howard does too.', 'Sheldon talks to Raj, Howard listens.', 'Howard looks at Sheldon, Raj does as well.', 'Raj, Howard, and Sheldon have a conversation.']",Raj and Sheldon exchange glances.
2470,517.128,tt1256039,515.631,"['Howard holds a bottle of water, standing with friends.', 'Raj stands up, speaking with friends and holding water.', 'Leonard sits on the couch with water and popcorn.', 'Penny sits on the couch with water and soda.', 'Howard talks to friends, holding a bottle of water.']",Leonard steps to the edge of the living room.
2471,519.18,tt1256039,518.203,"['Red looks at yellow sitting.', 'Red, blue, and green sit together.', 'Yellow stands while others sit.', 'Red gazes at blue and green.', 'Three friends sit on the sofa.']",He motions to Sheldon.
2472,525.531,tt1256039,523.708,"['Sheldon looks at Penny walking in the room.', 'Penny walks in, and Sheldon and Raj stare.', 'Howard stands in the room, looking at Sheldon and Raj.', 'Sheldon and Raj look at Penny as she enters.', 'Penny enters, and Sheldon and Raj glance at her.']","As Sheldon leaves, Penny sits near Howard."
2473,538.3,tt1256039,537.591,"['Penny holds a cup.', 'Leonard looks at Penny.', 'Penny talks to Leonard.', 'Leonard holds a remote.', 'Penny sits on the couch.']",In Leonard's bedroom.
2474,565.347,tt1256039,564.407,"['Sheldon hands Leonard clothes.', 'Leonard receives clothes from Sheldon.', 'Sheldon gives Leonard some clothes.', 'Leonard gets clothes from Sheldon.', 'Sheldon hands over clothes.']",Leonard buttons his shirt.
2475,569.74,tt1256039,568.282,"['Green holds clothes, looks at red.', 'Red stands, green holds clothes.', 'Green holds clothes, talks to red.', 'Green holds clothes, looks at red.', 'Green holds clothes, looks at red.']",Leonard grabs his coat.
2476,591.062,tt1256039,589.507,"['Sheldon looks at Leonard holding a shirt.', 'Leonard holds a shirt, talking to Sheldon.', 'Sheldon and Leonard examine a shirt.', 'Leonard shows Sheldon a shirt.', 'Sheldon and Leonard discuss a shirt.']",Sheldon holds out his hand as he speaks.
2477,593.901,tt1256039,591.906,"['Sheldon looks at Leonard holding a shirt.', 'Leonard holds a shirt while Sheldon observes.', 'Sheldon examines the shirt Leonard is holding.', 'Leonard holds a shirt as Sheldon inspects.', 'Sheldon studies the shirt Leonard is holding.']","Leonard glances at Sheldon's hand, then points at it."
2478,607.313,tt1256039,604.8,"['Sheldon looks at Leonard as he walks away holding a pillow.', 'Leonard walks away holding a pillow while Sheldon watches.', 'Sheldon and Leonard engage in a silent interaction, with Leonard holding a pillow.', 'Leonard holds a pillow and exits the scene with Sheldon observing.', 'Sheldon observes Leonard as he walks away, holding a pillow in his hand.']","Turning, Leonard glances at Sheldon and steps through the living room."
2479,615.764,tt1256039,614.364,"['Sheldon stands before the couch.', 'Raj and Howard enter the room.', 'Penny and Leonard sit on the couch.', 'Sheldon approaches Raj and Howard.', 'Raj and Howard stand near the TV.']","Leonard peers at Howard, then leaves."
2480,622.113,tt1256039,618.468,"['Raj throws a dart, looking at Penny on the couch.', 'Howard stands up, looking at Raj as he throws a dart.', 'Sheldon sits on the couch, looking at Raj as he throws a dart.', 'Penny sits on the couch, watching Raj throw a dart.', 'Raj throws a dart, with Howard and Sheldon observing from nearby.']","Standing near the couch, Sheldon gazes from Raj to Howard, who watch TV."
2481,626.332,tt1256039,624.031,"['Sheldon gestures while speaking to Penny, holding her attention.', 'Penny looks at Sheldon, holding a blue cup in her hand.', 'Sheldon focuses on Penny, who holds a cup, their eyes locked.', 'Sheldon and Penny interact, with her holding a blue cup.', ""Penny holds a blue cup, engaging with Sheldon's words.""]",Penny glances at Sheldon.
2482,632.163,tt1256039,630.61,"['Penny holds a cup, talking to Sheldon.', 'Sheldon gestures with his hands, engaging Penny.', 'Penny looks at Sheldon, holding a cup.', 'Sheldon talks to Penny, gesturing with hands.', 'Penny sits, holding a cup, with Sheldon standing.']","Sheldon holds out his hand, palm up."
2483,633.678,tt1256039,632.854,"['Penny holds a cup.', 'Sheldon talks to Penny.', 'Penny and Sheldon interact.', 'Raj watches them talk.', 'Penny holds a cup near Sheldon.']",The others stare at him.
2484,636.343,tt1256039,634.444,"['Penny looks up at Sheldon standing nearby.', 'Sheldon talks to Penny while Howard and Raj listen.', 'Penny holds a cup while Sheldon stands nearby.', 'Sheldon stands, with Howard and Raj looking up at him.', 'Sheldon talks, with Howard and Raj on the couch.']","Sheldon glances at Penny, then sits on the couch."
2485,640.581,tt1256039,638.261,"['Sheldon sits on the couch, putting his feet up.', 'Raj crosses his legs on the couch beside Sheldon.', 'Sheldon and Raj look at each other on the couch.', 'Sheldon puts his feet on the table, then looks at Raj.', 'Sheldon and Raj sit together on the couch, looking at each other.']","As Raj watches, Sheldon crosses his leg at the knee."
2486,678.983,tt1256039,677.564,"['Stephanie kisses Leonard on the couch.', 'Leonard kisses Stephanie with wine glasses nearby.', 'Stephanie and Leonard share a romantic kiss.', 'Leonard and Stephanie smooch on the couch.', 'They share a passionate kiss with plates nearby.']",Stephanie grabs Leonard and kisses him.
2487,710.032,tt1256039,707.405,"['Leonard and Stephanie kiss on the couch.', 'Stephanie and Leonard share romantic kisses on the green screen.', 'Leonard and Stephanie smooch on the couch again.', 'The couple kisses on the couch and in a green screen.', 'Leonard and Stephanie engage in passionate kisses on the couch.']","Later, Stephanie lies back on the couch as she and Leonard kiss."
2488,721.537,tt1256039,720.213,"['Leonard kisses Stephanie passionately.', 'Leonard sits up, kissing Stephanie again.', 'Leonard and Stephanie share a passionate kiss.', 'Leonard kisses Stephanie, then sits up.', 'They share a romantic kiss on the couch.']",Leonard kicks off his sneakers.
2489,757.311,tt1256039,754.588,"['Leonard leans back as Stephanie leans forward, kissing passionately.', 'Stephanie leans forward, passionately kissing Leonard on the couch.', 'Leonard and Stephanie share a passionate kiss on the couch.', 'The couple leans in, exchanging a passionate kiss on the couch.', 'Leonard and Stephanie kiss passionately, leaning into each other.']","Later, a trail of clothing leads to Stephanie's closed bedroom door."
2490,845.847,tt1256039,843.429,"['Penny holds a basket of clothes, talking to Leonard.', 'Leonard pours detergent into the washing machine.', 'Penny holds a basket of clothes, near Leonard.', 'Leonard looks at Penny, holding a basket of clothes.', 'Penny talks to Leonard, standing near the washing machine.']","Holding an open box of detergent, Leonard peers at Penny."
2491,848.438,tt1256039,847.786,"['Penny loads the washer.', 'Leonard watches Penny.', 'Penny looks at the washer.', 'Leonard stands near Penny.', 'Penny puts in clothes.']",He steps to her.
2492,886.806,tt1256039,885.194,"['Leonard knocks, then walks away from Howard.', ""Howard opens the door to Leonard's knock."", 'Leonard looks at Howard at the door.', 'Howard opens the door, looking at Leonard.', 'Leonard walks away from the door, then opens it.']","Later, Leonard knocks on Howard's front door."
2493,977.968,tt1256039,976.624,"['Sheldon gestures to Raj and Howard.', 'Raj and Howard gesture at each other.', 'Sheldon addresses Raj and Howard.', 'Sheldon looks at Raj and Howard.', 'Raj and Howard respond to Sheldon.']","Again, they each make a Vulcan salute."
2494,979.426,tt1256039,978.716,"['Sheldon eats pizza.', 'Raj watches Howard clap.', 'Howard claps with chopsticks.', 'Sheldon and Raj look at Howard.', 'They eat pizza with chopsticks.']",Leonard steps in.
2495,985.05,tt1256039,984.013,"['Sheldon eats with chopsticks.', 'Leonard takes a bite.', 'Howard holds a cup.', 'Raj gets a bottle.', 'Sheldon uses chopsticks.']",Howard stares straight ahead.
2496,989.484,tt1256039,988.524,"['Sheldon eats with chopsticks.', 'Howard and Sheldon use chopsticks.', 'Raj and Howard eat together.', 'Sheldon and Howard eat food.', 'They eat with chopsticks.']",Sheldon turns to Leonard.
2497,1034.868,tt1256039,1033.2,"['Raj eats with chopsticks, Sheldon observes.', 'Sheldon watches Raj use chopsticks.', 'Raj uses chopsticks, Sheldon forks food.', 'Sheldon looks at Raj eating.', 'Raj eats with chopsticks, Sheldon nearby.']","Raj picks up a dumpling, then bites into it."
2498,1037.341,tt1256039,1036.44,"['Howard walks towards the door.', 'Sheldon looks at Stephanie.', 'Howard enters the room.', 'Stephanie joins the scene.', 'Howard heads towards the door.']",Leonard opens the door.
2499,1077.193,tt1256039,1076.58,"['Sheldon hugs Stephanie.', 'Howard hugs Sheldon.', 'Sheldon and Howard hug.', 'Stephanie hugs Sheldon.', 'Sheldon and Stephanie hug.']",Howard hugs them.
2500,1088.532,tt1256039,1086.057,"['Howard pours a drink into a glass with ice.', 'Howard talks to two men on a couch, holding a bottle.', 'Howard pours a drink with ice in a glass.', 'Howard pours a drink, chatting with two men.', 'Howard holds a bottle and pours a drink with ice.']",Howard pours a drink as he talks on the phone.
2501,225.366,tt1256040,223.288,"['Sheldon Cooper sits down on the couch.', 'Stephanie Barnett talks to Sheldon Cooper on the couch.', 'Sheldon Cooper looks at Stephanie Barnett on the couch.', 'Sheldon Cooper sits with a lamp and wine nearby.', 'Stephanie Barnett and Sheldon Cooper sit together on the couch.']",Sheldon glances at Leonard then faces Stephanie.
2502,285.849,tt1256040,284.698,"['Sheldon looks at someone.', 'Sheldon talks to Stephanie.', 'Leonard talks to Sheldon.', 'Stephanie looks at Sheldon.', 'Sheldon faces Leonard.']",Leonard stands in the kitchen.
2503,288.824,tt1256040,287.71,"['Stephanie gestures in the kitchen.', 'Leonard sits on the couch.', 'Stephanie stands near the stove.', 'Leonard talks on the couch.', 'Stephanie enters the kitchen.']",Leonard motions to Sheldon.
2504,300.495,tt1256040,298.999,"['Sheldon looks at Stephanie.', 'Sheldon talks to Stephanie.', 'Sheldon stands, Stephanie listens.', 'Sheldon addresses Stephanie.', 'Sheldon gazes at Stephanie.']","Look at that, there's even pasta left over."
2505,350.747,tt1256040,348.655,"['Sheldon applies lipstick with precise strokes.', 'Leonard watches as Stephanie applies lipstick.', 'Stephanie continues to apply her lipstick.', ""Sheldon and Leonard observe Stephanie's lipstick application."", 'Stephanie carefully applies lipstick, focused on the task.']","They glance at Stephanie, who puts on lipstick."
2506,352.859,tt1256040,351.054,"['Sheldon looks at Stephanie applying lipstick.', 'Leonard watches Sheldon as he talks to him.', 'Stephanie examines her reflection in the mirror.', 'Sheldon looks at Leonard, focusing on his face.', 'Stephanie smiles as she finishes applying lipstick.']",Sheldon makes the Vulcan hand sign and waves.
2507,355.814,tt1256040,353.453,"['Sheldon looks at Leonard waving his hand.', 'Leonard waves his hand at Sheldon.', 'Sheldon and Leonard engage in a hand gesture.', 'Sheldon stares at Leonard waving his hand.', ""Leonard waves his hand, catching Sheldon's attention.""]","Later, Leonard and Stephanie sit together in a movie theater."
2508,375.961,tt1256040,374.809,"['Stephanie looks at Leonard.', 'Leonard looks at Stephanie.', 'Stephanie holds a drink.', 'Leonard and Stephanie hold drinks.', 'They gaze at each other.']",Sheldon sits beside Leonard.
2509,413.972,tt1256040,413.319,"['Sheldon looks at her.', 'Leonard and Sheldon stare.', 'Stephanie holds a soda.', 'She talks to them.', 'Sheldon and Leonard gaze.']",Sheldon moves.
2510,417.1,tt1256040,416.044,"['Sheldon looks at Leonard and Stephanie.', 'Sheldon talks to Leonard and Stephanie.', 'Sheldon is the center of attention.', 'Leonard and Stephanie focus on Sheldon.', 'Sheldon addresses Leonard and Stephanie.']",He sits several rows back.
2511,451.52,tt1256040,449.962,"['Sheldon turns right, then stands up.', 'Leonard turns right, then stands up.', 'Sheldon turns right, woman walks away.', 'Leonard and Sheldon turn right, woman walks away.', 'Woman walks away, Sheldon and Leonard turn right.']",Sheldon sits in the seat behind Leonard.
2512,464.756,tt1256040,461.466,"['Leonard walks away as Sheldon looks at Dr. Stephanie Barnett.', 'Sheldon looks at Dr. Stephanie Barnett as she sits down beside him.', 'Leonard stands up and walks away, leaving Sheldon and Dr. Stephanie Barnett together.', ""Sheldon's gaze is fixed on Dr. Stephanie Barnett as she takes a seat."", 'Leonard exits the scene, leaving Sheldon and Dr. Stephanie Barnett engaged in a silent conversation.']",Sheldon sits beside Leonard as the lights dim and the theater screen brightens.
2513,470.663,tt1256040,469.586,"['Sheldon walks to Leonard.', 'Sheldon approaches Leonard.', 'Sheldon stands up and sits down next to Leonard.', 'Sheldon gets up and sits beside Leonard.', 'Sheldon walks over to Leonard.']",Sheldon leans toward Leonard.
2514,479.783,tt1256040,476.704,"['Leonard holds a laptop and walks down the hallway, looking at the screen.', 'Leonard stands up, holding a laptop, and looks at the screen in the movie theater.', 'Sheldon and Leonard sit together, both looking at the movie screen in the theater.', 'Leonard walks down a hallway, laptop in hand, while Sheldon watches the screen.', 'Leonard and Sheldon sit side by side, gazing at the movie screen in the cinema.']","Oh yeah, this is it."
2515,558.693,tt1256040,556.633,"['Leonard walks away from Sheldon, holding a book.', 'Sheldon remains still as Leonard walks away.', 'Leonard holds a book, looking at Sheldon.', 'Leonard exits the scene, still holding a book.', 'Leonard walks off, leaving Sheldon stationary.']",Leonard steps into his room and slams the door.
2516,768.476,tt1256040,767.727,"['Penny and Sheldon hold food.', 'Penny and Sheldon gaze at each other.', 'Sheldon holds food tightly.', 'Penny and Sheldon examine food.', 'Penny and Sheldon look at food.']",He offers her bread.
2517,774.359,tt1256040,773.515,"['Sheldon gives Penny a gift.', 'Penny opens the wrapped gift.', 'Sheldon hands Penny a present.', 'Penny unwraps the gift.', 'She opens the gift box.']",She takes the bread.
2518,826.147,tt1256040,823.172,"['Sheldon walks down the hallway, alone.', 'Sheldon Cooper walks down the hallway, solo.', 'Sheldon walks down the empty hallway.', 'Sheldon Cooper walks down the long hallway.', 'Sheldon Cooper walks down the hallway, without stopping.']","In his living room, Leonard dines with Stephanie by candlelight."
2519,841.88,tt1256040,839.518,"['Stephanie looks at Leonard as they converse.', ""Leonard listens intently to Stephanie's words."", 'Stephanie and Leonard engage in a conversation.', ""Leonard's gaze meets Stephanie's as they talk."", ""The two characters focus on each other's faces.""]","As she kisses Leonard's cheek, Sheldon strolls into the kitchen."
2520,850.706,tt1256040,849.688,"['Stephanie looks at Leonard.', 'Leonard holds a beer.', 'Stephanie and Leonard gaze.', 'They look at each other.', 'Leonard holds a bottle.']",They move to kiss each other.
2521,854.259,tt1256040,850.726,"['Stephanie leans forward, holding a wine glass, and looks at Leonard on the couch.', 'Leonard leans back on the couch, holding a wine glass, as Stephanie talks to him.', 'Stephanie and Leonard sit on the couch, holding wine glasses, and engage in conversation.', 'Leonard holds a wine glass and leans back on the couch, as Stephanie leans forward to talk to him.', 'Stephanie and Leonard sit together on the couch, holding wine glasses and chatting.']",Sheldon tries to open a jar.
2522,920.23,tt1256040,919.021,"['Sheldon holds the mustard jar.', 'Leonard listens to Sheldon.', 'Sheldon speaks to Leonard.', 'Sheldon holds the mustard.', 'Sheldon stands with the jar.']",Leonard tries to remove the lid.
2523,948.276,tt1256040,946.336,"['Sheldon and Leonard turn their heads in tandem.', 'Sheldon turns his head to the right, then left.', 'Leonard and Sheldon simultaneously turn their heads.', 'The friends turn their heads in unison.', 'Sheldon and Leonard turn their heads, side by side.']",Like a gladiator.
2524,971.925,tt1256040,970.351,"['Stephanie looks at Leonard standing near Sheldon.', 'Leonard looks at Stephanie near the counter.', 'Sheldon bends over the counter, unnoticed.', ""Stephanie gazes at Leonard's standing figure."", 'Leonard stands before Sheldon, focused on Stephanie.']",Leonard ambles over to the kitchen sink.
2525,975.341,tt1256040,974.478,"['Sheldon looks at Stephanie.', 'Stephanie and Sheldon face off.', 'Sheldon stands before the fridge.', 'Stephanie and Sheldon confront each other.', 'Sheldon and Stephanie gaze at the fridge.']",Stephanie grimaces.
2526,986.033,tt1256040,983.825,"['Sheldon Cooper stands in the kitchen talking to someone.', 'Sheldon Cooper stands in the kitchen, conversing with another.', ""He's in the kitchen, discussing with someone."", 'Sheldon Cooper talks in the kitchen with someone.', 'Someone talks to Sheldon Cooper in the kitchen.']","In a hospital room, Sheldon studies Leonard's hand."
2527,1048.782,tt1256040,1047.339,"['Leonard speaks to Sheldon in a hospital room.', 'Sheldon and Leonard face a woman in a lab coat.', 'Leonard and Sheldon look at each other in a hospital room.', 'A woman enters a hospital room with Leonard and Sheldon.', 'Leonard and Sheldon stand near a hospital bed.']",Sheldon and Leonard squint at each other.
2528,1052.515,tt1256040,1051.745,"['Sheldon walks away.', 'Leonard talks to Sheldon.', 'Sheldon and Leonard converse.', 'Leonard and Sheldon chat.', 'Sheldon exits the room.']",Stephanie walks out.
2529,1069.833,tt1256040,1068.775,"['Sheldon points at Raj and Howard.', ""Leonard looks at Sheldon's gesture."", 'Sheldon gestures at Raj and Howard.', 'The friends enjoy takeout food.', 'Sheldon directs attention to others.']",Leonard hands Howard a jar.
2530,1072.007,tt1256040,1070.853,"['Raj talks to Leonard and Howard while eating.', 'Leonard and Howard snack as Raj chats.', 'Raj, Leonard, and Howard munch on food.', 'Raj and friends enjoy snacks together.', 'Howard and Leonard eat as Raj talks.']",Leonard shows Raj his hand.
2531,1072.854,tt1256040,1072.027,"['Raj and Howard eat together.', 'Leonard munches and chats.', 'Raj talks to Leonard and Howard.', 'They enjoy food and drinks.', 'Leonard and Howard snack together.']",Howard dry heaves.
2532,1081.535,tt1256040,1080.765,"['Raj holds food.', 'Raj looks at someone.', 'Raj holds plate.', 'Raj talks with food.', 'Raj sits with plate.']",Penny walks in.
2533,1112.312,tt1256040,1111.196,"['Penny holds a laptop, speaking to Leonard.', 'Penny talks, holding a laptop for Leonard.', 'Leonard listens as Penny speaks, laptop in hand.', 'Penny talks, laptop held, to seated Leonard.', 'Penny holds a laptop, addressing Leonard.']",Everyone stares at Sheldon.
2534,107.684,tt1256020,106.516,"['Sheldon holds a paper to Leonard.', 'Sheldon talks to Leonard holding paper.', 'Sheldon looks at Leonard with paper.', ""Leonard listens to Sheldon's paper."", 'Sheldon shows paper to Leonard.']",Sheldon reads from a paper.
2535,165.417,tt1256020,164.307,"['Sheldon holds the paper.', 'Leonard looks at the paper.', 'Sheldon examines the paper.', 'Sheldon studies the paper.', 'Sheldon holds the paper tightly.']",Leonard stares at Sheldon.
2536,174.7,tt1256020,173.838,"['He hands over paper.', 'He reads the paper.', 'He shows the paper.', 'They examine the paper.', 'He looks at the paper.']",Sheldon flips a page.
2537,191.337,tt1256020,189.958,"['Sheldon talks on the phone.', 'Sheldon has a phone conversation.', ""He's on the phone."", 'Sheldon holds a phone.', 'Sheldon talks into phone.']",Sheldon holds his finger to his ear.
2538,236.79,tt1256020,235.755,"['Leonard stirs the pot.', 'Sheldon holds a pan.', 'Sheldon looks at Leonard.', 'Leonard stirs, Sheldon holds.', 'Sheldon examines the pan.']",Sheldon shakes his head.
2539,238.226,tt1256020,236.962,"['Sheldon pours into a bowl.', 'Penny walks towards Sheldon.', 'Sheldon looks at Penny.', 'Penny talks to Sheldon.', 'Sheldon looks at Penny again.']",Stephanie steps into the kitchen.
2540,281.105,tt1256020,278.591,"['Stephanie stirs the pot while Penny watches.', 'Penny stands beside Stephanie as she cooks.', 'Stephanie looks at Penny as she stirs the pot.', 'Penny observes Stephanie stirring the pot.', 'Stephanie stirs the pot with a spoon.']","Stephanie peers at Leonard, who furiously stirs batter."
2541,297.316,tt1256020,295.877,"['Penny holds a cup and looks at Leonard.', 'Leonard holds a spoon, looking at Penny.', 'Sheldon stares at Penny and Leonard.', 'Penny and Leonard look at each other.', 'Sheldon holds a bowl, observing them.']",Leonard and Penny gaze at each other.
2542,360.32,tt1256020,357.059,"['Penny walks away, and Leonard looks at her before turning back.', 'Leonard looks at Penny as she walks away, holding a bottle.', 'Penny turns around, and Leonard talks to her as she holds a bottle.', 'Leonard talks to Penny as she turns around, holding a bottle.', ""Penny holds a bottle and turns around, catching Leonard's attention.""]","Stephanie and Leonard kiss, then Stephanie glances over her shoulder as she leaves."
2543,363.331,tt1256020,361.029,"['Penny walks into the room, holding a glass of water.', 'Leonard and Penny stand in the kitchen, looking at each other.', 'Penny holds a glass of water and Leonard holds a bowl.', 'Penny enters the kitchen, where Leonard stands, holding a bowl.', 'Leonard and Penny stand in the kitchen, both holding objects.']","Leonard peers at Penny and Sheldon, who gaze downward."
2544,381.333,tt1256020,378.592,"['Leonard and Penny stand in the kitchen, both holding milk.', 'Penny holds a glass of milk as Leonard talks to her.', 'Leonard and Penny converse in the kitchen, both with glasses of milk.', 'Leonard talks to Penny as they both stand in the kitchen with milk.', 'Penny and Leonard discuss something in the kitchen, each holding a glass of milk.']","As Leonard steps into the kitchen, Penny hands him her coffee cup."
2545,421.793,tt1256020,420.182,"[""Penny looks at Leonard's glasses."", 'Leonard watches Penny choose a dress.', 'Penny looks at Leonard with a glance.', ""Leonard's eyes follow Penny's dress selection."", 'Penny picks a dress, caught by Leonard.']",Penny holds up a blue and green dress.
2546,479.112,tt1256020,474.065,"['Penny looks at Leonard as he stands and listens to her.', 'Leonard stands and listens to Penny as she talks.', 'Penny stands and talks to Leonard, who looks at her.', 'Leonard looks at Penny as she stands and talks.', 'Penny and Leonard stand facing each other, with Penny talking and Leonard listening.']","In the cafeteria, Leonard hurriedly sets his tray on Raj and Howard's table, then scratches his hips and his rear."
2547,531.517,tt1256020,529.943,"['Howard looks at Leonard and Raj.', 'Leonard and Howard look at each other.', 'Howard and Leonard gaze at a plate.', 'Leonard looks at Howard and a cup.', 'Howard and Leonard examine the food.']",Raj and Leonard peer over their shoulders.
2548,539.326,tt1256020,537.292,"['Howard holds a plate of food, talking to Leonard and Raj.', 'Leonard and Raj look at Howard as he speaks.', 'Howard gestures while discussing with Leonard and Raj.', ""Raj and Leonard focus on Howard's words."", 'Howard and his friends sit at a table with plates and cups.']","His smile frozen, Howard gazes at Leonard."
2549,560.122,tt1256020,558.337,"['Leonard holds food and cups with Raj nearby.', 'Howard looks at Leonard, who holds food and cups.', 'Raj looks at Leonard, who holds food and cups.', 'Leonard holds food and cups, with Howard and Raj present.', 'Leonard holds food and cups, as Howard and Raj observe.']",Leonard scratches his thigh.
2550,565.824,tt1256020,562.677,"['Stephanie hands the patient a pill and takes a step back.', ""The patient takes a pill from Stephanie's hand and holds the laptop."", 'Stephanie gives the patient a pill and he holds the laptop.', 'Stephanie hands the patient a pill and he takes it.', 'The patient holds the laptop and takes a pill from Stephanie.']","Hospital, Stephanie rounds a corner and spots Sheldon sitting on a gurney."
2551,862.082,tt1256020,860.258,"['Stephanie opens the door, followed by Leonard.', 'Leonard follows Stephanie as she walks out the door.', 'Stephanie exits, with Leonard behind her, door in view.', 'Leonard trails behind Stephanie as she leaves the room.', 'Stephanie and Leonard walk out, door closing behind them.']",Stephanie leads Leonard by the hand to his room.
2552,866.305,tt1256020,863.483,"['Leonard and Stephanie run into a room, Stephanie falls on a table.', 'Stephanie falls onto a table, Leonard stands beside her.', 'Leonard and Stephanie rush into a room, Stephanie picks up a yellow towel.', 'Stephanie falls on a table, Leonard helps her up.', 'Leonard and Stephanie run together, Stephanie falls onto a table.']","Later, Leonard walks into the laundry room where Penny folds clothes."
2553,905.846,tt1256020,904.772,"['Penny folds clothes, looks at Leonard.', 'Leonard looks at Penny, folds clothes.', 'Penny checks her watch, looks at Leonard.', 'Penny looks at Leonard, checks her watch.', 'Leonard looks at Penny, checks her watch.']",Penny looks at her wristwatch.
2554,978.527,tt1256020,975.167,"['Penny holds a pink cloth, talking to Leonard.', 'Leonard stands beside Penny, who holds a pink cloth.', 'Penny talks to Leonard, holding a pink cloth.', 'Penny holds a pink cloth, conversing with Leonard.', 'Penny talks, holding a pink cloth, with Leonard nearby.']","In bed, Leonard and Stephanie pull away from each other and pant."
2555,1028.722,tt1256020,1027.244,"['Leonard looks at Stephanie.', 'Stephanie talks to Leonard.', 'Leonard lies in bed.', 'Stephanie is by Leonard.', 'Leonard gazes at her.']",Leonard gapes as Stephanie cries.
2556,1045.878,tt1256020,1043.058,"['Leonard and Stephanie laugh together in bed.', 'Leonard and Stephanie gaze lovingly at each other.', 'They share a laugh, looking at each other.', 'Leonard and Stephanie exchange playful glances.', 'Stephanie and Leonard smile at each other in bed.']","They stare at Leonard's sweater, which features a blue bird."
2557,1107.452,tt1256020,1105.629,"['Raj and Leonard eat, while Howard texts on his phone.', 'Leonard looks at Raj as they enjoy their meal.', 'Raj and Leonard gaze at each other over plates of food.', 'Howard texts, his phone held in his hand.', 'Raj and Leonard sit, surrounded by plates and drinks.']",Leonard gazes downward at his sweater.
2558,1112.635,tt1256020,1110.83,"['Leonard and Raj stare at each other while eating.', 'Howard and Leonard take bites from their plates.', 'Leonard looks at Raj as they eat together.', 'Raj and Leonard gaze at each other over food.', 'Howard, Leonard, and Raj enjoy their meals.']",He picks up his phone and texts.
2559,1148.908,tt1256020,1145.377,"['Sheldon presses the doorbell and looks at the laptop again.', 'Sheldon rings the doorbell twice, then examines the laptop.', 'Sheldon looks at the laptop, then presses the doorbell twice.', 'Sheldon presses the doorbell, then checks the laptop.', 'Sheldon checks the laptop, then rings the doorbell again.']","Sheldon knocks on Penny's door, then presses a key on a laptop."
2560,1153.111,tt1256020,1151.077,"['Sheldon presses the doorbell, then looks at the laptop.', 'Penny enters the room, talking to Sheldon.', 'Sheldon looks at the laptop screen, then talks to Penny.', 'Penny talks to Sheldon, who looks at the laptop.', 'Sheldon looks at the laptop, then Penny enters the room.']",Penny opens her door.
2561,1160.097,tt1256020,1158.6,"['Sheldon holds a laptop and talks to Penny.', 'Sheldon points at his face while speaking to Penny.', 'Penny listens to Sheldon holding a laptop.', 'Sheldon gestures to his face as he speaks.', 'Sheldon talks to Penny while holding a laptop.']","Sheldon types, then presses a button."
2562,61.535,tt1256021,60.862,"[""Sheldon looks at Howard's sandwich."", 'Howard eats a sandwich.', ""Sheldon gazes at Howard's food."", 'Howard takes a bite.', 'Soda can is in front of Sheldon.']",Leonard smirks.
2563,63.172,tt1256021,61.708,"['Sheldon looks at Leonard.', 'Sheldon and Leonard gaze at each other.', ""Leonard looks at Sheldon's table view."", ""Sheldon examines the table's contents."", 'Sheldon and Leonard focus on each other.']",Raj points his fork at Sheldon.
2564,83.538,tt1256021,83.269,"['Sheldon talks, Raj looks.', 'Raj checks phone, others listen.', 'Sheldon speaks, Raj gazes.', 'Sheldon addresses group, Raj phones.', 'Sheldon talks, Raj observes.']",Now Raj.
2565,84.54,tt1256021,83.789,"['Sheldon speaks, Raj looks.', 'Sheldon talks, Raj checks phone.', 'Sheldon talks, Raj stares phone.', 'Sheldon speaks, Raj looks down.', 'Sheldon talks, Raj gazes phone.']",Now Sheldon.
2566,141.861,tt1256021,140.842,"['Raj holds food in hand.', ""Howard looks at Raj's food."", 'Raj holds food, Howard watches.', 'Howard observes Raj eating.', 'Raj eats, Howard gazes.']",David approaches Leonard.
2567,150.661,tt1256021,149.949,"['David walks towards them.', 'Howard and Raj look at him.', 'David sits down with them.', ""They look at David's jacket."", 'He takes a seat.']",They shake hands.
2568,181.341,tt1256021,179.493,"[""Raj raises his hand, catching Leonard's gaze."", 'Leonard looks at Raj, while Sheldon observes.', 'Sheldon focuses on Raj, who raises his hand.', ""Leonard and Sheldon notice Raj's raised hand."", ""Raj's hand grabs attention, with Leonard and Sheldon looking.""]",Leonard turns to his friends who stare at him.
2569,223.17,tt1256021,219.628,"['Sheldon takes the remote control from the table.', 'Raj holds a bottle of water while Sheldon looks at him.', 'Sheldon picks up the remote control, then looks at Raj.', 'Raj holds a bottle of water as Sheldon reaches for the remote.', 'Sheldon takes the remote control and Raj holds a bottle of water.']","Nearby, Sheldon sits on the living room sofa and rubs powder on his hands."
2570,226.943,tt1256021,224.23,"['Sheldon opens the water bottle and takes a drink.', 'Sheldon holds a bottle of water and rubs his hands together.', 'Sheldon holds a water bottle and drinks from it.', 'Sheldon takes a drink from the water bottle.', 'Sheldon opens and drinks from a bottle of water.']","As Howard swings his remote to bowl, Leonard walks in."
2571,230.87,tt1256021,229.676,"['Sheldon throws a virtual ball.', 'Sheldon turns off the game.', 'Sheldon throws virtual pins.', 'He puts the remote down.', 'Sheldon plays a virtual game.']",Howard rolls a gutter ball.
2572,289.935,tt1256021,288.706,"['Sheldon holds a bottle of water.', 'Sheldon sits down, still holding water.', 'Sheldon talks while holding water.', 'Sheldon talks in the kitchen.', 'Sheldon sits, water in hand.']",Leonard sits in an armchair.
2573,295.53,tt1256021,294.973,"['Leonard holds water.', 'Howard stands behind.', 'Raj looks at Leonard.', 'Leonard has water.', 'Howard looms large.']",He stands.
2574,300.715,tt1256021,299.37,"['Sheldon speaks to the others standing.', 'Raj and Leonard stand with crossed arms.', 'Howard and others listen to Sheldon.', 'The friends stand together quietly.', 'Sheldon addresses his friends standing.']",Leonard hurries into his bedroom.
2575,341.381,tt1256021,340.095,"['Sheldon holds a soda can.', 'Penny holds a gift bag.', 'Sheldon speaks to Penny.', 'Penny listens to Sheldon.', 'Sheldon and Penny stand together.']",Howard leans toward Raj.
2576,370.79,tt1256021,369.158,"['Sheldon looks down at something in his hands.', 'Penny turns her head to the side.', 'Sheldon looks down at something in his hands.', 'Penny looks at Sheldon and turns her head.', 'Sheldon looks down, then Penny turns her head.']",Penny rolls her eyes.
2577,408.762,tt1256021,407.514,"['Sheldon speaks to Penny.', 'Penny listens to Sheldon.', 'Sheldon talks to Penny.', 'Penny responds to Sheldon.', 'Sheldon converses with Penny.']",Raj whispers to Howard.
2578,464.291,tt1256021,463.084,"['David holds his jacket.', 'Leonard faces David.', 'Penny looks at them.', 'David and Leonard stand.', 'Penny stands nearby.']",David shakes Penny's hand.
2579,483.783,tt1256021,482.71,"['Penny hugs Leonard.', 'David carries Penny.', 'Leonard hugs Penny back.', 'Penny hugs Leonard tightly.', 'David carries Penny around.']",They help Leonard upstairs.
2580,534.965,tt1256021,533.855,"['Penny faces Dr. Underhill, holding cane.', ""Leonard stands before Dr. Underhill's cane."", ""Penny and Leonard stand by Dr. Underhill's cane."", 'Dr. Underhill holds his cane, facing Penny and Leonard.', 'Penny, Leonard, and Dr. Underhill stand together, cane in hand.']",They stop on the fourth floor.
2581,569.166,tt1256021,567.48,"['Penny walks in, followed by Dr. David Underhill.', 'Dr. David Underhill waves as Penny enters.', 'Penny and Dr. David Underhill look at each other.', 'Dr. David Underhill and Penny walk into the room.', 'Penny and Dr. David Underhill enter together.']",Penny returns wearing a leather jacket.
2582,577.748,tt1256021,576.274,"['David points at Leonard, then walks away.', 'Leonard turns to the door, then looks back.', 'David points, Leonard looks, then turns.', ""Leonard's gaze shifts from David to the door."", 'David walks off, Leonard turns to the door.']",David and Penny walk downstairs.
2583,584.879,tt1256021,582.292,"['Leonard enters the room, and Sheldon looks around.', 'Sheldon looks around the room, and Leonard joins him.', ""Leonard enters, and Sheldon's eyes scan the space."", 'Sheldon surveys the room, as Leonard walks in.', 'Leonard Hofstadter enters, and Sheldon Cooper glances up.']","As Sheldon opens the door, Leonard falls into the living room."
2584,586.508,tt1256021,585.051,"['Sheldon walks into the room.', 'Sheldon enters and looks around.', 'Sheldon walks into the room slowly.', 'Sheldon enters, surveying the space.', 'Sheldon enters, examining the room.']",Sheldon glances into the hallway.
2585,601.82,tt1256021,596.032,"['Red holds a pink object, looking at green, while blue looks on.', 'Red and blue exchange glances, with red holding a pink object.', 'Red holds a pink object, with green and blue observing.', 'Red, green, and blue engage in a visual exchange, with red holding a pink object.', 'Red holds a pink object, looking at green, as blue watches on.']","In a store at the mall, Howard and Raj stand nearby while Sheldon surveys a variety of lotions and soaps."
2586,697.982,tt1256021,696.409,"['Sheldon gives Charlotte a gift.', ""Charlotte looks at Sheldon's gift."", 'Sheldon and Howard examine the gift.', 'Sheldon and Raj study the gift.', 'Sheldon presents the gift to Charlotte.']",She hands the basket back to Sheldon.
2587,704.887,tt1256021,701.953,"['Sheldon talks to Penny, then Raj, and Howard joins the conversation.', 'Leonard and Penny engage in a lively discussion.', 'Sheldon, Raj, Howard, and Penny chat together.', 'Penny converses with Sheldon, then Howard, and Raj joins in.', 'The group discusses something, with Sheldon, Raj, Howard, and Penny all participating.']","In the university cafeteria, David and Penny sit at a table."
2588,705.655,tt1256021,704.983,"['David looks at Penny.', 'Penny smiles at David.', 'David talks to Penny.', 'David looks at Penny smiling.', 'Penny looks at David.']",Leonard walks in.
2589,748.558,tt1256021,745.681,"['David stands near Leonard, who sits at a table with Penny.', 'Penny talks to Leonard as David stands beside him.', 'Leonard sits at a table with Penny, with a water bottle and food nearby.', 'David and Penny sit with Leonard at a table with a plate of food.', 'Leonard sits at a table with Penny, as David stands nearby with a water bottle.']",David glances at Leonard's hand as Leonard pats David's shoulder.
2590,773.889,tt1256021,772.93,"['Leonard holds a drink.', 'Leonard looks at someone.', 'Leonard holds a drink laughing.', 'Leonard sits at a table.', 'Leonard holds a drink laughing at.']",David and Penny leave.
2591,780.508,tt1256021,778.494,"['Leonard holds a can, then puts it down.', 'Leonard looks at the camera, holding a soda.', 'Leonard sets the can down, looking directly.', 'Leonard holds a soda, then gazes at it.', 'Leonard puts down the can, looking straight.']","Later, Leonard lies on the living room sofa."
2592,787.53,tt1256021,784.595,"['Raj enters the room, carrying two gift baskets in hand.', 'Raj enters the room, holding two gift baskets in each hand.', 'Raj walks into the room, gift baskets in tow.', 'Raj enters the room, gift baskets held high.', 'Raj enters the room, gift baskets in his grasp.']",Sheldon follows them with an ice cream cone in the small gift basket.
2593,828.15,tt1256021,826.422,"['Sheldon holds a toy in his mouth.', 'Sheldon takes a toy from the bag.', 'Sheldon pulls a toy from the gift bag.', 'Sheldon throws a toy out of the bag.', 'Sheldon holds a toy and puts it in his mouth.']",Sheldon takes a bite of ice cream.
2594,863.521,tt1256021,859.056,"['Penny pours a drink into a glass as she looks at Leonard Hofstadter sleeping on the couch.', 'Leonard Hofstadter sleeps on the couch as Penny pours a drink and looks at him.', 'Penny pours a drink and looks at Leonard Hofstadter, who is sleeping on the couch.', 'Penny pours a drink into a glass as she glances at Leonard Hofstadter, who is resting on the couch.', 'Leonard Hofstadter rests on the couch as Penny pours a drink and gives him a brief glance.']","Meanwhile, on her living room sofa, Penny pours liquor into a carton of eggnog, then drinks from it."
2595,869.29,tt1256021,868.599,"['Penny holds a bottle.', 'Leonard enters the room.', 'Penny and Leonard converse.', 'Leonard wears a jacket.', 'Penny drinks from a bottle.']",Leonard walks in.
2596,959.231,tt1256021,958.138,"['Penny looks at Leonard.', 'Leonard drinks from the bottle.', 'Penny holds a soda bottle.', 'Leonard and Penny gaze at each other.', 'They sit together on the couch.']",Leonard drinks from the carton.
2597,969.083,tt1256021,967.991,"[""Penny leans on Leonard's shoulder."", 'Leonard watches Penny drink.', 'Penny leans on Leonard.', 'Leonard looks at her.', 'Penny drinks from a can.']",Penny drinks from the carton.
2598,972.975,tt1256021,971.824,"[""Penny leans on Leonard's shoulder."", 'Leonard looks at Penny.', 'Penny drinks from a carton.', 'Penny puts down the carton.', 'Penny leans on Leonard.']",Penny sets the carton down.
2599,979.818,tt1256021,977.556,"[""Penny leans on Leonard's shoulder."", 'Leonard looks at Penny.', ""Penny leans on Leonard's shoulder."", 'Leonard looks at Penny.', ""Penny leans on Leonard's shoulder, Leonard looks at her.""]",She kisses Leonard's cheek and lays her head on his shoulder.
2600,985.009,tt1256021,984.281,"['Penny leans on Leonard.', 'Leonard looks at Penny.', 'Penny smiles at Leonard.', ""Penny leans on Leonard's shoulder."", 'Leonard gazes at Penny.']",Penny smiles.
2601,999.173,tt1256021,997.889,"['Penny holds a gift, then Sheldon enters.', 'Sheldon walks into the room, then looks at them.', 'Penny talks to Leonard, then Sheldon approaches.', 'Leonard listens to Penny, then Sheldon enters.', 'Penny and Leonard look at Sheldon as he arrives.']",Sheldon steps into the living room.
2602,1024.479,tt1256021,1024.269,"['Sheldon holds a box and talks to Leonard and Penny.', 'Leonard and Penny stand as Sheldon talks and holds a box.', 'Sheldon and Leonard converse while Penny stands nearby, holding a box.', 'Penny stands with Leonard as Sheldon talks and holds a box.', 'Sheldon talks and holds a box, with Leonard and Penny standing nearby.']",A napkin.
2603,1024.825,tt1256021,1024.498,"['Sheldon holds a box.', 'Leonard stands with Sheldon.', 'Penny talks to them.', 'Sheldon talks to Leonard.', 'They stand around a box.']",Turn it over.
2604,1042.169,tt1256021,1038.604,"['Penny hands Sheldon a box, which he opens and reads.', 'Sheldon sits down to read the box handed to him by Penny.', 'Penny gives Sheldon a box, which he takes and begins to read.', 'Sheldon takes a box from Penny and settles in to read it.', 'Penny hands Sheldon a box, and he opens it to start reading.']","Sheldon turns the napkin over, then lowers himself onto the arm of the nearby chair."
2605,1061.353,tt1256021,1058.841,"['Sheldon opens a gift from Penny.', 'Penny hands a gift to Sheldon, who opens it.', 'Sheldon looks at a gift from Penny.', 'Penny gives Sheldon a gift, which he opens.', 'Sheldon opens a gift, then looks at Penny.']",Sheldon springs up from the chair and stares at the napkin.
2606,1125.454,tt1256021,1124.458,"['Penny gives Leonard a gift.', 'Leonard sits on the floor.', 'Penny looks at the gift.', 'Penny sits on the couch.', 'Leonard receives a gift.']",Penny unwraps a gift.
2607,1132.528,tt1256021,1131.301,"['Penny holds a box, looking at Leonard.', ""Leonard sits, focused on Penny's box."", 'Penny shows Leonard something in a box.', 'Penny holds a box, speaking to Leonard.', 'Penny holds a box, gazing at Leonard.']",Leonard grins at Penny.
2608,1139.084,tt1256021,1138.317,"['Penny walks to the door.', 'Penny holds a gift basket.', 'Penny enters the room.', 'Penny sits down.', 'Penny carries gifts.']",Penny smiles.
2609,1142.4,tt1256021,1139.39,"['Penny enters the room, holding a basket of gifts, surprising Sheldon.', 'Sheldon covers his mouth as Penny gives him gifts from her basket.', 'Penny enters, carrying a basket, and hands gifts to surprised Sheldon.', ""Sheldon's surprised expression is evident as Penny hands him gifts from her basket."", 'Penny enters with a basket, Sheldon reacts with surprise, covering his mouth.']",Sheldon returns with all of the gift baskets and drops them on the floor.
2610,93.411,tt1256022,91.779,"['Sheldon looks at Leonard, who responds.', 'Leonard and Sheldon converse in the room.', 'Sheldon and Leonard face each other speaking.', 'Leonard and Sheldon engage in a dialogue.', 'Sheldon and Leonard discuss something.']",Howard aims a remote device at Monty.
2611,95.253,tt1256022,93.584,"['Sheldon places the saw on the floor.', 'Leonard sees the spinning red saw.', 'A red saw spins on a blue carpet.', 'A white box is placed on the floor.', 'Sheldon puts the saw on the blue carpet.']",A red saw blade on the robot spins.
2612,98.595,tt1256022,95.581,"['Leonard, Raj, and Sheldon watch as a circular saw cuts a white box.', 'Sheldon, Leonard, and Raj stare at the circular saw cutting a white box.', 'The trio observes as the circular saw cuts through a white box on the floor.', 'Leonard, Raj, and Sheldon look on as the saw cuts a box on the floor.', 'Sheldon, Leonard, and Raj watch a circular saw slice through a white box.']","Monty rolls across the wooden floor, then saws the toaster oven in half."
2613,103.871,tt1256022,100.298,"['Leonard and the others watch as the machine cuts a microwave, which falls to the floor.', 'Sheldon, Howard, Raj, and Leonard observe as the machine cuts through the microwave.', 'The friends gather around as the machine cuts the microwave, which drops to the ground.', 'Leonard, Sheldon, Howard, and Raj stand by as the machine successfully cuts the microwave.', 'The group watches as the machine cuts through the microwave, its pieces falling to the floor.']",Sparks fly as Monty continually cuts into the toaster oven with its rotating blade.
2614,105.714,tt1256022,104.197,"[""Sheldon's machine spins around different rooms."", 'Leonard, Howard, and Sheldon spin the machine.', 'The machine spins in various rooms repeatedly.', 'Sheldon, Howard, and Leonard spin the machine.', 'Machine spins around, moves to new rooms.']",Pieces of the oven fall to the floor.
2615,108.383,tt1256022,106.04,"['Sheldon watches as the machine falls apart on the floor.', 'Leonard and Howard enter to see the broken machine on the floor.', 'The machine lies broken on the floor, with pieces scattered around.', 'Howard looks down at the broken machine on the floor.', 'The machine crashes to the floor, breaking into pieces.']","Monty backs up, then saws through the front of the oven."
2616,113.242,tt1256022,112.052,"['Sheldon and friends watch broken robot.', 'Leonard and friends examine broken robot.', 'Howard, Leonard, and Sheldon see broken robot.', 'Robot falls, broken in multiple rooms.', 'Sheldon, Howard, and Leonard look at robot.']",The friends gaze at the robot.
2617,116.661,tt1256022,114.894,"['Sheldon turns on the robot, which walks towards them.', 'The robot walks towards Howard, Penny, Leonard, and Sheldon.', 'Leonard, Penny, Howard, and Sheldon watch as the robot moves.', 'The robot walks towards Sheldon, Howard, Penny, and Leonard.', 'The group stares as the robot walks towards them.']","Talking on a phone, Penny is sent a staircase."
2618,120.716,tt1256022,119.564,"['Penny runs down stairs jumping over robot.', 'Penny jumps over the robot.', 'Penny runs and jumps robot.', 'Penny jumps over robot stairs.', 'Penny jumps down stairs.']",Monty bursts through the door.
2619,162.754,tt1256022,162.063,"['Sheldon and Leonard examine the robot.', 'Leonard holds the remote, Sheldon holds a cloth.', 'Sheldon and Leonard look at the robot together.', 'Leonard watches the robot with Sheldon.', 'Sheldon and Leonard gaze at the robot.']",They all follow.
2620,232.49,tt1256022,230.437,"['Penny points at Howard Wolowitz.', 'Howard Wolowitz talks to Penny, who points at him.', 'Penny looks at Howard Wolowitz as she points.', 'Penny points at Howard Wolowitz while he speaks.', 'Howard Wolowitz talks with Penny, who points at him.']",He peers at Penny as he slowly raises his hand.
2621,298.442,tt1256022,296.235,"['Penny and Leonard exchange hands.', ""Raj takes Penny's hand, then lets go."", ""Sheldon holds Penny's hand, Howard watches."", ""Penny's hand moves as she talks to Leonard."", ""Leonard's hand reaches for Penny's, they touch.""]","As the others watch, Howard takes off his thick glasses."
2622,303.297,tt1256022,301.11,"['Penny and Leonard look at each other.', 'Howard watches Penny wear her pink jacket.', 'Leonard and Penny gaze at each other.', ""Howard stares at Penny's pink jacket."", 'Penny and Leonard share a glance.']","Howard folds his glasses, then steps toward the door."
2623,308.746,tt1256022,308.056,"['Penny speaks to Howard.', 'Howard holds a remote.', 'Penny talks to him.', 'Howard holds the control.', 'Penny addresses Howard.']",Howard leaves.
2624,315.558,tt1256022,314.331,"['Penny holds a remote control, Leonard looks at her.', 'Raj and Sheldon gaze at Penny.', 'Leonard and Raj focus on Penny.', 'Sheldon and Raj stare at Penny.', 'Penny holds a remote control, watched by Leonard and Raj.']",Raj whispers in Leonard's ear.
2625,397.762,tt1256022,397.09,"['Leonard looks at Raj.', 'Raj gazes at Leonard.', 'Leonard puts down phone.', 'Raj and Leonard converse.', 'Leonard sets down cup.']",Leonard hangs up.
2626,413.75,tt1256022,413.021,"['Raj takes a bite.', 'Raj looks at cake.', 'Raj holds a slice.', 'Raj eats cake.', 'Raj holds cake.']",A dark-haired man.
2627,444.527,tt1256022,442.839,"['Blue looks at green across the table.', 'Red stands up and steps towards blue and green.', 'Blue and green gaze at each other.', 'Red holds a cup at the table.', 'Green turns to blue with a plate.']","Setting down his napkin, Sheldon stands."
2628,460.053,tt1256022,457.94,"['Sheldon stands before Barry, looking at him.', 'Sheldon and Barry sit at a table, facing each other.', 'Sheldon and Barry sit together, looking at each other.', 'Sheldon and Barry have a conversation, facing each other.', 'Sheldon and Barry are seated, engaged in a discussion.']","Sheldon gazes at Leonard, who furrows his brow."
2629,517.785,tt1256022,517.19,"['Barry holds cake.', 'Leonard holds coffee.', 'Raj holds cake.', 'Barry talks to them.', 'They sit at table.']",Kripke leaves.
2630,523.525,tt1256022,522.084,"['Raj speaks, Sheldon listens attentively.', ""Sheldon focuses on Raj's words."", 'Raj converses, cake plate nearby.', 'Sheldon intently listens to Raj.', 'Raj shares thoughts, Sheldon observes.']",Leonard and Sheldon peer at Raj.
2631,525.677,tt1256022,524.005,"['Sheldon holds a cup, Leonard listens.', 'Sheldon speaks, Leonard attentively looks on.', 'Leonard watches Sheldon hold a cup.', 'Sheldon holds a cup, Leonard observes.', 'Leonard listens as Sheldon talks.']","Later, Leonard knocks on Penny's door."
2632,634.686,tt1256022,633.092,"['Penny stands, holding a cup, facing Leonard.', 'Leonard and Penny stand, both holding cups.', 'Penny looks at Leonard, holding a cup.', 'Leonard and Penny stand together, holding cups.', 'Penny and Leonard stand, both holding cups.']",Leonard steps toward the door then stops.
2633,646.675,tt1256022,641.988,"['Leonard stands and talks, while Penny holds a cup and looks at him.', 'Penny holds a cup and gazes at Leonard, who is standing and engaged in conversation.', 'Leonard and Penny interact, with Penny holding a cup and Leonard standing nearby.', 'Penny looks at Leonard, who is standing, while she holds a cup in her hand.', 'Leonard and Penny are in a conversation, with Penny holding a cup and looking at him.']",Howard sits in his room.
2634,681.889,tt1256022,680.775,"['Penny enters, looks at Howard.', 'Howard looks up at Penny.', 'Penny stops in front of Howard.', 'Penny and Howard gaze at each other.', ""Howard's eyes meet Penny's gaze.""]",Penny steps toward Howard.
2635,717.714,tt1256022,716.6,"[""Penny approaches Howard's desk."", 'Howard stands up to meet Penny.', 'Penny and Howard face each other.', ""Howard walks towards Penny's orange top."", 'Penny and Howard stand together.']",Howard steps toward the door.
2636,736.552,tt1256022,735.669,"['Penny walks into the room.', 'Penny enters the living room.', 'Penny walks into the living room.', 'Penny enters the room.', 'Penny walks in.']",Howard shuts the door.
2637,744.464,tt1256022,743.735,"['Penny walks into a room.', 'Penny enters a room.', 'Penny steps into a room.', 'Penny enters, then pauses.', 'Penny walks into a space.']",She walks back in.
2638,749.67,tt1256022,748.133,"['Sheldon stares at the laptop screen.', 'Leonard and Raj point at the laptop screen.', 'Raj points at the laptop screen to Sheldon.', 'Sheldon looks at the laptop screen with Leonard.', 'Leonard and Raj examine the laptop screen.']","They jerk back, their mouths open."
2639,839.929,tt1256022,838.472,"[""Penny looks at Howard's hands."", 'Howard holds a white object.', 'Penny and Howard sit side by side.', 'Howard focuses on the white object.', ""Penny gazes at Howard's hands.""]",Like a six-month chipmunk.
2640,894.985,tt1256022,893.238,"['Penny looks at Howard, who looks back.', 'Howard and Penny sit together, gazing.', 'Penny and Howard share a silent moment.', 'Howard and Penny exchange a look.', 'Penny and Howard sit side by side, staring.']","Penny peers at Howard, then looks away."
2641,942.735,tt1256022,941.315,"['Penny looks at Howard.', 'Howard looks at Penny.', 'Penny and Howard gaze at each other.', 'Howard and Penny share a look.', 'They sit together, eyes locked.']","Turning to Penny, Howard smiles."
2642,943.771,tt1256022,942.908,"['Penny looks at Howard.', 'Howard looks away from Penny.', 'Penny smiles at Howard.', 'Howard looks at Penny.', 'Penny smiles at him.']",Penny smiles back.
2643,945.172,tt1256022,944.231,"['Penny looks at Howard.', 'Howard looks away from Penny.', 'Penny smiles at Howard.', 'Howard looks at Penny.', 'Penny and Howard gaze.']",Howard gazes at Penny.
2644,949.622,tt1256022,946.975,"['Penny speaks to Howard, who looks at her.', 'Howard gazes at Penny as she talks.', 'Penny converses with Howard, who focuses on her.', 'Howard looks intently at Penny as she speaks.', 'Penny talks to Howard, who keeps his eyes on her.']","In slow motion, he opens his mouth as he leans toward her."
2645,951.599,tt1256022,949.968,"['Howard looks at Penny speaking.', ""Penny speaks to Howard's gaze."", 'Howard focuses on Penny talking.', ""Penny talks to Howard's attention."", 'Howard watches Penny speaking.']",Penny's eyes widen as she gapes.
2646,954.438,tt1256022,953.326,"['Penny and Howard show surprise.', 'Howard and Penny share surprise.', ""Penny's face lights up with surprise."", ""Howard's face reflects surprise."", 'Penny and Howard display surprise together.']",Penny punches Howard.
2647,957.373,tt1256022,954.975,"['Penny speaks seriously to someone off-screen.', 'Penny speaks with a serious expression.', 'Penny talks to someone unseen.', ""Penny's serious tone echoes through the air."", ""Penny's voice is stern and unwavering.""]","In a lab, Leonard and Kripke crouch by Kripke's robot."
2648,1023.794,tt1256022,1022.967,"['Sheldon holds a device.', 'Raj watches Sheldon.', 'Sheldon holds the device.', 'Barry speaks to Sheldon.', 'Sheldon holds it.']",Leonard shakes his head.
2649,1031.785,tt1256022,1030.152,"['Sheldon stands with his hands on his hips.', 'Raj and Leonard stand with crossed arms.', 'Raj and Leonard glance at each other.', 'Sheldon looks at Raj and Leonard.', 'The trio stands in a group, looking ahead.']",They all step behind a counter.
2650,1065.773,tt1256022,1064.178,"['Leonard holds a camera, Barry controls the remote.', 'Raj and Sheldon observe Leonard and Barry.', 'Leonard and Barry interact, Raj and Sheldon watch.', 'Barry holds the remote, Leonard holds a camera.', 'Leonard and Barry work together, Raj and Sheldon nearby.']",Kripke and Sheldon operate remotes.
2651,1068.042,tt1256022,1066.37,"['Leonard holds the remote control.', 'A robot falls over, surprising the group.', 'The men stare at the fallen robot.', 'Barry looks at Sheldon with surprise.', 'Raj watches as the robot crashes down.']",The two robots roll toward each other.
2652,1076.362,tt1256022,1074.998,"['Sheldon looks at the red robot.', 'Leonard shoots a red light.', ""Sheldon views the red robot's light."", 'Leonard holds the red robot.', 'The red robot is being shot.']",Monty stands out of its reach.
2653,1086.026,tt1256022,1084.143,"['Leonard holds a device with a red light.', 'Sheldon holds a remote control.', 'Raj and Barry hold devices with red lights.', 'The men stand in a room, holding devices.', 'Sheldon operates the remote control.']",Monty turns and knocks a door from its hinges.
2654,1087.448,tt1256022,1086.275,"['Barry leads the others out.', 'The group rushes to the alarm.', 'Sheldon, Leonard, and Raj follow Barry.', 'They run towards the fire alarm.', 'The friends exit the lab quickly.']",Kripke's robot follows.
2655,1090.868,tt1256022,1088.043,"['Leonard, Raj, and Barry watch as robots run down the hall.', 'The men cheer and clap as robots pass by them.', 'Leonard, Raj, and Barry stand and watch as robots run by.', 'Robots run down the hall as the men cheer and clap.', 'Barry, Leonard, and Raj stand together, clapping at robots.']","Sheldon and Kripke run after the robots, which race down the hallway."
2656,1115.935,tt1256022,1114.205,"['Sheldon speaks as Leonard and Raj look on.', 'Leonard and Raj gaze at Sheldon.', 'Sheldon addresses his friends at the table.', ""Raj and Leonard observe Sheldon's words."", ""The trio focuses on Sheldon's conversation.""]",Howard and Penny rush in.
2657,1119.105,tt1256022,1117.529,"['Sheldon stands, speaking to Leonard and Raj.', 'Leonard listens as Sheldon speaks, Raj holds a remote.', 'Sheldon addresses Leonard and Raj, remote held by Raj.', 'Sheldon stands, speaking, with Raj holding a remote nearby.', 'Raj holds a remote, Sheldon speaks to Leonard.']",A bandage covers Howard's nose.
2658,153.087,tt1256023,150.621,"['Sheldon sits, while Barry stands beside him.', 'Barry talks to Leonard, who sits with others.', 'Barry converses with Leonard at a table.', 'Leonard sits with people, as Barry stands nearby.', 'Barry stands, speaking to Leonard at a gathering.']",Kripke rolls his eyes and walks out.
2659,200.334,tt1256023,197.849,"['Penny covers her face with her hands, then Leonard stands up and walks away.', 'Leonard looks at the laptop, then walks away from Penny.', 'Penny looks at the laptop, covering her face with her hands.', 'Leonard looks at the laptop, then gets up and leaves.', 'Penny looks at the laptop, then Leonard walks away.']","In the kitchen, Sheldon makes tea as he talks on his cell phone."
2660,233.821,tt1256023,233.286,"['Sheldon talks on phone, Leonard eats cereal.', 'Leonard looks at Penny eating cereal.', 'Penny uses laptop, Leonard eats cereal.', 'Leonard eats cereal, Penny looks at him.', 'Sheldon talks, Leonard eats cereal.']",He hangs up.
2661,235.198,tt1256023,234.089,"['Penny looks at the laptop.', 'Leonard talks to Penny.', 'Sheldon eats cereal.', 'Penny and Leonard glance at each other.', 'Leonard holds the phone.']",Penny stares at Sheldon.
2662,293.358,tt1256023,292.494,"['Sheldon presses the doorbell.', 'Penny opens the door.', 'Sheldon looks at Penny.', 'Penny looks at Sheldon.', 'Sheldon rings the doorbell.']",Penny opens the door.
2663,295.894,tt1256023,295.068,"['Penny hands Sheldon a paper.', 'Sheldon reads the paper handed.', 'Penny gives Sheldon a paper.', 'Sheldon reads the handed paper.', 'Penny hands Sheldon a read.']",He hands her papers.
2664,301.351,tt1256023,300.389,"['Penny reads a paper.', 'Sheldon talks to Penny.', 'Penny looks at the paper.', 'Sheldon talks to Penny.', 'Penny reads quietly.']",She studies the papers.
2665,386.817,tt1256023,381.145,"['Penny holds a paper and talks to Sheldon, who listens and nods, their eyes locked on each other.', 'Sheldon nods as Penny speaks, his eyes fixed on the paper in his hand.', 'Penny looks at Sheldon, who examines a paper, their interaction intense and focused.', 'Sheldon listens attentively as Penny talks, his eyes scanning the paper in his hand.', 'Penny discusses something with Sheldon, who nods and looks at the paper, their conversation serious and deliberate.']","Next, in his living room, he reads questionnaire answers while Leonard works at his desk."
2666,417.237,tt1256023,416.123,"['Leonard holds papers for Sheldon.', ""Sheldon listens to Leonard's words."", ""Leonard looks at Sheldon's face."", ""Sheldon gazes at Leonard's papers."", 'Leonard stands, speaking to Sheldon.']",He stands beside Sheldon.
2667,521.355,tt1256023,520.569,"['Sheldon walks towards Leonard.', 'Sheldon holds a book.', 'Leonard watches Sheldon.', 'Sheldon approaches Leonard.', 'Sheldon holds a bag.']",Sheldon walks out.
2668,528.775,tt1256023,524.673,"['Jeremy walks to the counter and interacts with the cashier, while Sheldon enters and does the same.', 'Jeremy enters the room, walks to the counter, and interacts with the cashier, alongside Sheldon.', 'Sheldon enters the room, walks to the counter, and interacts with the cashier, as Jeremy does the same.', 'Jeremy and Sheldon both enter the room, approach the counter, and interact with the cashier.', 'Jeremy and Sheldon walk to the counter, interacting with the cashier as they go.']","At a library, Leonard stands in line behind Sheldon, who gazes at a gray-haired woman's book."
2669,543.866,tt1256023,542.638,"['Sheldon holds a book, looks at screen.', 'Leonard and Sheldon browse books together.', 'Sheldon shows book to the woman.', 'Sheldon examines computer screen with the clerk.', 'Sheldon interacts with bookstore staff.']",The woman steps out of the line.
2670,577.731,tt1256023,574.797,"['Sheldon bends over a toy train set.', 'Jeremy stands behind a counter as Sheldon examines the train set.', 'Sheldon looks at the toy train set while Jeremy stands nearby.', 'Sheldon focuses on the toy train set, with Jeremy at the counter.', 'Sheldon is engrossed in the toy train set, with Jeremy present.']",Sheldon ambles to the children's section and touches a toy train.
2671,582.543,tt1256023,581.489,"['Sheldon bends over the table.', 'Sheldon stands up straight.', 'Sheldon looks at the table.', 'Sheldon and Jeremy look at the table.', 'Sheldon stands up, looks at table.']",He peruses the books.
2672,771.154,tt1256023,768.413,"['Sheldon stands in front of the whiteboard, speaking with Leonard.', 'Leonard stands in front of the whiteboard, surrounded by Raj and Howard.', 'Sheldon talks on the phone, with Howard and Raj nearby.', 'Raj and Howard stand near Sheldon, who is speaking with Leonard.', 'The friends gather around the whiteboard, with Sheldon at the center.']","At the whiteboard, Howard adds boxes to Sheldon's algorithm."
2673,818.388,tt1256023,816.242,"['Sheldon points at the whiteboard to Howard.', 'Howard stands before Sheldon, who gestures to the board.', 'Sheldon gestures at the whiteboard in front of Howard.', 'Howard faces Sheldon, who is pointing at the whiteboard.', 'Sheldon points out something on the whiteboard to Howard.']",Sheldon hangs up and sits at his laptop computer.
2674,841.905,tt1256023,839.466,"['Sheldon Cooper adjusts his harness, then walks towards the climbing wall.', 'Barry Kripke helps Sheldon Cooper adjust his harness, then steps back.', 'Sheldon Cooper stands before Barry Kripke, adjusting his harness.', ""Barry Kripke adjusts Sheldon Cooper's harness, and Sheldon takes a step forward."", 'Sheldon Cooper walks towards the climbing wall after Barry Kripke adjusts his harness.']","At a gym, Kripke prepares to climb a rock wall."
2675,1088.291,tt1256023,1086.199,"['Penny hands Leonard a piece of paper.', 'Leonard walks towards Penny, taking the paper.', 'Penny claps her hands, Leonard stands up.', ""Leonard receives a paper from Penny's hand."", 'Penny hands Leonard a paper, he looks at it.']",Raj throws up his hands and stares at Sheldon.
2676,96.148,tt1256024,94.8,"['Blue sits, green sits down too.', 'Yellow and red walk away slowly.', 'Blue looks at the whiteboard.', 'Blue sits, others join him.', 'Characters take seats, one by one.']","Leonard, Howard, and Raj leave."
2677,100.828,tt1256024,99.46,"['Sheldon Cooper sits down slowly.', 'Sheldon Cooper takes a seat.', 'Sheldon Cooper sits on a chair.', 'Sheldon Cooper settles into the chair.', 'Sheldon Cooper sits down on the whiteboard.']",Sheldon stares at the whiteboard.
2678,102.658,tt1256024,101.464,"['Sheldon stands up and approaches.', 'Sheldon walks towards the whiteboard.', 'He looks at the whiteboard.', 'Sheldon stands up and heads towards.', 'He moves towards the board.']","They're right, it was the only option."
2679,134.431,tt1256024,133.488,"['Sheldon opens door for Penny.', 'Penny stops for Sheldon.', 'Sheldon lets Penny out.', 'Penny looks at Sheldon.', 'Sheldon opens door for her.']",Penny runs inside.
2680,136.435,tt1256024,134.701,"['Sheldon opens and closes the door for Penny.', 'Penny runs out, then back into the apartment.', ""Sheldon opens the door for Penny's quick exit."", 'Penny dashes out, then re-enters the apartment.', ""Sheldon closes the door after Penny's brief departure.""]","Still in the hall, Sheldon shuts the door."
2681,138.4,tt1256024,137.572,"['Sheldon opens the door.', 'Penny enters the room.', 'Sheldon greets Penny.', 'Sheldon holds the door.', 'Penny takes a drink.']",Penny opens the door.
2682,142.215,tt1256024,141.329,"['Sheldon looks at soda.', 'Penny hands Sheldon soda.', 'Sheldon walks away with soda.', 'Penny walks away from Sheldon.', 'Sheldon examines soda.']",Sheldon walks in.
2683,143.564,tt1256024,142.6,"['Penny walks into the room.', 'Sheldon stands and walks away.', 'Penny talks to Sheldon.', 'Sheldon walks away from Penny.', 'They walk out together.']",Penny closes the door.
2684,150.403,tt1256024,149.017,"['Penny throws the dart at the board.', 'Sheldon smiles at the bullseye.', 'Penny aims and hits the target.', ""Sheldon's smile at the perfect shot."", 'Penny scores a bullseye easily.']",He glances back at the whiteboard.
2685,152.388,tt1256024,150.847,"['Penny bends over the dartboard, while Sheldon looks on.', 'Sheldon stands beside Penny, gazing at the dartboard.', 'Penny examines the dartboard, with Sheldon nearby.', 'Penny and Sheldon jointly focus on the dartboard.', 'Penny and Sheldon gaze at the dartboard together.']",Penny presses one ear against the door.
2686,154.989,tt1256024,153.293,"['Penny leans on the door, while Sheldon stands beside her.', 'Sheldon speaks beside Penny as she leans on the door.', 'Penny leans on the door as Sheldon talks to her.', 'Sheldon stands beside Penny, who leans on the door.', 'Penny leans on the door, with Sheldon speaking nearby.']",Sheldon steps over to the door and listens.
2687,212.904,tt1256024,210.111,"['Sheldon walks towards Penny and hands her a piece of paper.', 'Penny sits on the couch as Sheldon approaches her with a paper.', 'Sheldon hands Penny a paper while standing next to the couch.', 'Penny receives a paper from Sheldon, who walks towards her.', 'Sheldon walks over to Penny and gives her a piece of paper.']",He skips over to a bookshelf and picks up a peanut brittle can.
2688,215.927,tt1256024,213.192,"['Sheldon hands Penny a paper.', 'Penny looks at the paper Sheldon gave her.', 'Sheldon walks towards Penny and hands her a paper.', 'Penny looks at the paper handed by Sheldon.', 'Sheldon hands Penny a paper, and she looks at it.']","As he removes the lid, cloth-covered springs pop out."
2689,219.701,tt1256024,217.197,"['Penny throws darts, Sheldon catches them with a cup.', 'Sheldon catches darts with a cup, Penny looks on.', 'Penny throws darts, Sheldon catches them with a steady hand.', ""Sheldon holds a cup to catch Penny's thrown darts."", 'Penny throws, Sheldon catches, their eyes meet briefly.']",He pulls a stack of cash from the can and offers it to Penny.
2690,287.007,tt1256024,285.97,"[""Penny takes Sheldon's money."", ""Sheldon's money is taken."", 'Penny walks away with cash.', 'She pockets the money.', ""Penny pockets Sheldon's cash.""]",She takes several bills.
2691,292.633,tt1256024,291.077,"['Penny takes the money from Sheldon.', 'Sheldon hands Penny some cash.', 'Penny counts the money Sheldon gave.', 'Sheldon gives Penny a sum of money.', 'Penny pockets the money from Sheldon.']","She glances up, then takes more bills."
2692,293.919,tt1256024,293.074,"['Sheldon gives Penny money.', 'Penny counts the cash.', 'Sheldon hands Penny cash.', 'Penny pockets the money.', 'Sheldon gives her money.']",Sheldon stares at her.
2693,300.131,tt1256024,296.484,"['Penny hands Sheldon money, which he counts and pockets.', 'Sheldon receives money from Penny and quickly counts it.', 'Penny gives Sheldon a wad of cash, which he puts away.', 'Sheldon takes the money Penny offers, counting it with interest.', 'Penny hands Sheldon a sum of money, which he swiftly counts.']","Penny puts one bill in his hand, then takes it back, along with more cash."
2694,418.247,tt1256024,417.325,"['Penny runs away quickly.', 'Leonard and Sheldon look at each other.', 'Penny holds papers and box.', 'Leonard and Sheldon share a glance.', 'Penny leaves with box and papers.']",She hurries upstairs.
2695,420.665,tt1256024,419.57,"['Sheldon looks up at Leonard.', 'Leonard reads, Sheldon looks up.', 'Sheldon looks up at the paper.', 'Leonard reads, Sheldon gazes up.', 'Sheldon raises his eyes to Leonard.']",Leonard turns to Sheldon.
2696,469.526,tt1256024,468.988,"['Penny watches TV.', 'Leonard eats food.', 'Penny and Leonard eat.', 'Leonard talks to Raj.', 'They eat food.']",They smile.
2697,547.598,tt1256024,546.0,"['Penny gives Leonard a drink.', 'Leonard drinks the drink handed by Penny.', 'Penny slaps Leonard and walks away.', 'Penny gives and then slaps Leonard.', 'Leonard receives a drink, then gets slapped.']","Raj returns, then steps out again."
2698,555.218,tt1256024,554.256,"['Penny walks away from Leonard.', 'Leonard talks to Penny nearby.', 'Sheldon eats while sitting.', 'Penny holds a plate of food.', 'Leonard talks to Penny standing.']",Penny picks up her food.
2699,560.279,tt1256024,559.721,"['Penny walks out.', 'Penny opens door.', 'Penny walks back.', 'Penny enters room.', 'Penny walks in.']",Penny leaves.
2700,593.113,tt1256024,592.343,"['Leonard enters the room.', 'He opens the door.', 'Leonard walks in.', 'He enters the room.', 'Leonard opens the door.']",Leonard walks in.
2701,780.638,tt1256024,779.87,"['Penny looks at Leonard.', 'Leonard holds a candle.', 'Penny looks at Leonard.', 'Leonard holds a candle.', 'Penny looks at Leonard.']",She smiles.
2702,806.795,tt1256024,805.93,"['Raj looks at Leonard.', 'Leonard speaks to Raj.', 'Raj focuses on the game.', ""Leonard addresses Raj's attention."", 'Raj eyes the board game.']",Leonard shuffles in.
2703,816.013,tt1256024,814.956,"['Howard rolls the dice.', 'Howard moves the token.', 'Howard interacts with the board.', 'He rolls the dice now.', 'Howard takes a roll.']",Howard taps his own chest.
2704,886.705,tt1256024,884.21,"['Sheldon stands up and walks towards the table, sitting down beside Howard.', 'Howard looks at Sheldon as he takes a seat at the table.', 'Sheldon and Howard sit together at the table, engaged in a game.', 'Sheldon walks over to the table, joining Howard in a board game.', 'Sheldon and Howard sit at the table, focusing on their board game.']","Sheldon glances at Howard and Raj, then turns to Leonard."
2705,917.375,tt1256024,915.878,"['Leonard stands, Sheldon beside him.', 'Leonard and Sheldon sit together.', 'Leonard and Sheldon converse near the dartboard.', 'Sheldon sits, Leonard nearby, with the dartboard visible.', 'Leonard and Sheldon sit, surrounded by the dartboard.']","Leonard walks out, then returns."
2706,951.381,tt1256024,949.002,"['Leonard points at the wall, where a number is visible.', 'Raj stares at the wall with Leonard pointing nearby.', 'Sheldon stands in front of his friends, looking away.', 'Howard stands with Leonard and Raj, gazing at the wall.', ""Leonard's finger follows the number on the wall, catching Raj's attention.""]",Leonard's friends stand straight and puff out their chests.
2707,952.724,tt1256024,952.072,"['Sheldon points at Raj.', 'Leonard and friends look around.', 'Raj stands still.', 'Sheldon gestures at Raj.', 'They scan the area.']",Leonard knocks.
2708,957.618,tt1256024,956.14,"['Raj points at the door.', 'The others stare at the door.', 'Raj gestures at the door.', 'They stand and look at Raj.', 'Raj indicates the door to them.']","Holding a beer, Kurt opens the door."
2709,960.535,tt1256024,959.306,"['Leonard enters the room.', 'Leonard gazes at himself.', 'Leonard looks at the mirror.', 'Leonard repeatedly looks at his reflection.', 'Leonard examines his appearance.']",Howard makes the sign of the cross.
2710,997.195,tt1256024,994.778,"['Leonard holds a beer bottle and touches his forehead.', 'Raj looks at Leonard while he touches his forehead.', 'Leonard holds a beer bottle and looks at Raj.', 'Raj and Leonard interact while Leonard holds a beer.', 'Leonard touches his forehead while holding a beer bottle.']","As Kurt moves to smooth his own hair, Leonard flinches."
2711,1007.535,tt1256024,1006.519,"['Leonard turns to Raj and Howard.', 'Sheldon and Leonard look at them.', 'Leonard and Sheldon face Raj and Howard.', 'Sheldon and Leonard turn to them.', 'Leonard and Sheldon glance at Raj and Howard.']",Kurt closes the door.
2712,1036.204,tt1256024,1034.737,"['Sheldon points at the door.', 'Raj stands in front, others behind.', 'Sheldon gestures to the door.', 'He points at the door.', 'Sheldon stands, pointing to the door.']","Howard, Raj, and Sheldon leave."
2713,1044.628,tt1256024,1043.836,"['He walks to door.', 'He knocks on door.', 'He looks around door.', 'He approaches door.', 'He knocks on door.']",He knocks on the door.
2714,1046.866,tt1256024,1045.998,"['Leonard opens the door.', 'Leonard walks to the door.', 'Leonard looks inside the door.', 'He opens the door slowly.', 'Leonard enters the space.']",Kurt opens the door.
2715,1069.077,tt1256024,1066.395,"[""Leonard looks at Raj, who's looking at the road."", 'Sheldon stares at Raj from the backseat.', 'Leonard and Raj glance at each other.', 'Leonard drives, with Sheldon observing Raj.', 'Raj looks ahead, with Sheldon and Leonard watching.']","Next, Sheldon, Raj, and Howard ride in Leonard's car."
2716,94.44,tt1256025,92.037,"['Leonard puts down the phone and texts.', 'Penny and Howard stand behind Leonard as he texts.', 'Raj looks at Leonard as he types away.', 'Sheldon stands next to Leonard, watching him text.', 'Leonard types on his phone with Penny and Howard nearby.']","Leonard hangs up and faces the others, who stare at him."
2717,98.833,tt1256025,97.871,"['Leonard stands talking to Penny.', 'Penny looks at Leonard speaking.', 'Leonard talks to seated Penny.', 'Penny gazes at talking Leonard.', 'Leonard converses with Penny sitting.']",Power turns to Sheldon.
2718,130.577,tt1256025,126.097,"['Penny looks at Dr. Hofstadter as they enter the elevator together.', 'Dr. Hofstadter and Penny enter the elevator, exchanging a brief glance.', 'Penny and Dr. Hofstadter step into the elevator, their eyes meeting briefly.', 'Penny and Dr. Hofstadter enter the elevator, each looking at the other.', 'Dr. Hofstadter and Penny enter the elevator, their gazes crossing in a fleeting moment.']","Carrying an empty laundry basket, Penny approaches a brunette woman staring at the taped-off elevator."
2719,183.147,tt1256025,181.841,"['Beverly shakes hands with Penny.', 'Penny holds a laundry basket.', 'Beverly and Penny shake hands.', 'Penny holds a laundry basket.', 'Beverly shakes hands with her.']",Beverly shakes Penny's hand.
2720,193.202,tt1256025,192.318,"['Beverly pulls a suitcase.', 'Penny carries a laundry basket.', 'Beverly looks at Penny.', 'Penny walks up the stairs.', 'Beverly pulls a suitcase up stairs.']",They walk upstairs.
2721,235.72,tt1256025,234.854,"['Penny and Beverly look at each other.', 'Penny and Beverly enter the elevator.', 'Beverly and Penny gaze at each other.', 'They step into the elevator together.', 'Penny and Beverly walk into the elevator.']",They reach another floor.
2722,236.93,tt1256025,235.873,"['Penny looks at Beverly.', 'Beverly talks to Penny.', 'Penny looks at Beverly.', 'Beverly and Penny interact.', 'Penny faces Beverly.']",Beverly stares at Penny.
2723,269.528,tt1256025,267.992,"['Beverly looks at Penny holding laundry.', 'Penny holds laundry as Beverly examines.', ""Beverly inspects Penny's basket of laundry."", 'Penny holds laundry as Beverly observes.', 'Beverly looks at Penny with laundry.']",They walk upstairs.
2724,295.114,tt1256025,293.925,"['Penny knocks on the door.', 'Beverly opens the door.', 'Penny enters the room.', 'Beverly talks to Penny.', 'Penny knocks on the door again.']",Penny knocks on Leonard's door.
2725,295.939,tt1256025,295.44,"['Penny knocks three times.', 'Penny knocks repeatedly.', 'Beverly looks at Penny.', 'Penny knocks and waits.', 'Penny knocks three times again.']",He opens it.
2726,310.427,tt1256025,308.105,"['Leonard pulls a suitcase as he enters the room with Beverly.', 'Beverly talks to a man in a lab coat holding a paper.', 'Leonard and Beverly enter a room, both with a suitcase.', 'Beverly converses with a lab-coated man holding a piece of paper.', 'Leonard pulls a suitcase as they enter a room together.']","Beverly walks past Leonard, who picks up her suitcase."
2727,314.763,tt1256025,313.228,"['Beverly holds a cup and saucer.', 'Leonard pulls a suitcase behind him.', 'Beverly looks at Leonard on the floor.', 'Leonard looks down, holding back.', 'Beverly holds a cup, Leonard trails behind.']","Later, Leonard serves her mother tea."
2728,326.756,tt1256025,325.931,"['Leonard takes the cup.', 'Beverly hands Leonard the cup.', 'Beverly puts down the cup.', 'Leonard receives the cup.', 'Sheldon watches Leonard.']",She sips the tea.
2729,331.246,tt1256025,329.96,"['Leonard and Sheldon hold cups standing.', 'Sheldon and Leonard stand with cups.', 'Leonard and Sheldon hold cups together.', 'Sheldon and Leonard hold cups upright.', 'Leonard and Sheldon stand with cups held.']",She hands the teacup to Leonard.
2730,334.964,tt1256025,333.063,"['Leonard and Sheldon hold cups and converse.', 'Sheldon sits on the couch with Beverly.', 'Leonard and Sheldon share cups in conversation.', 'Sheldon talks with Beverly on the couch.', 'Leonard and Sheldon hold cups together.']",Sheldon sits nearby.
2731,420.578,tt1256025,419.005,"['Beverly walks towards Leonard and Sheldon.', 'Leonard and Sheldon watch Beverly approach.', 'Beverly heads towards the whiteboard.', 'Beverly stands up and walks to the couch.', 'Beverly walks towards the men on the couch.']",She puts her teacup down and stands.
2732,424.206,tt1256025,423.132,"['Leonard and Sheldon sit on the couch.', 'Beverly walks away from the room.', 'Beverly exits the living room.', 'Sheldon and Leonard sit together.', 'Beverly leaves the living room.']",She walks to the bathroom.
2733,470.038,tt1256025,466.755,"['Sheldon holds a bottle of water while talking to Leonard.', 'Sheldon talks to Leonard while holding a bottle of water.', 'Sheldon holds a bottle of water as he converses with Leonard.', 'Sheldon Cooper holds a bottle of water, speaking to Leonard.', 'Sheldon holds a bottle of water while discussing something with Leonard.']","Later, Beverly sits with Leonard and his friends in the university cafeteria."
2734,550.651,tt1256025,549.922,"['Sheldon looks at her.', 'Raj and Howard glance at each other.', 'Sheldon gazes at Dr. Beverly.', 'Raj and Howard stare at each other.', 'Sheldon eyes the water bottle.']",Beverly returns.
2735,684.92,tt1256025,684.034,"['Howard speaks to Raj.', 'Raj listens to Howard.', 'Sheldon looks at them.', 'Water bottle and soda can sit.', 'Howard and Raj converse.']",Sheldon stares at them.
2736,704.1,tt1256025,702.926,"['Penny walks away from Leonard.', 'Leonard enters the room, then Penny leaves.', 'Penny holds a bottle, then walks away.', 'Leonard enters, Penny talks, then exits.', 'Penny walks away from Leonard holding a bottle.']",She hands him a bottle of wine.
2737,717.568,tt1256025,715.911,"['Penny pours wine, Leonard sits down.', 'Penny pours wine, Leonard takes a seat.', 'Leonard sits, Penny pours wine for him.', 'Penny pours wine, Leonard settles on couch.', 'Leonard sits, Penny hands him wine.']",He puts the wine bottle on the coffee table.
2738,946.242,tt1256025,944.86,"['Penny holds a wine glass beside Leonard.', ""Leonard listens to Penny's words."", 'Penny and Leonard sit together.', 'Penny looks at Leonard with a glass.', 'Penny and Leonard sit with drinks.']",Leonard licks salt off Penny's neck.
2739,953.172,tt1256025,952.29,"['Penny drinks wine.', 'Leonard sips water.', 'Penny takes a sip.', 'They share a drink.', 'Penny holds wine.']",Leonard drinks a shot.
2740,966.25,tt1256025,965.846,"['Penny hugs Leonard.', 'Leonard holds the remote.', 'Penny eats food.', 'Leonard looks at Penny.', 'Penny hugs Leonard.']",They kiss.
2741,974.772,tt1256025,972.987,"[""Penny repeatedly kisses Leonard's cheek and mouth."", 'Leonard receives multiple kisses from Penny.', ""Penny's lips touch Leonard's face multiple times."", ""Leonard's face is kissed by Penny repeatedly."", ""Penny's kisses cover Leonard's cheek and mouth.""]","Across the hall, Sheldon sits with Beverly."
2742,1037.125,tt1256025,1035.647,"['Sheldon listens attentively to Beverly.', 'Beverly talks to attentive Sheldon.', ""Sheldon focuses on Beverly's words."", ""Beverly addresses Sheldon's gaze."", 'Sheldon sits with a coffee cup.']","In her bed, Penny makes out with Leonard."
2743,1132.597,tt1256025,1130.254,"['Beverly hugs Leonard before walking away.', 'Leonard is hugged by Beverly before she departs.', 'Beverly gives Leonard a quick hug and exits.', 'Leonard is hugged and then left by Beverly.', 'Beverly hugs Leonard and walks away with her suitcase.']","She holds out her arms, then pats Leonard's head as he hugs her."
2744,1134.518,tt1256025,1133.712,"['Leonard hugs Beverly, then walks away.', 'Beverly hugs Leonard, then leaves.', 'Leonard and Beverly share a hug.', 'Beverly and Leonard hug, then separate.', 'They share a brief hug and part.']",She pushes him away.
2745,69.551,tt1256026,68.567,"['Sheldon holds a gun.', 'Leonard listens to Sheldon.', 'Raj looks at Sheldon.', 'Howard looks at Sheldon.', 'Sheldon holds a gun.']",The others stare at Sheldon.
2746,84.774,tt1256026,83.503,"['Howard runs back into the room.', 'Howard looks around the room.', 'Howard runs out and back in.', 'Howard enters and exits quickly.', 'Howard runs in and out fast.']","Sheldon, Leonard, and Raj run out."
2747,94.893,tt1256026,90.499,"['Howard Wolowitz runs into the room and quickly exits, looking around.', 'Howard Wolowitz rushes into the room, glances around, and then leaves.', 'Howard Wolowitz bursts into the room, takes a quick look around, and exits.', 'Howard Wolowitz enters the room, looks around briefly, and then quickly exits.', 'Howard Wolowitz enters, looks around the room, and quickly exits.']","A player wearing pads and camouflage rolls into the barn, then stands and points a paintball handgun at Howard."
2748,98.594,tt1256026,97.592,"['Howard jumps behind a wall.', 'Howard takes cover behind a wall.', 'Howard stands up and looks around.', 'Howard looks around cautiously.', 'Howard peeks from behind a wall.']",Leslie lifts her visor.
2749,144.276,tt1256026,143.292,"['Leslie looks at Howard running.', 'Howard runs from Leslie.', 'Leslie watches Howard flee.', 'Howard runs away quickly.', 'Leslie sees Howard go.']",Howard fumbles his gun.
2750,161.99,tt1256026,161.006,"['Leslie kisses Howard holding a gun.', 'Howard holds a gun while kissed.', 'Leslie kisses Howard with a gun.', 'Howard is kissed with gun in hand.', 'Leslie kisses Howard, gun nearby.']",Leslie kisses Howard.
2751,169.264,tt1256026,168.298,"['Leslie kisses Howard on a hay bale.', 'Howard holds a gun on his lap.', 'Leslie holds a gun in her hand.', 'Howard and Leslie wear helmets and hold guns.', 'Leslie and Howard sit on a hay bale.']",War is hell.
2752,198.926,tt1256026,197.751,"['Leonard and friends sit down to eat.', 'The four friends gather for a meal.', 'Sheldon, Howard, Raj, and Leonard dine together.', 'They all look at each other at the table.', 'Leonard, Raj, Howard, and Sheldon eat together.']",The university cafeteria.
2753,221.823,tt1256026,220.667,"['Leslie looks at Sheldon and Leonard.', 'Sheldon and Leonard listen to Leslie.', 'Leslie holds a bottle of water.', 'Leslie focuses on Sheldon and Leonard.', 'She addresses the group with a bottle.']",Leslie walks off.
2754,272.458,tt1256026,271.363,"['Raj talks to Howard, near sandwiches.', ""Sheldon stares at Leonard's sandwiches."", 'Raj and Howard sit with sandwiches.', ""Sheldon looks at Leonard's table."", 'Raj and Howard share sandwiches.']",Howard fidgets in his chair.
2755,381.642,tt1256026,380.798,"['Penny walks to Leonard.', 'Leonard looks at Penny.', 'Penny approaches Leonard.', 'Leonard sits with laptop.', 'Penny stands up to Leonard.']",Penny slides over.
2756,385.634,tt1256026,384.982,"['Sheldon takes telescope.', 'Sheldon walks out.', 'Leonard looks at Sheldon.', 'Sheldon picks up telescope.', 'Sheldon exits with telescope.']",Sheldon leaves.
2757,402.465,tt1256026,400.392,"['Penny holds a remote control while looking at Leonard.', 'Leonard sits and listens as Penny talks to him.', 'Penny stands and talks to seated Leonard.', 'Penny holds a remote control, gazing at Leonard.', 'Leonard sits, and Penny stands, holding a remote.']",She picks up a paintball rifle.
2758,418.024,tt1256026,415.549,"['Penny points at the couch with a green stain.', 'Leonard holds a red book while Penny gestures.', 'Penny looks at Leonard, who examines the book.', 'Penny points at the couch, with Leonard nearby.', ""Leonard holds a book, with Penny's hand gesturing nearby.""]",She shoots a green paintball onto Sheldon's spot on the couch.
2759,420.749,tt1256026,418.331,"['Penny stands, looking at Leonard and holding a green object.', 'Leonard listens as Penny speaks, holding a green object.', 'Penny holds a green object, speaking to Leonard.', 'Penny talks to Leonard, holding a green object nearby.', 'Leonard listens as Penny holds a green object.']","With their jaws dropped, Penny and Leonard exchange stares."
2760,424.318,tt1256026,421.939,"['Howard lies on the couch, looking at Leslie.', 'Leslie sits beside Howard, gazing at him.', 'Howard talks to Leslie, who listens intently.', 'Howard and Leslie sit together on the couch.', 'Howard and Leslie share a moment on the couch.']","Elsewhere, Howard smiles as he lies in bed with Leslie."
2761,524.269,tt1256026,522.868,"['Leslie cleans the couch with Howard watching.', 'Howard watches Leslie clean the couch.', 'Leslie wipes down the couch with a cloth.', 'Howard stands next to Leslie cleaning.', 'Leslie cleans the couch with a sponge.']","Standing behind him, Penny watches."
2762,628.538,tt1256026,627.386,"['Penny holds a book, talking to Sheldon.', 'Sheldon holds a book, discussing with Penny.', 'Penny and Sheldon stand, book in hand.', 'Sheldon and Penny converse, both holding books.', 'Penny and Sheldon interact, book-wielding duo.']",Sheldon studies a comic book.
2763,639.649,tt1256026,636.674,"['Sheldon sits on the couch, reading a book.', 'Leonard watches as Sheldon throws a dart.', 'Sheldon looks at Leonard, then at Penny, while reading.', 'Sheldon throws a dart, sitting on the couch.', 'Sheldon reads a book on the couch, with a dart nearby.']",Sheldon sits on a sofa cushion.
2764,643.692,tt1256026,641.368,"['Sheldon sits on the couch, reading a comic book.', 'Sheldon reads a comic book on the couch.', 'He sits on the couch, flipping through a comic book.', 'Sheldon reads a comic book on the couch, motionless.', 'Sheldon reads a comic book on the couch, engrossed.']","Fidgeting, he crosses his legs one way, then the other."
2765,650.683,tt1256026,643.712,"['Sheldon puts the magazine on the table and then places the remote control next to it.', 'Sheldon sits on the couch and interacts with the remote and magazine on the table.', 'Sheldon takes the remote and magazine from the coffee table, placing them on the table.', 'Sheldon puts the remote and magazine down on the table, examining them briefly.', 'Sheldon sets the remote and magazine down on the table, taking a moment to glance at them.']",He puts both feet on the floor and sits up.
2766,679.678,tt1256026,676.624,"['Penny throws a dart, and Sheldon jumps on the couch.', 'Sheldon jumps on the couch as Penny throws a dart.', 'Penny throws a dart, and Sheldon springs onto the couch.', 'Sheldon leaps onto the couch as Penny throws a dart.', 'Penny throws a dart, and Sheldon lands on the couch.']","Sheldon stands and flips over the cushion, revealing the green paint stain."
2767,681.618,tt1256026,680.005,"['Sheldon walks towards the sofa.', 'Sheldon and Leonard walk towards the sofa.', 'Sheldon and Penny follow him towards the sofa.', 'Leonard and Penny follow Sheldon to the sofa.', 'Sheldon, Leonard, and Penny walk to the sofa.']","With mouth agape, he turns to Leonard."
2768,691.18,tt1256026,689.336,"['Penny eats with chopsticks, Leonard does the same.', 'Sheldon eats alone, Penny and Leonard dine together.', 'Penny and Leonard eat with chopsticks, Sheldon joins in.', 'Leonard and Penny share food, Sheldon eats separately.', 'The trio eats with chopsticks in the living room.']","In the living room, the friends eat Chinese food."
2769,693.907,tt1256026,691.487,"['Penny and friends eat with chopsticks, gazing at phones.', 'The friends sit together, eating and checking phones.', 'Leonard, Raj, and Howard join Penny in eating with chopsticks.', 'The group eats with chopsticks, their eyes on their phones.', 'Penny and the gang eat, phones in hand, with chopsticks.']","Beside Penny, Sheldon sits on the arm of Leonard's chair."
2770,695.596,tt1256026,694.271,"['Leonard and Howard eat Chinese food.', 'Penny looks at Raj while eating.', 'Sheldon watches Leonard and Howard eat.', 'Penny and Raj sit together eating.', 'The friends enjoy Chinese food together.']",Howard and Raj sit on the sofa.
2771,701.76,tt1256026,699.033,"['Howard and Raj use chopsticks to eat, while Sheldon holds a tray.', 'Sheldon stands holding a tray, observing Howard and Raj eat with chopsticks.', 'Howard and Raj eat with chopsticks, as Sheldon watches from a distance.', 'Sheldon holds a tray, while Howard and Raj use chopsticks to eat nearby.', 'Howard and Raj use chopsticks, while Sheldon stands holding a tray, looking on.']",Sheldon glances over at his spot where the cushion is missing.
2772,710.114,tt1256026,707.541,"['Penny and Leonard eat with chopsticks, Howard and Sheldon stand nearby.', 'Penny and Leonard take bites, Howard and Sheldon hold cups and plates.', 'Leonard takes a spoonful, Penny holds a bowl, Howard and Sheldon stand eating.', 'Penny and Leonard eat, Howard and Sheldon stand with plates and cups.', 'Penny and Leonard eat with chopsticks, Howard and Sheldon hold cups and plates nearby.']",He walks over to the sofa and sits on the arm beside his spot.
2773,718.824,tt1256026,716.576,"['Sheldon holds a plate of food and looks at Leonard.', 'Sheldon holds food and gets attention from others.', 'Sheldon looks at Leonard, Howard, Penny, and Raj.', 'Sheldon holds food and receives gazes from friends.', 'Sheldon holds food and is the center of attention.']","He stands, turns around, and straddles the arm."
2774,725.855,tt1256026,724.682,"['Penny eats Chinese food.', 'Howard walks towards them.', 'Leonard and Penny eat Chinese food.', 'Raj eats Chinese food quietly.', 'Howard approaches the table.']",He stands and faces Leonard.
2775,827.904,tt1256026,825.964,"['Leonard and Penny eat their food together.', 'Sheldon talks to Penny while eating his food.', 'Leonard looks at Penny as they eat.', 'Sheldon eats his food while chatting with Penny.', 'Penny and Leonard eat their meals side by side.']","Near the kitchen, Sheldon sits on a small table."
2776,843.322,tt1256026,842.305,"['Raj eats with chopsticks.', 'Howard stands near Penny eating.', 'Raj takes a bite with chopsticks.', 'Penny eats with a cup.', 'Howard watches Raj eat.']",Howard gazes a penny.
2777,974.451,tt1256026,972.359,"['Sheldon eats cereal while Leonard joins him on the couch.', 'Leonard sits beside Sheldon as he eats cereal.', 'Sheldon looks at Leonard as he sits next to him.', 'Sheldon continues eating cereal as Leonard enters the room.', 'Leonard enters and sits beside Sheldon on the couch.']",Leonard strolls out of his room and furrows his brow.
2778,989.186,tt1256026,986.558,"[""Leonard sits beside Sheldon, who's eating cereal."", 'Sheldon eats cereal as Leonard sits beside him.', ""Leonard sits next to Sheldon, who's having breakfast."", 'Sheldon enjoys cereal while Leonard joins him on the couch.', 'Leonard and Sheldon sit together, with Sheldon eating cereal.']","Leonard opens the front door for Penny, who holds the clean cushion."
2779,1003.558,tt1256026,1002.791,"['Sheldon hands Penny cereal.', 'Penny takes a bowl.', 'Sheldon walks towards Penny.', 'Sheldon gives Penny cereal.', 'Penny receives cereal.']",Sheldon stands.
2780,1005.746,tt1256026,1004.269,"['Sheldon hands Penny popcorn.', 'Penny kicks Sheldon away.', 'Penny takes popcorn from Sheldon.', 'Sheldon crosses his arms after.', 'Penny walks away with popcorn.']",Penny places the cushion on the sofa.
2781,1026.873,tt1256026,1023.781,"['Sheldon blows on the lamp, then turns and walks away.', 'Sheldon leans on the lamp, blows, and walks away.', 'Sheldon blows on the lamp, then turns and leaves.', 'Sheldon leans on the lamp, blows, and walks.', 'Sheldon blows on the lamp and walks away.']",Sheldon leans over the cushion and sniffs as he wafts his hand in the air.
2782,1149.639,tt1256026,1148.046,"['Sheldon looks at Leslie Winkle.', 'Leslie talks to Leonard and Sheldon.', ""Sheldon gazes at Leslie's green shirt."", 'Leslie addresses Leonard and Sheldon together.', ""Sheldon focuses on Leslie's conversation.""]",Sheldon shoots Penny with a green paintball.
2783,190.624,tt1256027,188.231,"['Sheldon points at the laptop, gesturing to Leonard.', 'Leonard and Sheldon examine the laptop together.', 'Sheldon and Leonard focus on the laptop display.', ""Sheldon and Leonard discuss the laptop's contents."", 'Sheldon and Leonard look at the laptop screen.']",Sheldon attaches a tag to a pair of dark socks.
2784,212.919,tt1256027,212.341,"['Sheldon picks up the remote.', 'Sheldon turns on the laptop.', 'Leonard walks into the room.', 'Sheldon grabs the remote.', 'Sheldon turns on the laptop.']",Leonard leaves.
2785,215.118,tt1256027,213.44,"['Sheldon types on his laptop.', 'Sheldon sits on the bed typing.', 'He looks at his phone then types.', 'Sheldon starts typing on his laptop.', 'He begins typing on the computer.']","Sheldon scans a tag, then types."
2786,233.779,tt1256027,230.423,"['Sheldon Cooper looks at a laptop then walks out of the room.', 'Sheldon Cooper stands up from the bed and exits the room.', 'He looks at a laptop on the bed, then walks out of the room.', 'Sheldon Cooper gets up from the bed and walks away.', 'He stands up from the bed and leaves the room.']","On a train, Raj and Howard stow their bags on an overhead luggage rack."
2787,262.355,tt1256027,260.743,"['Sheldon holds a bag with others.', 'Leonard and Raj hold bags together.', 'Howard and others carry colorful bags.', 'Sheldon and friends hold various bags.', 'The group holds multiple colored bags.']",Raj and Howard exchange glances.
2788,266.829,tt1256027,264.43,"['Sheldon and Howard walk away together.', 'Raj walks away with a man in a yellow shirt.', 'Raj and the man in the yellow shirt walk away.', 'Sheldon and Howard engage in a conversation.', 'Raj and the man in the yellow shirt exit the scene.']",They stow their bags on the opposite side.
2789,287.792,tt1256027,285.393,"['Sheldon sits down with Leonard and Howard.', 'Leonard and Howard sit together, looking at something.', 'Sheldon and Howard sit, while Leonard stands nearby.', 'Howard and Leonard sit, gazing at a shared object.', 'Leonard, Howard, and Sheldon sit together, focused on something.']",Sheldon steps toward a small table with opposing seats.
2790,469.306,tt1256027,468.555,"['Howard looks up.', 'Leonard walks away.', 'Howard checks his watch.', 'Howard looks up again.', 'Leonard points at Howard.']",Raj hurries out.
2791,470.56,tt1256027,469.557,"['Yellow walks to green.', 'Green looks at yellow.', 'Yellow approaches green.', 'Green faces yellow.', 'Yellow arrives at green.']",Leonard turns to Howard.
2792,555.304,tt1256027,553.493,"['Leonard points to something on the table.', 'Howard looks at Leonard as he speaks.', 'Sheldon watches Leonard and Howard at the table.', 'Leonard gestures to Howard as they sit.', 'The three sit at a table with papers on it.']","Sitting back, Sheldon stares out the window."
2793,564.237,tt1256027,562.927,"['Leonard holds a card for Howard.', ""Sheldon looks at Leonard's card."", 'Howard listens to Leonard.', 'Leonard talks to Howard.', 'Sheldon gazes at Leonard.']",Leonard looks at his wristwatch.
2794,573.078,tt1256027,571.614,"['Howard walks away from her.', 'He stands up and walks away.', 'The man in yellow stands up.', 'He gets up and walks away.', 'The man in yellow walks away.']",Howard suddenly stands and turns.
2795,594.543,tt1256027,592.925,"['Howard walks to two nuns at a table.', 'Howard sits down with the nuns.', 'Howard talks to the nuns at a table.', 'Howard joins the nuns at the table.', 'Howard sits with the nuns, laptop nearby.']",Sheldon peers at his laptop screen.
2796,724.664,tt1256027,723.359,"['Sheldon holds a bottle, looking at Leonard.', 'Leonard talks on phone, Sheldon beside him.', 'Sheldon holds a bottle, Leonard looks on.', 'Leonard on phone, Sheldon holds a bottle.', 'Sheldon holds bottle, Leonard looks at him.']",SHELDON HANDS LEONARD THE PHONE.
2797,787.156,tt1256027,784.41,"['Raj holds a bottle, looking at Summer, who smiles.', 'Raj holds a bottle, gazing at Summer, who listens.', 'Raj holds a bottle, Summer smiles, and they look at each other.', 'Raj holds a bottle, Summer listens intently, eyes on him.', 'Raj holds a bottle, Summer smiles, her gaze fixed on him.']","Turning, Raj reaches over the seat, the empty beer bottle in his hand."
2798,792.991,tt1256027,790.285,"['Leonard approaches Howard as they converse in a scene.', 'Howard and Leonard engage in a discussion with each other.', 'Leonard and Howard are in a conversation, facing each other.', 'Howard and Leonard talk to each other, standing together.', 'The two friends, Leonard and Howard, chat with each other.']","Howard stares at Raj, then snatches the bottle out of his hand."
2799,891.456,tt1256027,889.462,"['Summer looks down, Howard looks up.', 'Howard looks up, Raj looks at the beer.', 'Summer looks down, Raj looks at the beer.', 'Raj looks at the beer bottle.', 'Howard looks up, Summer looks down.']","Holding the bottle, Howard steps to Raj."
2800,902.581,tt1256027,899.298,"['Sheldon holds a beer bottle, looking at it with Raj.', 'Howard stands behind Sheldon and Raj, who examine a beer bottle.', 'Sheldon and Raj look at a beer bottle, with Howard nearby.', 'Sheldon holds a beer bottle, with Raj and Howard in the background.', 'Raj and Sheldon examine a beer bottle, with Howard standing behind them.']","Raj stares at the bottle, then looks at Howard, who smiles as he nods."
2801,906.459,tt1256027,905.019,"['Howard stands near Summer at the table.', ""Summer looks up at Howard's standing figure."", 'Howard looks at Summer sitting at the table.', 'Howard approaches Summer at the table.', 'Summer and Howard face each other.']",Howard sits in Raj's place.
2802,912.947,tt1256027,910.759,"['Howard stands, speaking to Summer at the table.', 'Summer looks at Howard as he talks.', 'Howard talks to Summer, who listens intently.', ""Summer focuses on Howard's words."", 'Howard stands, engaging Summer in conversation.']",Penny sits on Sheldon's bed as she talks on the phone.
2803,1005.574,tt1256027,1003.348,"['Summer stands, while Howard sits, listening.', 'Howard sits, as Summer speaks to him.', 'Summer looks at Howard, who sits quietly.', ""Howard sits, focusing on Summer's words."", 'Summer addresses Howard, who listens attentively.']","In Sheldon's bedroom, Penny holds a small box."
2804,1037.387,tt1256027,1035.506,"['Penny walks around the room.', 'Penny walks and talks on the phone.', 'Penny walks around, on the phone.', 'Penny walks around the room, on phone.', 'Penny walks and talks on phone.']","She sets the box on the floor, then stomps on it."
2805,1039.172,tt1256027,1037.598,"['Penny steps on a toy while on phone.', 'Sheldon and Leonard sip coffee at a table.', 'Penny walks in the bedroom with phone.', 'Penny steps on a toy, near coffee cups.', 'Penny and friends enjoy coffee and conversation.']",She gazes down at the smashed box.
2806,1041.437,tt1256027,1040.65,"['Penny holds phones.', 'Sheldon answers calls.', 'Leonard joins the conversation.', 'Phones ring simultaneously.', 'Penny talks on phone.']",Sheldon smiles.
2807,1097.863,tt1256027,1095.867,"['Summer looks at a phone with Howard.', 'Howard and Summer laugh at a phone image.', 'They view a phone together, smiling.', 'Summer and Howard share a laugh on phone.', 'Howard shows Summer a funny phone picture.']",He slides his arm around her shoulder and smiles.
2808,1131.937,tt1256027,1130.633,"['Sheldon sits with beer and utensils.', 'Howard stands near Sheldon, talking.', 'Leonard looks at his phone beside Sheldon.', 'Sheldon and Howard converse with utensils nearby.', 'Howard stands, speaking to Sheldon and Leonard.']",Howard steps back to the table.
2809,1137.115,tt1256027,1135.618,"['Howard looks at Raj at the table.', 'Raj and Howard gaze at the table.', 'Howard and Raj examine the table.', 'Raj and Howard look at each other.', 'Howard looks at the table with Raj.']",Raj smiles as Howard sits.
2810,1139.438,tt1256027,1137.441,"['Raj and Howard sit at a table, looking at each other.', 'Leonard stands up, watching Raj and Howard at the table.', 'Summer looks at the man at the table, her focus elsewhere.', 'Raj and Howard sit, while Leonard stands, observing them.', 'Leonard stands, gazing at Raj and Howard seated at a table.']",His smile disappears when Howard turns to him.
2811,1144.313,tt1256027,1142.356,"['Blue walks while holding a book.', 'Blue holds a book and walks.', 'Blue walks, looking at yellow.', 'Blue walks, book in hand.', 'Blue walks while gazing at yellow.']","He strides down the car, then sits opposite her."
2812,61.389,tt1256028,60.737,"['Sheldon holds box.', 'Sheldon looks at them.', 'He holds a box.', 'Sheldon talks to them.', 'He holds box open.']",Sheldon leaves.
2813,82.132,tt1256028,81.863,"['Sheldon knocks.', 'Sheldon holds a package.', 'Sheldon looks inside.', 'Sheldon knocks on the door.', 'Sheldon holds and knocks.']",It's 11 a.m.
2814,103.999,tt1256028,103.04,"['Penny gives Sheldon a box.', 'Sheldon signs a paper.', 'Penny holds a box.', 'Sheldon examines the paper.', 'Penny hands Sheldon a box.']",A paper on a clipboard.
2815,250.167,tt1256028,249.054,"['Penny turns to Sheldon.', 'Sheldon walks away.', 'Penny speaks to Sheldon.', 'Sheldon listens to Penny.', 'Penny and Sheldon converse.']",Sheldon stares blankly.
2816,274.131,tt1256028,273.209,"['Sheldon looks at Penny.', 'Penny examines her phone.', 'Sheldon stares at Penny.', 'Penny stands near the couch.', 'Sheldon approaches Penny.']",Sheldon turns to leave.
2817,379.063,tt1256028,378.083,"['Sheldon looks at Penny.', 'Sheldon talks to Penny.', 'Penny listens to Sheldon.', 'Sheldon sits with Penny.', 'They sit together.']",Penny glares at Sheldon.
2818,432.889,tt1256028,430.97,"['Raj looks at Howard, then at Leonard.', 'Howard and Raj exchange glances.', ""Leonard focuses on Raj's expression."", 'The three friends share a moment.', 'Raj and Howard lock eyes.']","Howard, Leonard, and Raj step into the hallway."
2819,455.162,tt1256028,453.682,"['Sheldon and Leonard look at Penny playing.', 'Penny plays with a toy, watched by Sheldon and Leonard.', 'Sheldon, Leonard, and Penny focus on a toy.', 'Sheldon, Leonard, and Penny examine the toy.', 'Sheldon, Leonard, and Penny gaze at the toy.']",Penny and Sheldon make penny blossoms.
2820,540.899,tt1256028,539.112,"['Sheldon holds a bottle, talking to Penny.', 'Penny sits on the couch, listening to Sheldon.', 'A hand pours drinks, placing them on the table.', 'Someone pours a drink, holding the glass.', 'Sheldon talks, holding a bottle, with Penny nearby.']",Howard examines a bottle of silver glitter.
2821,564.623,tt1256028,562.53,"['Raj and Howard hold objects, Penny watches.', 'Penny sits on the couch, observing Raj and Howard.', 'Sheldon and Leonard stand, conversing, while Penny sits.', 'Raj and Howard hold items, Penny looks on.', 'Penny sits on the couch, watching Raj and Howard.']","Frowning, Penny and Sheldon exchange glances."
2822,682.336,tt1256028,681.222,"['Sheldon points at the laptop.', 'The friends gather around the laptop.', 'They all look at the screen.', 'Penny and the guys examine the laptop.', 'The group crowds around the laptop screen.']",They all peer at the monitor.
2823,906.668,tt1256028,904.748,"['Penny pours milk into a cup.', 'Sheldon Cooper looks at Penny as she pours milk.', 'Penny looks at Sheldon Cooper as he talks.', 'Sheldon Cooper talks as Penny pours milk.', 'Penny pours milk as Sheldon Cooper observes.']",A pink penny blossom sticks to Sheldon's face.
2824,907.532,tt1256028,906.898,"['Leonard and Howard sit.', 'Penny pours water.', 'Raj stands up.', 'Leonard looks at Penny.', 'Penny holds a cup.']",He pulls it off.
2825,934.002,tt1256028,933.35,"['Leonard looks at Sheldon.', 'Sheldon walks towards Leonard.', 'Leonard watches Sheldon approach.', 'Sheldon holds a blue mug.', 'Leonard sees Sheldon walk.']","Here, this will help."
2826,961.756,tt1256028,960.355,"['Sheldon holds a cup, talking to Penny and Leonard.', ""Penny and Leonard look at Sheldon, who's holding a cup."", 'Sheldon stands, holding a cup, as Penny and Leonard sit.', 'Sheldon talks, holding a cup, as Penny and Leonard listen.', 'Sheldon stands, cup in hand, with Penny and Leonard on the couch.']",Penny and Leonard exchange stares.
2827,978.665,tt1256028,977.801,"['Penny and Leonard snack together.', 'Sheldon stands, speaking with them.', 'Penny and Leonard munch snacks.', 'Sheldon joins the snack session.', 'Leonard and Penny eat snacks.']",Penny and Leonard jump.
2828,999.981,tt1256028,997.524,"['Leonard sits on the couch eating snacks.', 'Penny talks to Leonard on the couch.', 'Leonard looks at Penny as she talks.', 'Penny chats with Leonard on the couch.', 'Leonard and Penny sit together on the couch.']","Later, several boxes filled with wrapped penny blossoms."
2829,1075.585,tt1256028,1073.993,"['Penny dances and jumps around Leonard.', 'Raj looks at Penny as she jumps.', 'Penny wears a colorful dress while dancing.', 'Penny jumps in front of Leonard.', 'Penny dances around Raj and Leonard.']","Leonard, Howard and Raj sit motionless."
2830,1083.719,tt1256028,1082.415,"['Penny holds the remote control.', 'Penny looks at Leonard and Howard.', 'Leonard and Howard sit and listen.', 'Raj and Penny stand together.', 'Penny looks at Raj and Howard.']",Howard and Raj stand and leave.
2831,1097.014,tt1256028,1095.595,"['Penny stands up from the couch.', 'Penny looks at the man in red.', 'Penny stands up and looks around.', 'Penny stands up, then looks at him.', 'Penny gets up from the couch.']",Leonard heads toward his bedroom.
2832,1098.625,tt1256028,1097.359,"['Penny sits on the couch.', 'Penny sits down on the couch.', 'Penny looks at the camera.', 'Penny sits down on the couch.', 'Penny sits on the couch.']",Penny plops down on a chair.
2833,128.14,tt1256029,127.04,"['Penny eats with chopsticks.', 'Howard and Raj eat together.', 'Penny talks to Howard and Raj.', 'They use chopsticks to eat.', 'Howard and Raj take a bite.']",Raj whispers to Howard...
2834,137.032,tt1256029,136.24,"['Sheldon takes chopsticks.', 'Raj and Howard eat.', 'Sheldon holds a plate.', 'Howard reaches for a cup.', 'Raj uses chopsticks.']",He turns to Penny.
2835,198.738,tt1256029,197.6,"['Sheldon and Raj walk towards the door.', 'Leonard looks at the door ahead.', 'Sheldon and Raj gaze at each other.', 'The trio approaches the house entrance.', 'The characters step towards the door together.']",They approached the front door.
2836,235.347,tt1256029,234.132,"['Sheldon looks around curiously.', 'Leonard and Raj look around together.', 'The friends stand and examine surroundings.', 'Sheldon, Leonard, and Raj take in the scene.', 'The trio looks around in unison.']",Leonard makes a cell phone call.
2837,240.188,tt1256029,239.822,"['Leonard talks on phone.', 'Sheldon speaks to Raj.', 'Raj walks away.', 'Leonard chats with Sheldon.', 'Raj leaves conversation.']",The new ones.
2838,240.689,tt1256029,240.207,"['Sheldon, Leonard, and Raj walk.', 'Sheldon, Leonard, and Raj check their watches.', 'Sheldon, Leonard, and Raj approach the house.', 'Leonard, Raj, and Sheldon move towards the house.', 'Sheldon, Leonard, and Raj wait.']",They're here.
2839,454.67,tt1256029,449.606,"['Penny walks away, with Sheldon watching her from behind, his eyes fixed on her back.', 'Sheldon watches Penny walk away, his gaze lingering on her departing figure.', 'Penny glances back at Sheldon as she walks away, while he continues to watch her.', ""Sheldon's eyes follow Penny as she walks away, his attention focused on her retreating form."", ""Penny's back is visible as she walks away, with Sheldon's watchful gaze tracking her movement.""]","Later, Sheldon sits on his living room sofa."
2840,534.731,tt1256029,533.579,"['Sheldon holds a blue cup.', 'Penny listens to Sheldon.', 'Sheldon talks on the couch.', 'Sheldon sits with a cup.', 'Penny sits with Sheldon.']",Penny frowns at Sheldon.
2841,544.482,tt1256029,540.835,"['Penny and Sheldon stand up and walk away from the couch.', 'Penny and Sheldon walk away from the couch, moving away.', 'Penny and Sheldon get up and leave the couch.', 'Sheldon and Penny stand up and walk away from the couch.', 'Penny and Sheldon walk off-screen, leaving the couch behind.']","As Penny leaves, Sheldon glances at the imaginary formula, then erases it."
2842,573.439,tt1256029,572.594,"['Penny walks to Howard, hands him beer.', 'Howard looks up at Penny.', 'Penny hands Howard a beer.', 'Howard receives beer from Penny.', 'Penny gives Howard a beer.']",She holds a bottle of wine.
2843,630.052,tt1256029,628.613,"['Penny drinks from a glass and looks at Alicia.', 'Penny puts down the glass and gazes at Alicia.', 'Penny looks at Alicia and then the ceiling.', 'Penny looks at Alicia and then the ceiling.', 'Penny drinks from a glass and looks at Alicia.']",Penny takes a big sip of wine.
2844,693.546,tt1256029,692.294,"['Penny looks at the others.', 'The others look at Penny.', 'Penny wears a blue dress.', 'Penny is in the center.', 'They focus on Penny.']",The guys furrow their brows.
2845,721.321,tt1256029,719.511,"['Penny stands in the kitchen, looking around.', 'Penny stands, wearing a blue dress and flower.', 'Penny looks around the kitchen, flower in hair.', 'Penny stands in the kitchen, blue dress on.', 'Penny is seen standing in the kitchen, looking.']",Penny walks in and sits beside him.
2846,812.687,tt1256029,811.339,"['Penny holds chips, talks to Sheldon.', 'Sheldon holds remote, talks to Penny.', 'Penny looks at Sheldon, holds chips.', 'Sheldon talks, holds remote control.', 'Penny and Sheldon sit together.']",Sheldon unmutes the TV.
2847,819.986,tt1256029,816.482,"['Sheldon holds a remote control, while Penny stands up and walks away.', 'Penny stands up and walks away from Sheldon, who remains seated with the remote control.', 'Sheldon sits on the couch, holding a remote control, as Penny walks away.', 'Penny gets up and leaves the couch, leaving Sheldon behind with the remote control.', 'Sheldon and Penny sit on the couch, holding remote controls, before Penny stands up and walks away.']","Later, Penny passes out Chinese takeout containers to Leonard and the others."
2848,861.409,tt1256029,858.779,"['Penny gestures with her hands while holding a remote control.', 'Howard Wolowitz eats food from a plate while sitting on the couch.', 'Raj Koothrappali stands up, talking and gesturing with his hands.', 'Penny talks to Howard Wolowitz, Leonard Hofstadter, and Raj Koothrappali on the couch.', 'Howard Wolowitz holds a plate of food while eating and talking with the others.']",Raj whispers to Howard as Leonard walks to the front door.
2849,866.707,tt1256029,865.19,"['Penny enters, wearing a black dress and boots.', 'Raj and Howard eat on the couch.', 'Penny talks to Leonard, standing nearby.', 'Leonard stands, facing Penny in the room.', ""Penny's long blonde hair is visible behind her.""]",Leonard opens the door for Alicia.
2850,892.633,tt1256029,890.655,"['Penny points at Sheldon eating Chinese food.', 'Sheldon looks at Penny while eating Chinese food.', ""Penny gestures towards Sheldon's Chinese food."", 'Sheldon eats Chinese food with chopsticks.', 'Penny and Sheldon interact over Chinese food.']","Leonard, Howard, and Raj hurry out with Alicia."
2851,942.019,tt1256029,937.682,"['Sheldon holds a bottle of sauce while looking at Penny eating noodles.', 'Sheldon holds a bottle of sauce while talking to Penny, who is eating noodles.', 'Penny eats noodles as Sheldon holds a bottle of sauce and looks at her.', 'Sheldon holds a bottle of sauce while talking to Penny, who is eating.', 'Sheldon holds a bottle of sauce and looks at Penny while she eats noodles.']","Later, Alicia carries a basket of dirty clothes into the laundry room where Penny folds clean clothes."
2852,972.095,tt1256029,970.157,"['Alicia folds clothes into the basket.', 'Alicia takes clothes from the floor.', 'Alicia puts clothes into the basket.', 'Alicia folds and puts away clothes.', 'Alicia arranges clothes in the basket.']",Alicia puts clothes in the washing machine.
2853,1005.929,tt1256029,1003.857,"['Penny moves her hands and looks at Alicia.', 'Penny interacts with a sink and looks at Alicia.', 'Penny speaks to Alicia and looks at her.', 'Penny moves her hands and speaks to Alicia.', 'Penny looks at Alicia and moves her hands.']",Penny glances aside with raised eyebrows.
2854,1055.729,tt1256029,1054.806,"['Penny looks at Alicia.', 'Alicia gazes at Penny.', 'Penny and Alicia stare.', 'Alicia looks at Penny.', 'They gaze at each other.']",Penny's jaw drops.
2855,1058.092,tt1256029,1056.094,"['Penny looks at someone.', 'Penny talks to someone.', ""Penny's eyes meet someone's."", 'Penny focuses on someone.', 'Penny gazes at someone.']","Outside the building, the guys approach the entrance."
2856,1063.856,tt1256029,1063.279,"['Sheldon enters the building.', 'Raj talks to Howard and Leonard.', 'Sheldon walks towards elevator.', 'Howard, Leonard, and Raj stand outside.', 'Sheldon walks into the building.']",They walk in.
2857,1074.903,tt1256029,1072.425,"['Raj jumps on Sheldon, who flips over her.', 'Sheldon flips over Raj, who jumps on top of him.', ""Leonard's friend flips over Raj, who jumps on top."", ""Howard's friend jumps on Sheldon, who flips over."", 'Sheldon flips over, and Raj jumps on top of him.']","Fighting, Penny and Alicia stumble in and fall on the floor."
2858,1082.034,tt1256029,1080.842,"['Howard holds Leonard down.', 'Raj stands by them.', 'She stands up.', 'Howard holds Leonard.', 'Raj looks at them.']",Howard holds Leonard's arms.
2859,1087.857,tt1256029,1086.07,"[""Sheldon pulls Penny's hair as Leonard lifts her up."", 'Leonard and Sheldon flip Penny over while Howard and Raj watch.', 'Penny eats food from a bowl as the guys watch.', ""Leonard and Sheldon manipulate Penny's movements on the floor."", 'Penny is lifted and flipped by Leonard and Sheldon.']",Penny and Alicia roll around on the floor.
2860,1101.771,tt1256029,1100.714,"['Penny eats with chopsticks.', 'Penny looks at something.', 'Penny holds chopsticks.', 'Penny eats with chopsticks.', 'Penny looks at something.']",Howard turns to Raj.
2861,1106.037,tt1256029,1104.365,"['Howard uses chopsticks to eat.', 'Sheldon and Raj share Chinese food.', 'Leonard holds a cup of food.', 'The friends take turns eating.', 'They eat Chinese food with chopsticks.']",Penny and the guys gaze up at the ceiling.
2862,1110.794,tt1256029,1109.737,"['Raj and Leonard eat Chinese food.', 'Penny looks at the camera.', 'Howard stares at Sheldon.', 'They sit at the table.', 'They enjoy their meal.']",Sheldon addresses Leonard.
2863,124.012,tt1256031,121.872,"['Howard looks at Sheldon on the couch.', 'Sheldon looks at Raj on the couch.', 'Raj looks at Howard on the couch.', 'Howard, Sheldon, and Raj sit on the couch.', 'The three friends sit on the couch together.']",Sheldon smiles as he glances from Raj to Howard.
2864,176.359,tt1256031,175.895,"['Leonard speaks with friends.', 'Raj joins the conversation.', 'The group chats together.', 'Sheldon and Howard listen in.', 'The friends discuss something.']",Also a good plan.
2865,194.492,tt1256031,193.218,"['Sheldon and friends eat together.', 'Raj looks at his friends eating.', 'Leonard, Howard, and Sheldon share food.', 'Raj observes his friends enjoying food.', 'The friends savor their meals together.']",Sheldon watches the others eat.
2866,295.729,tt1256031,293.999,"['Penny walks down the hall past a man.', 'Penny walks down the hall with caution.', 'Penny walks past a man in a blue shirt.', 'Penny walks by a man in blue.', 'Penny walks down the hall, passing by.']",They all descend the staircase.
2867,301.493,tt1256031,299.705,"['Penny and Leonard walk towards the comic book store counter.', 'Leonard and Penny approach the store display.', 'Penny and Leonard move towards the counter.', 'Leonard and Penny walk up to the counter.', 'Penny and Leonard head towards the store counter.']","Later, they step into the comic book store."
2868,319.265,tt1256031,318.093,"['Penny walks up to him.', 'Penny talks to the comic book enthusiast.', 'Penny approaches the blue-shirted man.', 'Penny engages the blue-shirted man.', 'Penny chats with the comic book fan.']",Penny picks up a comic book.
2869,338.278,tt1256031,337.335,"['Penny looks at comic books.', 'Leonard looks at Penny.', 'Sheldon looks at Penny too.', 'Penny and Leonard look at each other.', 'The trio looks at comic books.']",Guys like that are so pathetic.
2870,442.663,tt1256031,440.836,"['Leonard and Sheldon look at a comic book.', 'Penny walks into the room to join them.', 'Howard stands next to Leonard and Sheldon.', 'Leonard and Sheldon examine a comic book.', 'Penny enters the scene to join the trio.']",Penny steps up to the counter where Stuart sketches.
2871,456.991,tt1256031,456.013,"['Stuart hands Penny a comic book.', 'Penny examines the comic book.', 'Stuart takes the comic book back.', 'Penny and Stuart exchange the comic book.', 'Stuart hands Penny the comic book again.']",The hands are a comic book.
2872,471.566,tt1256031,469.59,"['Penny hands Stuart a book and receives money.', 'Stuart takes a book from Penny and pays her.', 'Penny gives Stuart a book and he hands her money.', 'Stuart receives a book from Penny, then pays her.', 'Penny and Stuart exchange a book and cash.']","She hands him the comic book, then picks up a sketch."
2873,528.242,tt1256031,524.383,"['Blue reads a comic book as pink looks at him with interest.', 'Pink reads a comic book while blue glances at her.', 'Blue and pink look at each other as they read their comic books.', 'Pink and blue sit together, each engrossed in their comic book.', 'Blue and pink share a moment, both reading comic books side by side.']","Later, Leonard watches TV as Sheldon, shaking his head, inspects his comic book."
2874,537.301,tt1256031,536.149,"['Sheldon holds a comic book.', 'Leonard puts on a jacket.', 'Sheldon reads a comic book.', 'Leonard holds a jacket.', 'Sheldon reads with a comic book.']",Leonard turns off the TV.
2875,609.672,tt1256031,607.254,"['Sheldon flips a page, then looks at Leonard.', 'Leonard looks at Sheldon as he reads a comic book.', 'Sheldon reads a comic book, then looks at Leonard.', 'Sheldon flips a page, gazing at Leonard afterwards.', 'Sheldon reads a comic book, glancing at Leonard.']",Leonard stares at Sheldon as Sheldon reads his comic book.
2876,614.721,tt1256031,613.666,"['Leonard stands up slowly.', 'Sheldon reads a comic book.', 'Leonard looks at Sheldon.', 'Sheldon reads on the couch.', 'Leonard stands up from couch.']",Leonard steps to a desk.
2877,675.065,tt1256031,674.217,"['Penny walks in, followed by Stuart.', 'Leonard looks at Stuart.', 'Raj points at the door.', 'Howard looks at Raj.', 'Raj looks around.']",Stuart and Penny leave.
2878,750.702,tt1256031,749.7,"['Leonard looks at Howard.', 'Howard gestures with hands.', 'Howard stands talking to Leonard.', 'Leonard watches Howard gesture.', 'Howard talks to Leonard standing.']",Howard steps to Leonard.
2879,816.98,tt1256031,816.364,"['Sheldon and Stuart stand.', 'Penny enters the room.', 'Sheldon looks at Stuart.', 'Stuart looks at Sheldon.', 'Penny joins Sheldon and Stuart.']",Sheldon nods.
2880,820.079,tt1256031,817.769,"['Penny stands before the door, looking ahead.', 'Sheldon looks at Penny, who gazes at the door.', 'Penny and Sheldon face each other near the door.', 'Penny looks at the door, while Sheldon observes her.', 'Sheldon focuses on Penny, who regards the door.']",Penny slowly blinks once as she shakes her head slightly.
2881,823.024,tt1256031,822.215,"['Stuart looks at Penny.', 'Penny gazes at Stuart.', 'Sheldon watches Stuart and Penny.', 'Stuart talks to Penny.', 'Sheldon observes the pair.']",She steps inside.
2882,847.189,tt1256031,844.577,"['Sheldon speaks to Stuart, who looks down.', 'Sheldon and Stuart engage in a conversation.', 'Sheldon and Stuart exchange words.', 'Sheldon talks to Stuart, who responds.', 'Sheldon and Stuart have a dialogue.']",Sheldon Pierce at Stewart.
2883,885.835,tt1256031,885.337,"['Raj holds a drink.', 'Raj looks at someone.', 'Raj sits at a bar.', 'He holds a glass.', 'Raj talks to someone.']",At the bar.
2884,890.249,tt1256031,888.445,"['Raj holds a glass while talking to Leonard.', 'Leonard and Howard hold glasses while conversing with Raj.', 'Raj and Leonard chat over their glasses.', 'Howard, Raj, and Leonard sit with glasses.', 'The three friends gather with glasses in hand.']",Raj hands an empty glass to the bartender.
2885,899.037,tt1256031,897.636,"['Leonard stands up and walks away.', 'Howard watches Leonard get up and leave.', 'Leonard holds a drink and walks off.', 'Howard looks at Leonard as he stands up.', 'Leonard walks away from his drink.']",Leonard gazes across the room.
2886,929.041,tt1256031,928.408,"['Howard holds a towel.', 'Howard looks at Leonard.', 'Howard holds towel.', 'Leonard sits down.', 'Howard holds towel.']",Coward laughs.
2887,977.815,tt1256031,977.008,"['Sheldon holds the cup.', 'Stuart stands up talking.', 'Sheldon and Stuart interact.', 'Sheldon talks with Stuart.', 'Stuart faces Sheldon.']",Stewart stands.
2888,1075.268,tt1256031,1072.447,"['Leonard walks towards a woman at the bar, eyeing her.', 'Howard remains seated while Leonard gets up and approaches a woman.', 'Leonard stands up and walks towards a woman in red at the bar.', 'Leonard gets up and walks towards the bar, looking at a woman.', 'Howard stays seated as Leonard rises and heads towards a woman at the bar.']","Standing, they notice Raj kissing a large blonde woman at the bar."
2889,1087.611,tt1256031,1085.27,"['Howard talks to her while Leonard looks on.', 'Leonard stands next to Howard and her.', 'Howard and Leonard gaze at something together.', 'Howard chats with her as Leonard observes.', 'Howard and Leonard focus on something in front of them.']","Howard glances at Leonard, then steps to a tall brunette woman."
2890,1093.025,tt1256031,1091.527,"['Leonard talks to a woman at the bar.', 'Howard stands next to Leonard, looking down.', 'Leonard chats with a woman at the bar.', 'Howard stands nearby, gazing down.', 'Leonard converses with a woman at the bar.']","Shaking her head, the woman walks off."
2891,109.517,tt1256032,107.52,"['Leonard and Sheldon eat noodles with chopsticks.', 'Sheldon looks at Howard while eating noodles.', 'Leonard and Howard enjoy noodles on a plate.', 'Sheldon and Howard eat noodles together.', 'Leonard, Sheldon, and Howard share noodles.']",Howard holds his hands to his face as he cries.
2892,150.607,tt1256032,149.262,"['Howard eats food on the couch.', 'Sheldon eats food on the couch.', 'Howard and Sheldon sit on the couch.', 'Leonard joins Howard and Sheldon on the couch.', 'The three friends eat on the couch.']",Howard holds his fist to his mouth.
2893,229.654,tt1256032,228.541,"['Leonard points at Howard.', 'Howard gestures at Raj.', 'Raj holds a book.', 'Leonard holds a remote control.', 'The three look at each other.']",Leonard opens a closet door.
2894,318.924,tt1256032,317.963,"['Penny walks with Sheldon.', 'Sheldon and Penny walk together.', 'Penny holds a paper and bag.', 'Sheldon and Penny walk in a hall.', ""Penny looks at Sheldon's bag.""]",They stop on their floor.
2895,320.556,tt1256032,319.096,"['Penny stands beside Sheldon holding a bag.', 'Sheldon holds a plastic bag carefully.', 'Penny talks to Sheldon about the bag.', 'Penny and Sheldon stand by the doorway.', 'Sheldon holds a plastic bag in hand.']",Penny smiles as she looks at Sheldon.
2896,342.515,tt1256032,340.462,"['Sheldon looks at his jacket as Penny enters.', ""Penny walks in and looks at Sheldon's jacket."", 'Sheldon and Penny exchange a glance.', ""Penny enters the room, eyeing Sheldon's jacket."", 'Sheldon examines his jacket as Penny approaches.']",Sheldon reaches into his coat pocket for his keys.
2897,345.548,tt1256032,343.571,"['Sheldon bends down as Penny enters.', 'Penny looks at Sheldon as he bends.', 'Sheldon bends down as Penny approaches.', 'Penny enters and Sheldon bends down.', 'Sheldon bends down as Penny enters the door.']",He sits down his bag then searches other pockets.
2898,351.902,tt1256032,350.77,"['Sheldon knocks on the door.', 'Penny opens the door for him.', 'Sheldon looks inside the door.', 'Penny looks at Sheldon.', ""Sheldon checks what's inside the door.""]",Penny appears in her doorway.
2899,357.546,tt1256032,356.433,"['Penny looks at Sheldon.', 'Sheldon opens the door.', 'Penny looks out the door.', 'Sheldon and Penny interact.', 'Penny looks at Sheldon outside.']",Sheldon glares at Penny.
2900,362.077,tt1256032,358.89,"['Raj and Leonard comb their hair in front of the mirror.', 'Leonard and Raj stand side by side, grooming themselves.', 'Raj and Leonard look at each other in the mirror.', 'Leonard and Raj comb their hair, glancing at each other.', 'Raj and Leonard mirror each other, combing their hair.']","In a hotel bathroom, Raj combs his hair as Leonard plucks his own eyebrow."
2901,382.047,tt1256032,378.801,"['Leonard brushes his teeth, while Raj examines items in a bag.', 'Raj looks at items in a bag as Leonard brushes his teeth.', 'Leonard brushes his teeth, with Raj nearby examining a bag.', 'Raj inspects items in a bag, with Leonard brushing his teeth.', 'Leonard brushes his teeth, as Raj examines items in a bag.']","Leonard opens a black case, revealing a half dozen bottles of aftershave."
2902,394.863,tt1256032,393.75,"['Raj holds a snake in front of the mirror.', 'Raj stands in front of a mirror with a snake.', 'Raj stares at the snake in the mirror.', 'Raj holds a snake in his hand.', 'Raj looks at the snake in the mirror.']",Howard types on a laptop.
2903,398.626,tt1256032,395.114,"['Leonard stands in front of a mirror, looking at himself, with Raj holding a snake nearby.', 'Raj holds a snake as Leonard examines himself in the mirror, with Howard observing.', 'Leonard and Raj face each other, with Howard watching, in front of a mirror and a snake.', 'Howard watches as Leonard admires himself in the mirror, with Raj holding a snake.', 'Leonard stands before a mirror, with Raj holding a snake and Howard observing, in the background.']","As Leonard applies cologne to his neck, Raj lifts a long row of condom packet."
2904,407.745,tt1256032,405.518,"['Raj holds a chocolate bar, showing it to Leonard.', 'Raj shows Leonard a chocolate bar, then walks away.', 'Leonard looks at a chocolate bar Raj is holding.', 'Raj holds a chocolate bar, displaying it to Leonard.', 'Raj walks off after showing Leonard a chocolate bar.']","Leonard pats Raj's arm, then strides into the room."
2905,453.552,tt1256032,452.956,"['Leonard opens the door.', 'Raj looks at Leonard.', 'Leonard holds the key card.', 'Raj watches Leonard open the door.', 'Leonard takes a step forward.']",Our keys go in a bowl.
2906,519.07,tt1256032,517.226,"['Sheldon holds a plastic bag.', 'Sheldon gestures with his hands.', 'Sheldon talks and gesticulates.', 'Sheldon Cooper holds a bag.', 'Sheldon moves his hands dramatically.']",Sheldon holds his bag close to his chest.
2907,552.626,tt1256032,549.918,"['Mikayla stands beside Raj, who drinks from a glass.', 'Raj looks at Mikayla while taking a sip from his glass.', 'Mikayla talks to Raj as he drinks from his glass.', 'Raj sips his drink while gazing at Mikayla.', 'Mikayla converses with Raj as he holds his glass.']","Raj glances at the woman, then takes a big swig from his green drink."
2908,593.211,tt1256032,591.175,"['Raj and Leonard turn their heads in sync.', 'Leonard and Raj gaze at each other.', 'Raj turns left, Leonard turns right.', 'Leonard and Raj exchange a look.', 'The friends turn their heads in unison.']","Raj winks at Leonard, then turns back to Michaela."
2909,596.305,tt1256032,595.133,"['Raj walks away, Leonard follows.', 'Leonard stands up, follows Raj.', 'Raj turns, Leonard approaches.', 'Leonard gets up, walks after Raj.', 'Raj leaves, Leonard follows close.']",Leonard steps away from the bar.
2910,627.956,tt1256032,626.439,"['Leonard and Raj stand in the casino.', 'Leonard and Raj face each other.', 'Raj wears a yellow blazer.', 'A woman holds a glass of wine.', 'Leonard and Raj stand near slot machines.']",Michaela winks and waves to Raj.
2911,695.789,tt1256032,694.637,"['Raj holds a phone, looks at Leonard.', 'Leonard holds a drink, looks at Raj.', 'Raj and Leonard look at each other.', ""Raj holds a phone, looks at Leonard's drink."", 'Raj and Leonard gaze at each other.']",Raj picks up Leonard's phone.
2912,745.377,tt1256032,742.863,"['Raj and Leonard gaze at Mikayla at the bar.', 'Mikayla sits at the bar, chatting with Raj and Leonard.', 'Raj and Leonard focus on Mikayla as she sits at the bar.', 'Leonard and Raj look at Mikayla as she talks to them.', 'The friends converse with Mikayla at the bar.']","Raj and Leonard approach Michaela, who sits at the end of the bar."
2913,844.75,tt1256032,842.218,"['Penny and Sheldon sit together, holding cans and glasses.', 'Penny and Sheldon sit on the couch, both holding drinks.', 'Sheldon and Penny sit on the couch, holding soda and glasses.', 'Penny and Sheldon sit together, sipping from their drinks.', 'Sheldon and Penny sit on the couch, holding beverages.']","As Sheldon picks up a drink, Penny holds her hand to her face."
2914,920.797,tt1256032,919.07,"['Sheldon looks at Penny.', 'Sheldon gazes at Penny.', 'Sheldon looks at Penny.', 'Sheldon focuses on Penny.', 'Sheldon looks at Penny.']",Howard joins Raj and Leonard at a buffet.
2915,927.109,tt1256032,925.92,"['Raj and Leonard hold plates.', 'Howard joins Raj and Leonard eating.', 'Raj, Leonard, and Howard share food.', 'They eat and converse together.', 'Friends enjoy their meal together.']",Leonard holds out a plate of shrimp.
2916,928.126,tt1256032,927.339,"['Howard takes food.', ""Howard eats Leonard's food."", 'Howard looks at Leonard.', 'Howard eats from plate.', 'Howard takes from Leonard.']",Howard picks one up.
2917,935.763,tt1256032,934.995,"['Raj eats food.', 'Howard stands observing food.', 'Leonard takes a bite.', 'Raj and Leonard eat food.', 'Howard watches them eat.']",Mikayla walks in.
2918,943.687,tt1256032,941.712,"['Leonard and Howard stand near the buffet table.', 'Mikayla walks towards Leonard and Howard.', 'Raj stands next to the buffet table.', 'Leonard and Howard face the buffet table.', 'Mikayla approaches the buffet table.']","Howard stops, turns, then steps to Mikayla."
2919,954.16,tt1256032,953.393,"['Mikayla and Leonard shake hands.', 'Leonard and Mikayla greet.', 'They exchange handshakes.', 'Mikayla and Leonard meet.', 'They grasp hands.']",They shake hands.
2920,956.925,tt1256032,956.233,"['Mikayla looks at Howard.', 'Howard looks at Mikayla.', 'Mikayla shakes hands.', 'Howard and Mikayla shake hands.', 'They shake hands.']",Howard smiles.
2921,958.902,tt1256032,957.366,"['Howard and Raj stand together.', 'Leonard stands between Howard and Raj.', 'Howard and Raj face each other.', 'Howard and Leonard stand together.', 'Raj and Howard stand side by side.']","Peering at Leonard, Raj nods his head."
2922,962.53,tt1256032,959.152,"['Raj holds a pizza slice while looking at a spinning gyroscope with Leonard.', 'Penny sits on the couch, watching Sheldon examine a model gyroscope on the floor.', 'Raj and Leonard gaze up at a spinning object, possibly a gyroscope.', 'Sheldon studies a gyroscope model while Penny sits nearby on the couch.', ""Raj and Leonard stare at a spinning gyroscope, while Penny and Sheldon examine a model in Sheldon's hands.""]","Holding two pillows, Penny steps into her living room, where Sheldon sits on the couch."
2923,966.716,tt1256032,965.334,"['Penny sits on the couch.', 'Sheldon reads his magazine.', 'Penny looks at Sheldon.', 'Sheldon reads on the couch.', 'Penny enters and sits down.']",She sets the pillows on the small couch.
2924,997.1,tt1256032,995.392,"['Penny stands with arms crossed, looking at Sheldon.', 'Sheldon sits up on the couch, with Penny watching.', 'Penny looks at Sheldon, who lies on the couch.', 'Sheldon gets up from the couch, with Penny nearby.', 'Penny stands, arms crossed, facing Sheldon on the couch.']","Sheldon rolls his head, then stares at Penny."
2925,1053.559,tt1256032,1051.39,"['Leonard walks towards the bar, followed by Howard and Raj.', 'Howard and Raj follow Leonard to the bar.', 'Leonard approaches a woman at the bar, with Howard and Raj nearby.', 'Leonard and his friends head to the bar.', 'Howard, Raj, and Leonard walk towards the bar together.']","Howard walks to Leonard and Raj, who sit at the bar."
2926,1072.649,tt1256032,1071.056,"['Howard walks away, Leonard and Raj look.', 'Leonard and Raj gaze at Howard.', 'Howard stands up, they watch him.', 'Leonard and Raj observe Howard leave.', 'Howard walks off, they glance at him.']","Smiling, Howard steps to the table."
2927,1103.35,tt1256032,1102.295,"['Penny sits up and walks.', 'Penny walks to the bedroom.', 'Penny gets up and walks.', 'Penny walks to her room.', 'Penny rises and walks.']",Penny throws off her cover.
2928,1106.172,tt1256032,1104.847,"['Penny gets off the couch.', 'Penny wakes up and steps off.', 'Penny leaves the couch behind.', 'Penny stands up from the couch.', 'Penny steps off the couch slowly.']","Standing, she walks to her bedroom."
2929,1131.779,tt1256032,1130.34,"['Penny walks in, sits on the bed.', 'Penny sits on the bed, looks at Sheldon.', 'Penny enters, sits on the bed, and gazes.', 'Penny sits, looks at Sheldon on the bed.', 'Penny sits on the bed, eyes on Sheldon.']",Penny sits on the bed as she sings.
2930,1152.272,tt1256032,1151.235,"[""Penny touches Sheldon's head."", 'Sheldon looks up at Penny.', ""Penny touches Sheldon's head."", 'Sheldon looks up at Penny.', 'Penny touches his head.']",Sheldon closes his eyes.
2931,1179.475,tt1256032,1179.264,"[""Sheldon lies down, holding Penny's hand."", ""Penny sits on the bed, holding Sheldon's hand."", 'Sheldon looks at Penny as she holds his hand.', ""Penny holds Sheldon's hand as he lies down."", 'Sheldon and Penny hold hands on the bed.']",Get out.
2932,80.558,tt1256033,77.997,"['Leonard looks at Raj, who looks down.', 'Raj looks down as Leonard observes him.', 'Leonard and Raj stand together, Raj looking down.', ""Raj's gaze is fixed downward, Leonard watching him."", 'Leonard focuses on Raj, who remains looking down.']",The curly-haired employee approaches Sheldon with a comic book.
2933,148.574,tt1256033,146.649,"['Leonard and Stuart look at each other.', 'Raj stands next to Leonard and Stuart.', 'Leonard and Stuart gaze at each other.', 'Raj listens to Leonard and Stuart.', 'Leonard and Stuart converse with Raj.']","As Sheldon walks off, Stuart turns to Leonard."
2934,306.78,tt1256033,303.916,"['Leonard and Sheldon hurry down the hallway, both holding something.', 'Sheldon holds a book as he walks with Leonard, who carries a paper.', 'Leonard and Sheldon rush down the hallway, each holding a distinct item.', 'Sheldon and Leonard walk quickly, with Sheldon holding a book and Leonard a paper.', 'Leonard and Sheldon hurry along, Sheldon carrying a book and Leonard a paper.']","Later, at work, Leonard and Sheldon eat at a cafeteria table."
2935,309.337,tt1256033,307.934,"['Sheldon eats while looking at Leonard.', 'Leonard eats as Sheldon watches him.', 'Sheldon talks while eating his food.', 'Sheldon looks at Leonard while eating.', 'Leonard and Sheldon eat together.']",Leonard glances at his cell phone.
2936,314.781,tt1256033,313.147,"['Sheldon looks at Leonard, who gazes back.', 'Leonard looks at Sheldon, who focuses on him.', 'Sheldon stares at Leonard, who remains still.', 'Leonard watches as Sheldon looks at him.', ""Sheldon's eyes lock onto Leonard's gaze.""]",He puts the phone in his jacket pocket.
2937,345.733,tt1256033,342.791,"[""Sheldon looks at Leonard, who's eating from a plate."", 'Leonard eats while Sheldon observes him from across the table.', 'Sheldon gazes at Leonard, who focuses on his meal.', ""Leonard's attention is on his plate, as Sheldon watches."", ""Sheldon's eyes are fixed on Leonard, who's engaged with his food.""]","There, it went to voicemail."
2938,447.629,tt1256033,447.206,"['Sheldon speaks to Howard.', 'Howard looks at Sheldon.', 'Sheldon and Howard sit.', 'Soda and water are present.', 'Sheldon talks to Howard.']",He laughs.
2939,452.073,tt1256033,451.207,"['Sheldon talks to Howard and Leonard.', 'Howard and Leonard gaze at Sheldon.', 'Sheldon addresses Leonard and Howard.', 'Leonard and Howard stare at Sheldon.', 'Sheldon and friends sit together.']",Then stares at Leonard.
2940,472.541,tt1256033,470.558,"['Leonard points at Raj, then Raj points back.', ""Raj points at himself after Leonard's gesture."", 'Leonard gestures at Raj, who reciprocates.', 'Leonard and Raj interact, exchanging pointed gestures.', ""Raj mirrors Leonard's point, a brief exchange.""]",Leonard and Raj tap their index fingers together.
2941,490.458,tt1256033,488.552,"['Leonard talks while Raj throws a box away.', 'Raj walks away after throwing a box on floor.', 'Howard stands with his hands on his hips.', 'Leonard talks to Raj and Howard as Raj walks away.', 'Raj throws a box and walks away from Leonard and Howard.']",Howard presses his lips together and nods.
2942,492.633,tt1256033,490.688,"['Sheldon stands with hands on hips, looking at Leonard.', 'Leonard crosses arms, facing Sheldon with a steady gaze.', 'Sheldon and Leonard stand facing each other, arms crossed.', ""Sheldon's red and blue striped sweater stands out as he stands with Leonard."", 'Leonard and Sheldon stand side by side, wearing distinct shirts.']",Sheldon stands nearby with his arms folded.
2943,680.966,tt1256033,679.16,"['Sheldon holds a white ring, talking to Raj.', 'Raj looks at Sheldon holding the white ring.', 'Sheldon examines the white ring in his hand.', 'Sheldon holds a white ring, speaking to Raj.', 'Raj watches Sheldon hold the white ring.']","Sheldon gazes off, then nods at Howard."
2944,687.458,tt1256033,686.632,"['Leonard knocks repeatedly.', 'Leonard knocks on door.', 'Leonard knocks multiple times.', ""Leonard's door knocking."", 'Leonard knocks repeatedly door.']",Penny opens the door.
2945,721.312,tt1256033,720.486,"['Penny walks away, Leonard watches.', 'Leonard knocks on the door.', 'Leonard looks inside the apartment.', 'Penny walks away, Leonard follows.', 'Leonard peers into the apartment.']",She slams the door.
2946,723.444,tt1256033,722.291,"['Leonard looks at the door.', 'Leonard stands before the door.', 'Leonard faces the door.', 'Leonard gazes at the door.', 'Leonard examines the door.']",Raj stands in his doorway.
2947,729.725,tt1256033,728.457,"['Raj and Leonard look at each other.', 'Leonard and Raj stand together.', 'Raj and Leonard gaze at each other.', 'Leonard and Raj converse face-to-face.', 'Raj and Leonard face each other.']",Leonard walks toward the stairs.
2948,751.88,tt1256033,751.112,"['Sheldon sits with Howard.', 'Howard kneels beside Sheldon.', 'Raj holds a paper.', 'Sheldon talks to Howard.', 'Sheldon and Howard converse.']",Rajah purchase.
2949,776.029,tt1256033,773.974,"['Sheldon and Raj look at something together.', 'Leonard and Howard join Sheldon and Raj to examine it.', 'Sheldon, Raj, Leonard, and Howard gaze at the same thing.', 'Raj, Sheldon, Leonard, and Howard simultaneously focus on something.', 'The four friends collectively look at an unseen object.']",Leonard hurries into the living room and grabs his coat.
2950,797.353,tt1256033,796.7,"['Sheldon watches them clean.', 'Leonard, Raj, and Howard clean.', 'Sheldon stands and watches.', 'They vacuum the floor.', 'Sheldon observes the cleaning.']",Leonard leaves.
2951,849.613,tt1256033,846.706,"['Stuart Bloom holds a toy, looking at the store display.', 'Leonard Hofstadter and Stuart Bloom examine toys at the store.', 'Stuart Bloom holds a toy, while Leonard Hofstadter observes the display.', 'Stuart Bloom looks at the toy store display with Leonard Hofstadter.', 'Stuart Bloom holds a toy, gazing at the toy store display alongside Leonard Hofstadter.']","Elsewhere, Leonard walks into the comic book store and approaches Stuart."
2952,939.115,tt1256033,937.903,"['Stuart opens the glass cabinet.', 'Stuart looks inside the glass cabinet.', 'Stuart walks towards the glass cabinet.', 'Stuart opens the glass cabinet door.', 'Stuart examines the glass cabinet contents.']",Leonard shuffles out of the store.
2953,942.346,tt1256033,940.115,"['Stuart Bloom opens the store door and enters.', 'Leonard Hofstadter watches Stuart Bloom enter the store.', 'Stuart Bloom enters the store as Leonard Hofstadter observes.', 'Leonard Hofstadter stands by as Stuart Bloom opens the door.', 'Stuart Bloom walks in as Leonard Hofstadter looks on.']","Outside, he leaps up and pumps his fists in the air."
2954,959.427,tt1256033,957.215,"['Penny holds a bowl while Leonard sips from a cup.', 'Howard stands up, talking to Penny and Leonard on the couch.', 'Leonard and Penny look at Howard as he speaks.', 'Penny and Leonard sit on the couch with a bowl and cup.', 'Howard addresses Penny and Leonard from his standing position.']","Penny, Leonard, Sheldon, and Raj eat Chinese food."
2955,970.413,tt1256033,968.854,"['Sheldon eats noodles with chopsticks.', 'Sheldon holds chopsticks with noodles.', 'Sheldon looks at the camera eating.', 'Sheldon eats noodles with chopstick skill.', 'Sheldon eats noodles with chopsticks slowly.']",Sheldon turns to Howard and smiles.
2956,982.245,tt1256033,981.013,"['Howard eats with a fork.', 'Howard looks directly at the camera.', 'Howard holds a fork and plate.', 'Howard uses a fork to eat.', 'Howard eats with a utensil.']",Howard eats his Chinese food.
2957,1013.085,tt1256033,1010.466,"['Sheldon and Raj eat while Howard looks at his phone.', 'Penny stands up and looks at her phone.', 'Howard looks at his phone as Sheldon and Raj eat.', 'Sheldon and Raj eat while Penny checks her phone.', 'The group sits eating and looking at their phones.']","Meanwhile, the International Space Station orbits Earth."
2958,65.992,tt1426233,64.841,"['Sheldon writes on the whiteboard.', ""Leonard listens to Sheldon's words."", 'Sheldon sits on the couch.', 'Sheldon writes, then sits down.', 'Sheldon talks to Leonard on couch.']",Sheldon sits on the sofa.
2959,114.563,tt1426233,113.7,"['Sheldon opens the door.', 'Leonard enters the room.', 'Sheldon looks through the peephole.', 'Sheldon talks to Leonard.', 'Leonard opens the door.']",Leonard opens the door.
2960,145.779,tt1426233,143.917,"['Sheldon walks away from Leonard.', 'Leonard turns around to look at Sheldon.', 'Sheldon looks at Leonard as he turns around.', 'Sheldon and Leonard exchange glances.', ""Leonard turns to follow Sheldon's departure.""]",Leonard steps into the bathroom and shuts the door.
2961,291.805,tt1426233,290.078,"['Green slaps blue, then yellow slaps green.', 'Blue and green exchange slaps, then yellow joins in.', 'Green and yellow trade slaps, blue gets slapped twice.', 'Yellow slaps green, then blue, in a quick sequence.', 'Green, blue, and yellow take turns slapping each other.']",Sheldon watches them high-five each other.
2962,339.7,tt1426233,338.355,"['Sheldon talks to Howard and Raj.', 'Howard and Raj stand near Sheldon.', 'Sheldon discusses with Howard and Raj.', 'Raj stands and joins the conversation.', 'Sheldon chats with Howard and Raj.']",Sheldon hurries to his bedroom.
2963,420.654,tt1426233,418.889,"['Howard walks towards Leonard and Sheldon.', 'Leonard and Sheldon look at each other.', 'Raj sips his drink on the couch.', 'Howard approaches Leonard and Sheldon.', 'Leonard and Sheldon converse on the couch.']",Sheldon strolls back into the living room.
2964,431.61,tt1426233,430.209,"['Leonard stands before Raj and Howard.', 'Raj and Howard look off-screen.', 'Leonard stands before them, looking off-screen.', 'Raj and Howard gaze off-screen.', 'Leonard stands, Raj and Howard look away.']",Raj and Leonard stare at Howard.
2965,446.043,tt1426233,444.68,"['Leonard stands and points at Raj.', 'Howard and Raj sit on the couch.', ""Leonard gestures at Raj's direction."", ""Leonard stands, addressing Raj's attention."", 'Leonard stands, pointing at Raj.']",Sheldon walks to his room again.
2966,448.754,tt1426233,446.117,"['Howard and Raj sit on the couch with soda cups.', 'Leonard talks to Howard and Raj on the couch.', 'Howard and Raj sit on the couch with remote control.', 'Howard and Raj lounge on the couch with soda cups.', 'Leonard, Howard, and Raj sit on the couch together.']",Howard aims an imaginary shotgun in Sheldon's direction.
2967,567.447,tt1426233,565.215,"['Penny gestures as she speaks to Sheldon standing before her.', 'Sheldon turns his head to the side as Penny talks to him.', 'Penny sits on a couch while Sheldon stands in front of her.', 'Penny speaks to Sheldon, who looks at her and then away.', 'Penny talks to Sheldon, who stands with arms crossed in front of her.']",Penny locks eyes with Sheldon as she walks out.
2968,601.69,tt1426233,600.516,"['Sheldon walks away from Leonard.', 'Leonard holds a piece of paper.', ""Sheldon looks at Leonard's paper."", 'Sheldon and Leonard face each other.', 'Sheldon leaves Leonard holding the paper.']",Sheldon hurries to his room.
2969,608.544,tt1426233,604.367,"['Leonard stands with a red circle around his face, while Sheldon has a green circle around his face.', 'Leonard and Sheldon stand separately in the same room, surrounded by a red and green circle respectively.', 'Sheldon and Leonard stand apart, each with a colored circle, as a spinning object and four people in red parkas enter the scene.', 'Leonard and Sheldon are shown standing in the same room, with red and green circles around their faces.', 'Leonard and Sheldon stand alone, each with a colored circle, amidst a spinning object and four people in red parkas.']","Inside a large walk-in freezer, Sheldon, Raj, Howard, and Leonard wear thick coats and gloves."
2970,611.258,tt1426233,608.621,"['Sheldon holds a clipboard while talking to others.', 'Sheldon talks to people while holding a clipboard.', 'Sheldon Cooper discusses with others, clipboard in hand.', 'He talks with others, clipboard held tightly.', 'Sheldon Cooper is seen talking to people, clipboard nearby.']","Holding a clipboard, Sheldon addresses the others who shiver."
2971,734.227,tt1426233,733.247,"['Howard holds clipboard and talks.', 'Howard looks at Sheldon closely.', 'Sheldon and Howard converse.', 'Howard holds a clipboard.', 'Sheldon and Howard gaze at each other.']",Sheldon gazes off.
2972,741.788,tt1426233,740.5,"['John hands a suitcase to Mike.', 'Mike takes a suitcase from John.', 'John and Mike pack boxes together.', 'They pack suitcases and boxes.', 'Mike receives a suitcase from John.']",They gather their things and leave.
2973,745.17,tt1426233,741.923,"['Leonard holds a yellow cup while talking to Sheldon at a table.', 'Howard stands behind Leonard and Sheldon as they chat at a table.', 'Leonard and Sheldon sit at a table, each holding a yellow cup.', 'Sheldon and Leonard converse at a table, with Howard observing from behind.', 'The three friends, Leonard, Sheldon, and Howard, gather around a table.']","Later in their kitchen, Sheldon places two mugs in front of Leonard and Howard."
2974,869.865,tt1426233,869.04,"['Penny hugs Leonard, walks away.', 'Leonard is hugged by Penny.', 'Penny hugs, then leaves Leonard.', 'Penny and Leonard share a hug.', 'Penny walks away from Leonard.']",Penny hugs Leonard.
2975,872.38,tt1426233,870.729,"['Penny hugs Leonard, who looks at her.', 'Leonard looks at Penny after being hugged.', ""Penny wraps her arms around Leonard's body."", 'Leonard gazes at Penny with a glance.', ""Penny's arms encircle Leonard's torso.""]",Leonard puts his blanketed arms around her.
2976,900.427,tt1426233,897.184,"['Sheldon lies on the bed with a blue blanket.', 'He points at the dartboard in the first shot.', 'The man in red holds a cup, standing near the dartboard.', 'The man in green points at the dartboard, then lies on the bed.', 'Sheldon lies on the bed, and the man in red holds a cup nearby.']","Later at night, Leonard knocks on then opens Sheldon's bedroom door."
2977,901.712,tt1426233,900.676,"['Sheldon lies on the bed.', 'Sheldon looks at a book.', 'Sheldon reads on the bed.', 'Sheldon is on the bed.', 'Sheldon reads a book.']",Sheldon sleeps in bed.
2978,907.68,tt1426233,906.106,"['Sheldon sits up in bed.', 'Sheldon looks around his bed.', 'Sheldon sits up straight in bed.', 'Sheldon sits up, looks around.', 'Sheldon sits up in his bed.']",Sheldon sits up and glances around.
2979,1038.031,tt1426233,1036.491,"['Penny looks at Leonard holding a blanket.', 'Leonard holds a blue blanket, Penny nearby.', 'Penny and Leonard hold matching blue blankets.', 'Leonard and Penny sit with blue blankets.', 'Penny and Leonard share a blue blanket.']","Clutching the blanket, Leonard nods."
2980,1081.798,tt1426233,1080.181,"['Penny opens the door and enters the room.', 'Penny steps into the room, looking around.', 'Penny enters the room, door creaking open.', 'Penny opens the door, revealing the room.', 'Penny walks into the room, door ajar.']",Penny closes the door and shakes her head.
2981,1087.752,tt1426233,1086.384,"['Penny looks at something.', 'Penny examines something closely.', 'Penny gazes at an object.', 'Penny focuses on a specific thing.', 'Penny studies something intently.']",She leans her head against the door.
2982,1096.304,tt1426233,1094.146,"['Sheldon and Leonard stand in front of the table.', 'Sheldon and Leonard enter the room together.', 'Sheldon and Leonard stand side by side.', 'Sheldon and Leonard stand at the table.', 'Sheldon and Leonard face each other at the table.']","Inside, Leonard glances into the kitchen freezer."
